PO No,PO Date,Vendor Code,Depot,Qty,Rate,PO Value,Created By,Approved By,Approver Role,Approved On,Amended On,Required By
PO/HYD/25-26/00001,2026-02-02 10:03,V0310,HYD,91917,9.96,915493.32,PUR-HYD-01,CFO-01,CFO,2026-02-03 10:02,,2026-03-02
PO/HYD/25-26/00002,2026-02-09 10:30,V0193,HYD,21,829.29,17415.09,PUR-HYD-03,DM-HYD,Depot Manager,2026-02-09 11:02,2026-02-14 10:18,2026-02-24
PO/VJA/25-26/00001,2026-02-14 10:50,V0361,VJA,9591,94.57,907020.87,PUR-VJA-02,FC-01,Finance Controller,2026-02-16 10:00,,2026-03-04
PO/VSP/25-26/00001,2026-02-23 10:02,V0007,VSP,7716,183.65,1417043.40,PUR-VSP-03,FC-01,Finance Controller,2026-02-24 10:13,,2026-03-11
PO/VJA/25-26/00002,2026-02-23 10:27,V0116,VJA,134,390.42,52316.28,PUR-VJA-02,DM-VJA,Depot Manager,2026-02-23 10:36,2026-02-26 10:14,2026-03-08
PO/BLR/25-26/00001,2026-02-25 15:20,V0323,BLR,885,1705.98,1509792.30,PUR-BLR-02,FC-01,Finance Controller,2026-02-26 10:26,,2026-03-20
PO/HBL/25-26/00001,2026-02-26 10:40,V0052,HBL,2401,601.55,1444321.55,PUR-HBL-03,CFO-01,CFO,2026-02-28 12:10,,2026-03-28
PO/VJA/25-26/00003,2026-02-26 10:44,V0456,VJA,3373,214.33,722935.09,PUR-VJA-01,CFO-01,CFO,2026-02-28 10:01,,2026-03-15
PO/HYD/25-26/00003,2026-02-26 15:01,V0228,HYD,1784,849.37,1515276.08,PUR-HYD-03,CFO-01,CFO,2026-03-02 10:14,,2026-03-27
PO/VJA/25-26/00004,2026-02-27 10:25,V0042,VJA,7203,210.56,1516663.68,PUR-VJA-02,CFO-01,CFO,2026-03-02 10:39,,2026-03-19
PO/HYD/25-26/00004,2026-02-27 11:16,V0311,HYD,50,761.33,38066.50,PUR-HYD-03,DM-HYD,Depot Manager,2026-02-28 10:36,2026-03-20 10:07,2026-03-27
PO/HYD/25-26/00005,2026-02-28 10:06,V0037,HYD,2404,8.54,20530.16,PUR-HYD-01,DM-HYD,Depot Manager,2026-03-02 10:46,2026-03-14 09:31,2026-03-23
PO/VJA/25-26/00005,2026-02-28 13:04,V0237,VJA,263,189.04,49717.52,PUR-VJA-02,DM-VJA,Depot Manager,2026-03-02 10:12,,2026-03-19
PO/HYD/25-26/00006,2026-03-02 10:04,V0019,HYD,2455,220.21,540615.55,PUR-HYD-02,CFO-01,CFO,2026-03-04 13:53,,2026-03-20
PO/VJA/25-26/00006,2026-03-02 10:09,V0256,VJA,22386,70.64,1581347.04,PUR-VJA-02,FC-01,Finance Controller,2026-03-03 11:55,,2026-03-19
PO/WGL/25-26/00001,2026-03-02 10:17,V0049,WGL,10017,85.56,857054.52,PUR-WGL-03,CFO-01,CFO,2026-03-03 10:30,,2026-04-01
PO/HBL/25-26/00002,2026-03-02 10:36,V0198,HBL,53600,14.52,778272.00,PUR-HBL-02,CFO-01,CFO,2026-03-03 10:06,,2026-03-22
PO/VSP/25-26/00002,2026-03-02 10:37,V0388,VSP,1350,8.04,10854.00,PUR-VSP-02,DM-VSP,Depot Manager,2026-03-02 12:31,2026-03-04 10:03,2026-04-01
PO/BLR/25-26/00002,2026-03-02 10:43,V0079,BLR,9375,168.72,1581750.00,PUR-BLR-02,FC-01,Finance Controller,2026-03-03 10:29,,2026-03-14
PO/HYD/25-26/00007,2026-03-02 15:59,V0388,HYD,9341,166.65,1556677.65,PUR-HYD-02,CFO-01,CFO,2026-03-05 14:07,,2026-03-24
PO/VJA/25-26/00007,2026-03-03 10:40,V0394,VJA,2987,330.78,988039.86,PUR-VJA-01,CFO-01,CFO,2026-03-06 10:14,,2026-03-29
PO/VJA/25-26/00008,2026-03-03 14:42,V0228,VJA,15960,43.57,695377.20,PUR-VJA-03,CFO-01,CFO,2026-03-05 10:26,,2026-03-11
PO/HYD/25-26/00008,2026-03-03 15:27,V0083,HYD,33101,45.04,1490869.04,PUR-HYD-03,CFO-01,CFO,2026-03-04 14:36,,2026-03-13
PO/HYD/25-26/00009,2026-03-04 10:04,V0487,HYD,77,672.87,51810.99,PUR-HYD-03,DM-HYD,Depot Manager,2026-03-04 15:41,2026-03-05 12:24,2026-03-17
PO/HYD/25-26/00010,2026-03-04 10:07,V0104,HYD,159496,8.23,1312652.08,PUR-HYD-01,FC-01,Finance Controller,2026-03-05 10:18,,2026-03-20
PO/HYD/25-26/00011,2026-03-04 10:11,V0130,HYD,626,952.69,596383.94,PUR-HYD-01,CFO-01,CFO,2026-03-06 14:34,,2026-03-24
PO/VJA/25-26/00009,2026-03-04 13:17,V0295,VJA,19,1218.82,23157.58,PUR-VJA-03,DM-VJA,Depot Manager,2026-03-05 10:12,2026-03-06 10:01,2026-03-22
PO/VSP/25-26/00003,2026-03-04 16:33,V0277,VSP,520,1304.41,678293.20,PUR-VSP-02,FC-01,Finance Controller,2026-03-06 11:24,,2026-03-17
PO/WGL/25-26/00002,2026-03-05 10:03,V0199,WGL,14626,76.15,1113769.90,PUR-WGL-03,CFO-01,CFO,2026-03-09 10:49,,2026-03-30
PO/VSP/25-26/00004,2026-03-05 10:18,V0364,VSP,8101,113.27,917600.27,PUR-VSP-02,CFO-01,CFO,2026-03-07 10:09,,2026-03-18
PO/HYD/25-26/00012,2026-03-05 16:15,V0089,HYD,3959,260.00,1029340.00,PUR-HYD-03,CFO-01,CFO,2026-03-09 10:34,,2026-03-29
PO/HYD/25-26/00013,2026-03-05 17:55,V0424,HYD,851,87.27,74266.77,PUR-HYD-02,DM-HYD,Depot Manager,2026-03-06 10:12,2026-03-09 18:02,2026-03-26
PO/VJA/25-26/00010,2026-03-06 10:13,V0330,VJA,279,37.09,10348.11,PUR-VJA-02,DM-VJA,Depot Manager,2026-03-07 10:34,2026-03-10 12:10,2026-04-04
PO/WGL/25-26/00003,2026-03-06 10:31,V0289,WGL,1105,104.62,115605.10,PUR-WGL-03,FC-01,Finance Controller,2026-03-07 10:04,2026-03-23 10:14,2026-03-27
PO/VJA/25-26/00011,2026-03-06 10:50,V0040,VJA,73,843.93,61606.89,PUR-VJA-03,DM-VJA,Depot Manager,2026-03-06 16:15,,2026-03-27
PO/HYD/25-26/00014,2026-03-07 09:49,V0464,HYD,1622,596.65,967766.30,PUR-HYD-01,CFO-01,CFO,2026-03-10 12:08,,2026-03-15
PO/HYD/25-26/00015,2026-03-07 10:01,V0368,HYD,540,1536.42,829666.80,PUR-HYD-01,CFO-01,CFO,2026-03-09 10:37,,2026-03-23
PO/BLR/25-26/00003,2026-03-07 10:16,V0276,BLR,20694,30.51,631373.94,PUR-BLR-02,CFO-01,CFO,2026-03-09 11:56,,2026-03-14
PO/VJA/25-26/00012,2026-03-07 10:34,V0089,VJA,2085,350.29,730354.65,PUR-VJA-03,CFO-01,CFO,2026-03-09 12:20,,2026-03-31
PO/VJA/25-26/00013,2026-03-07 14:20,V0011,VJA,17951,71.99,1292292.49,PUR-VJA-03,CFO-01,CFO,2026-03-09 10:36,,2026-03-26
PO/VSP/25-26/00005,2026-03-07 18:13,V0274,VSP,11,1621.34,17834.74,PUR-VSP-03,DM-VSP,Depot Manager,2026-03-09 10:13,2026-03-21 11:58,2026-04-02
PO/VJA/25-26/00014,2026-03-09 10:12,V0443,VJA,1631,516.19,841905.89,PUR-VJA-03,CFO-01,CFO,2026-03-11 10:08,,2026-03-30
PO/WGL/25-26/00004,2026-03-09 10:13,V0041,WGL,425,248.65,105676.25,PUR-WGL-01,FC-01,Finance Controller,2026-03-10 11:35,,2026-03-27
PO/BLR/25-26/00004,2026-03-09 10:20,V0473,BLR,23,692.62,15930.26,PUR-BLR-01,DM-BLR,Depot Manager,2026-03-09 11:33,,2026-03-16
PO/BLR/25-26/00005,2026-03-09 10:22,V0473,BLR,1226,545.88,669248.88,PUR-BLR-01,CFO-01,CFO,2026-03-11 10:22,,2026-03-17
PO/VJA/25-26/00015,2026-03-09 10:24,V0194,VJA,1436,1027.41,1475360.76,PUR-VJA-02,CFO-01,CFO,2026-03-11 17:44,,2026-04-06
PO/VJA/25-26/00016,2026-03-09 10:25,V0395,VJA,22033,24.99,550604.67,PUR-VJA-01,CFO-01,CFO,2026-03-11 10:09,,2026-03-28
PO/BLR/25-26/00006,2026-03-09 10:29,V0069,BLR,10410,58.88,612940.80,PUR-BLR-01,FC-01,Finance Controller,2026-03-09 13:17,,2026-04-07
PO/BLR/25-26/00007,2026-03-09 10:30,V0117,BLR,5646,126.71,715404.66,PUR-BLR-03,FC-01,Finance Controller,2026-03-10 10:41,,2026-03-31
PO/HYD/25-26/00016,2026-03-09 10:36,V0324,HYD,42,1074.61,45133.62,PUR-HYD-02,DM-HYD,Depot Manager,2026-03-09 11:40,,2026-03-25
PO/VJA/25-26/00017,2026-03-09 10:39,V0136,VJA,13643,42.65,581873.95,PUR-VJA-02,CFO-01,CFO,2026-03-10 17:49,,2026-04-07
PO/BLR/25-26/00008,2026-03-09 10:49,V0371,BLR,3594,279.39,1004127.66,PUR-BLR-02,CFO-01,CFO,2026-03-11 10:32,,2026-04-07
PO/VJA/25-26/00018,2026-03-09 11:44,V0445,VJA,764,64.23,49071.72,PUR-VJA-03,DM-VJA,Depot Manager,2026-03-10 10:18,,2026-03-27
PO/BLR/25-26/00009,2026-03-09 14:57,V0266,BLR,1398,854.69,1194856.62,PUR-BLR-01,CFO-01,CFO,2026-03-12 15:32,,2026-03-20
PO/HYD/25-26/00017,2026-03-10 10:19,V0437,HYD,8575,159.58,1368398.50,PUR-HYD-01,FC-01,Finance Controller,2026-03-11 10:20,,2026-03-24
PO/WGL/25-26/00005,2026-03-10 10:21,V0179,WGL,6098,27.12,165377.76,PUR-WGL-01,FC-01,Finance Controller,2026-03-12 10:38,,2026-04-08
PO/HYD/25-26/00018,2026-03-10 10:25,V0481,HYD,3730,40.94,152706.20,PUR-HYD-01,FC-01,Finance Controller,2026-03-10 10:33,2026-04-04 10:39,2026-04-06
PO/HYD/25-26/00019,2026-03-10 10:27,V0268,HYD,12520,68.20,853864.00,PUR-HYD-03,CFO-01,CFO,2026-03-13 10:12,,2026-03-26
PO/VJA/25-26/00019,2026-03-10 10:31,V0040,VJA,3179,260.14,826985.06,PUR-VJA-03,CFO-01,CFO,2026-03-10 15:56,,2026-04-05
PO/HBL/25-26/00003,2026-03-10 10:38,V0094,HBL,1142,31.21,35641.82,PUR-HBL-01,DM-HBL,Depot Manager,2026-03-11 10:20,2026-03-13 16:07,2026-03-19
PO/VJA/25-26/00020,2026-03-10 11:06,V0179,VJA,426,173.20,73783.20,PUR-VJA-01,DM-VJA,Depot Manager,2026-03-11 10:39,,2026-03-18
PO/VJA/25-26/00021,2026-03-10 16:29,V0138,VJA,635,1771.82,1125105.70,PUR-VJA-01,CFO-01,CFO,2026-03-12 10:49,,2026-03-29
PO/WGL/25-26/00006,2026-03-10 18:32,V0097,WGL,20,1012.51,20250.20,PUR-WGL-02,DM-WGL,Depot Manager,2026-03-11 10:48,2026-03-23 10:43,2026-04-01
PO/BLR/25-26/00010,2026-03-11 09:47,V0090,BLR,7936,109.87,871928.32,PUR-BLR-01,CFO-01,CFO,2026-03-14 13:09,,2026-03-25
PO/BLR/25-26/00011,2026-03-11 09:57,V0058,BLR,34717,42.85,1487623.45,PUR-BLR-03,CFO-01,CFO,2026-03-13 10:26,,2026-04-07
PO/BLR/25-26/00012,2026-03-11 10:03,V0097,BLR,205,1429.99,293147.95,PUR-BLR-02,FC-01,Finance Controller,2026-03-12 10:06,2026-03-26 13:30,2026-03-20
PO/HYD/25-26/00020,2026-03-11 10:08,V0111,HYD,4130,234.54,968650.20,PUR-HYD-02,CFO-01,CFO,2026-03-14 12:52,,2026-04-05
PO/HYD/25-26/00021,2026-03-11 10:46,V0245,HYD,1404,134.29,188543.16,PUR-HYD-01,FC-01,Finance Controller,2026-03-11 11:12,,2026-04-04
PO/HBL/25-26/00004,2026-03-12 10:04,V0175,HBL,307,546.79,167864.53,PUR-HBL-03,FC-01,Finance Controller,2026-03-12 10:49,2026-03-12 22:18,2026-04-04
PO/VJA/25-26/00022,2026-03-12 10:04,V0147,VJA,402,1678.12,674604.24,PUR-VJA-03,CFO-01,CFO,2026-03-14 13:29,,2026-03-20
PO/VJA/25-26/00023,2026-03-12 10:15,V0180,VJA,511,1430.30,730883.30,PUR-VJA-01,FC-01,Finance Controller,2026-03-12 18:40,,2026-03-26
PO/VSP/25-26/00006,2026-03-12 10:26,V0225,VSP,1884,397.87,749587.08,PUR-VSP-01,CFO-01,CFO,2026-03-16 10:25,,2026-03-29
PO/HYD/25-26/00022,2026-03-12 10:40,V0445,HYD,46552,15.63,727607.76,PUR-HYD-02,CFO-01,CFO,2026-03-13 10:36,,2026-04-06
PO/HYD/25-26/00023,2026-03-12 10:41,V0185,HYD,1910,55.27,105565.70,PUR-HYD-02,FC-01,Finance Controller,2026-03-13 10:00,,2026-04-10
PO/BLR/25-26/00013,2026-03-12 10:46,V0017,BLR,508,117.69,59786.52,PUR-BLR-01,DM-BLR,Depot Manager,2026-03-12 10:47,2026-03-16 10:18,2026-03-19
PO/WGL/25-26/00007,2026-03-12 11:04,V0345,WGL,18970,29.15,552975.50,PUR-WGL-03,CFO-01,CFO,2026-03-16 10:34,,2026-03-26
PO/VSP/25-26/00007,2026-03-12 12:46,V0005,VSP,2678,304.79,816227.62,PUR-VSP-01,CFO-01,CFO,2026-03-16 10:13,,2026-03-22
PO/WGL/25-26/00008,2026-03-12 13:26,V0457,WGL,3050,8.92,27206.00,PUR-WGL-01,DM-WGL,Depot Manager,2026-03-13 10:14,2026-03-19 16:41,2026-03-19
PO/WGL/25-26/00009,2026-03-12 18:33,V0114,WGL,4571,120.33,550028.43,PUR-WGL-02,CFO-01,CFO,2026-03-16 10:11,,2026-03-26
PO/HYD/25-26/00024,2026-03-13 10:12,V0436,HYD,11445,115.07,1316976.15,PUR-HYD-01,CFO-01,CFO,2026-03-16 10:30,,2026-03-26
PO/HYD/25-26/00025,2026-03-13 10:16,V0027,HYD,56828,17.59,999604.52,PUR-HYD-03,CFO-01,CFO,2026-03-16 10:42,,2026-04-01
PO/BLR/25-26/00014,2026-03-13 10:24,V0425,BLR,1394,615.82,858453.08,PUR-BLR-02,CFO-01,CFO,2026-03-14 15:30,,2026-03-30
PO/HYD/25-26/00026,2026-03-13 10:27,V0049,HYD,18830,11.20,210896.00,PUR-HYD-02,FC-01,Finance Controller,2026-03-14 10:18,2026-03-23 18:42,2026-04-09
PO/HBL/25-26/00005,2026-03-13 10:37,V0155,HBL,6287,40.05,251794.35,PUR-HBL-02,FC-01,Finance Controller,2026-03-14 12:28,,2026-04-12
PO/HYD/25-26/00027,2026-03-13 10:49,V0178,HYD,26,605.29,15737.54,PUR-HYD-02,DM-HYD,Depot Manager,2026-03-14 10:36,2026-03-28 10:22,2026-03-28
PO/HYD/25-26/00028,2026-03-13 11:48,V0469,HYD,860,13.37,11498.20,PUR-HYD-01,DM-HYD,Depot Manager,2026-03-14 10:12,2026-03-16 10:01,2026-03-31
PO/HYD/25-26/00029,2026-03-13 11:51,V0017,HYD,82161,17.17,1410704.37,PUR-HYD-03,CFO-01,CFO,2026-03-16 10:38,,2026-04-11
PO/HYD/25-26/00030,2026-03-13 13:56,V0498,HYD,9904,100.55,995847.20,PUR-HYD-01,CFO-01,CFO,2026-03-16 10:38,,2026-03-25
PO/BLR/25-26/00015,2026-03-13 15:34,V0327,BLR,20044,71.26,1428335.44,PUR-BLR-01,CFO-01,CFO,2026-03-16 10:48,,2026-04-05
PO/HYD/25-26/00031,2026-03-14 09:56,V0332,HYD,28598,25.73,735826.54,PUR-HYD-03,CFO-01,CFO,2026-03-16 16:39,,2026-04-03
PO/HYD/25-26/00032,2026-03-14 10:05,V0328,HYD,2357,608.42,1434045.94,PUR-HYD-03,CFO-01,CFO,2026-03-16 10:07,,2026-04-12
PO/HYD/25-26/00033,2026-03-14 10:09,V0490,HYD,3729,334.39,1246940.31,PUR-HYD-03,CFO-01,CFO,2026-03-16 10:12,,2026-04-13
PO/VJA/25-26/00024,2026-03-14 10:11,V0273,VJA,6791,215.40,1462781.40,PUR-VJA-02,CFO-01,CFO,2026-03-16 10:16,,2026-04-12
PO/HYD/25-26/00034,2026-03-14 10:22,V0481,HYD,23076,30.36,700587.36,PUR-HYD-03,FC-01,Finance Controller,2026-03-14 14:34,,2026-03-22
PO/HYD/25-26/00035,2026-03-14 10:23,V0179,HYD,509,32.07,16323.63,PUR-HYD-01,DM-HYD,Depot Manager,2026-03-14 15:17,,2026-04-05
PO/BLR/25-26/00016,2026-03-14 10:27,V0001,BLR,135,205.96,27804.60,PUR-BLR-01,DM-BLR,Depot Manager,2026-03-14 10:35,2026-03-28 10:13,2026-04-13
PO/HYD/25-26/00036,2026-03-14 10:48,V0361,HYD,37328,40.83,1524102.24,PUR-HYD-03,CFO-01,CFO,2026-03-17 13:47,,2026-04-02
PO/WGL/25-26/00010,2026-03-14 10:49,V0358,WGL,148,577.54,85475.92,PUR-WGL-02,DM-WGL,Depot Manager,2026-03-14 16:51,2026-03-27 17:49,2026-03-22
PO/HYD/25-26/00037,2026-03-14 10:49,V0341,HYD,27855,21.59,601389.45,PUR-HYD-01,CFO-01,CFO,2026-03-16 10:34,,2026-04-13
PO/HYD/25-26/00038,2026-03-14 10:50,V0226,HYD,11579,84.48,978193.92,PUR-HYD-03,CFO-01,CFO,2026-03-16 10:40,,2026-04-05
PO/VJA/25-26/00025,2026-03-14 14:56,V0020,VJA,826,1630.97,1347181.22,PUR-VJA-03,CFO-01,CFO,2026-03-17 10:29,,2026-04-08
PO/BLR/25-26/00017,2026-03-14 16:22,V0222,BLR,3127,232.07,725682.89,PUR-BLR-03,CFO-01,CFO,2026-03-17 14:25,,2026-03-22
PO/HBL/25-26/00006,2026-03-14 16:35,V0019,HBL,63600,12.52,796272.00,PUR-HBL-01,CFO-01,CFO,2026-03-17 10:29,,2026-04-11
PO/HYD/25-26/00039,2026-03-14 18:08,V0027,HYD,1496,387.80,580148.80,PUR-HYD-01,CFO-01,CFO,2026-03-17 17:15,,2026-04-01
PO/VSP/25-26/00008,2026-03-16 10:01,V0080,VSP,1139,73.21,83386.19,PUR-VSP-01,DM-VSP,Depot Manager,2026-03-16 10:27,2026-03-21 10:49,2026-03-26
PO/HYD/25-26/00040,2026-03-16 10:01,V0298,HYD,5397,179.58,969193.26,PUR-HYD-01,CFO-01,CFO,2026-03-18 10:07,,2026-03-27
PO/HYD/25-26/00041,2026-03-16 10:01,V0452,HYD,17296,50.71,877080.16,PUR-HYD-01,CFO-01,CFO,2026-03-18 10:35,,2026-03-29
PO/HYD/25-26/00042,2026-03-16 10:01,V0086,HYD,95,646.45,61412.75,PUR-HYD-02,DM-HYD,Depot Manager,2026-03-16 10:31,,2026-04-10
PO/HYD/25-26/00043,2026-03-16 10:03,V0172,HYD,13702,42.42,581238.84,PUR-HYD-02,CFO-01,CFO,2026-03-18 15:39,,2026-04-07
PO/BLR/25-26/00018,2026-03-16 10:04,V0183,BLR,176,439.41,77336.16,PUR-BLR-01,DM-BLR,Depot Manager,2026-03-16 13:05,,2026-03-30
PO/VSP/25-26/00009,2026-03-16 10:04,V0452,VSP,8369,177.37,1484409.53,PUR-VSP-01,CFO-01,CFO,2026-03-18 10:41,,2026-04-04
PO/WGL/25-26/00011,2026-03-16 10:06,V0003,WGL,549,1265.27,694633.23,PUR-WGL-02,CFO-01,CFO,2026-03-18 11:01,,2026-03-29
PO/VSP/25-26/00010,2026-03-16 10:14,V0008,VSP,4319,120.91,522210.29,PUR-VSP-01,CFO-01,CFO,2026-03-19 10:42,,2026-04-08
PO/HYD/25-26/00044,2026-03-16 10:15,V0480,HYD,4185,182.62,764264.70,PUR-HYD-02,CFO-01,CFO,2026-03-18 10:56,,2026-04-11
PO/VSP/25-26/00011,2026-03-16 10:18,V0239,VSP,703,176.44,124037.32,PUR-VSP-03,FC-01,Finance Controller,2026-03-16 10:42,,2026-04-11
PO/HBL/25-26/00007,2026-03-16 10:21,V0159,HBL,4418,10.67,47140.06,PUR-HBL-02,DM-HBL,Depot Manager,2026-03-16 13:51,2026-03-21 13:23,2026-04-08
PO/BLR/25-26/00019,2026-03-16 10:21,V0023,BLR,6620,124.96,827235.20,PUR-BLR-01,CFO-01,CFO,2026-03-17 15:52,,2026-04-10
PO/HYD/25-26/00045,2026-03-16 10:30,V0209,HYD,3907,10.96,42820.72,PUR-HYD-03,DM-HYD,Depot Manager,2026-03-16 18:17,2026-03-23 10:06,2026-03-28
PO/HYD/25-26/00046,2026-03-16 10:32,V0288,HYD,2249,656.91,1477390.59,PUR-HYD-01,CFO-01,CFO,2026-03-17 10:47,,2026-03-28
PO/HBL/25-26/00008,2026-03-16 10:42,V0026,HBL,974,326.10,317621.40,PUR-HBL-02,FC-01,Finance Controller,2026-03-17 10:31,2026-03-20 18:35,2026-04-01
PO/VJA/25-26/00026,2026-03-16 10:45,V0158,VJA,44253,13.38,592105.14,PUR-VJA-03,CFO-01,CFO,2026-03-19 10:02,,2026-04-04
PO/HYD/25-26/00047,2026-03-16 10:47,V0027,HYD,4354,16.93,73713.22,PUR-HYD-03,DM-HYD,Depot Manager,2026-03-16 11:11,,2026-04-14
PO/HYD/25-26/00048,2026-03-16 10:48,V0422,HYD,1060,46.74,49544.40,PUR-HYD-01,DM-HYD,Depot Manager,2026-03-16 11:39,2026-04-02 17:08,2026-03-31
PO/HYD/25-26/00049,2026-03-16 10:49,V0176,HYD,117196,11.58,1357129.68,PUR-HYD-01,CFO-01,CFO,2026-03-18 10:03,,2026-03-26
PO/HYD/25-26/00050,2026-03-16 10:49,V0019,HYD,13456,106.20,1429027.20,PUR-HYD-03,CFO-01,CFO,2026-03-18 10:26,,2026-04-06
PO/VJA/25-26/00027,2026-03-16 10:53,V0207,VJA,127,476.44,60507.88,PUR-VJA-02,DM-VJA,Depot Manager,2026-03-16 15:44,2026-03-30 10:44,2026-03-29
PO/BLR/25-26/00020,2026-03-16 14:10,V0452,BLR,712,397.67,283141.04,PUR-BLR-02,FC-01,Finance Controller,2026-03-17 10:15,,2026-03-30
PO/BLR/25-26/00021,2026-03-16 14:22,V0148,BLR,3430,385.32,1321647.60,PUR-BLR-02,FC-01,Finance Controller,2026-03-17 10:09,,2026-04-15
PO/VSP/25-26/00012,2026-03-16 16:01,V0040,VSP,5488,10.82,59380.16,PUR-VSP-02,DM-VSP,Depot Manager,2026-03-17 10:14,,2026-04-15
PO/HYD/25-26/00051,2026-03-16 16:05,V0361,HYD,72108,20.01,1442881.08,PUR-HYD-02,FC-01,Finance Controller,2026-03-18 10:24,,2026-04-08
PO/HYD/25-26/00052,2026-03-16 16:16,V0176,HYD,2794,522.21,1459054.74,PUR-HYD-03,CFO-01,CFO,2026-03-18 10:15,,2026-03-26
PO/BLR/25-26/00022,2026-03-17 10:06,V0076,BLR,73119,19.34,1414121.46,PUR-BLR-03,FC-01,Finance Controller,2026-03-18 10:35,,2026-04-05
PO/HYD/25-26/00053,2026-03-17 10:21,V0175,HYD,4144,11.09,45956.96,PUR-HYD-02,DM-HYD,Depot Manager,2026-03-17 12:30,2026-03-19 09:47,
PO/HBL/25-26/00009,2026-03-17 10:22,V0191,HBL,425,81.46,34620.50,PUR-HBL-01,DM-HBL,Depot Manager,2026-03-18 10:33,2026-03-19 10:50,2026-03-24
PO/HYD/25-26/00054,2026-03-17 10:25,V0175,HYD,518,1095.48,567458.64,PUR-HYD-02,CFO-01,CFO,2026-03-20 10:20,,2026-03-28
PO/WGL/25-26/00012,2026-03-17 10:30,V0009,WGL,44685,29.21,1305248.85,PUR-WGL-03,CFO-01,CFO,2026-03-20 10:16,,2026-04-03
PO/BLR/25-26/00023,2026-03-17 10:32,V0163,BLR,38,489.39,18596.82,PUR-BLR-03,DM-BLR,Depot Manager,2026-03-17 10:41,2026-03-18 10:07,2026-04-02
PO/BLR/25-26/00024,2026-03-17 10:32,V0290,BLR,44,1690.87,74398.28,PUR-BLR-02,DM-BLR,Depot Manager,2026-03-17 14:42,2026-03-23 18:58,2026-03-26
PO/BLR/25-26/00025,2026-03-17 10:34,V0425,BLR,13,859.67,11175.71,PUR-BLR-03,DM-BLR,Depot Manager,2026-03-18 10:43,2026-03-30 10:46,2026-04-01
PO/VSP/25-26/00013,2026-03-17 10:34,V0256,VSP,1697,313.85,532603.45,PUR-VSP-01,CFO-01,CFO,2026-03-19 10:21,,2026-04-03
PO/HYD/25-26/00055,2026-03-17 12:02,V0461,HYD,13026,95.22,1240335.72,PUR-HYD-03,CFO-01,CFO,2026-03-18 13:57,,2026-03-25
PO/HYD/25-26/00056,2026-03-17 13:21,V0397,HYD,18048,42.24,762347.52,PUR-HYD-03,CFO-01,CFO,2026-03-20 10:31,,2026-04-11
PO/VJA/25-26/00028,2026-03-17 17:13,V0332,VJA,2782,299.50,833209.00,PUR-VJA-02,CFO-01,CFO,2026-03-19 10:09,,2026-04-15
PO/HBL/25-26/00010,2026-03-17 17:47,V0224,HBL,7639,124.86,953805.54,PUR-HBL-01,CFO-01,CFO,2026-03-20 13:05,,2026-04-03
PO/BLR/25-26/00026,2026-03-18 10:00,V0063,BLR,76394,15.14,1156605.16,PUR-BLR-02,FC-01,Finance Controller,2026-03-18 10:30,,2026-04-08
PO/VJA/25-26/00029,2026-03-18 10:03,V0226,VJA,25520,25.60,653312.00,PUR-VJA-01,FC-01,Finance Controller,2026-03-19 10:33,,2026-04-06
PO/HYD/25-26/00057,2026-03-18 10:05,V0150,HYD,30089,17.95,540097.55,PUR-HYD-01,CFO-01,CFO,2026-03-20 14:00,,2026-04-13
PO/VSP/25-26/00014,2026-03-18 10:10,V0424,VSP,25,615.68,15392.00,PUR-VSP-02,DM-VSP,Depot Manager,2026-03-18 12:04,,2026-04-13
PO/HYD/25-26/00058,2026-03-18 10:10,V0347,HYD,11057,116.08,1283496.56,PUR-HYD-03,CFO-01,CFO,2026-03-19 10:23,,2026-04-09
PO/BLR/25-26/00027,2026-03-18 10:18,V0388,BLR,35029,34.61,1212353.69,PUR-BLR-02,CFO-01,CFO,2026-03-21 10:14,,2026-03-28
PO/VJA/25-26/00030,2026-03-18 10:19,V0079,VJA,48565,17.16,833375.40,PUR-VJA-03,CFO-01,CFO,2026-03-19 10:02,,2026-04-14
PO/WGL/25-26/00013,2026-03-18 10:24,V0058,WGL,87,116.09,10099.83,PUR-WGL-02,DM-WGL,Depot Manager,2026-03-18 17:35,2026-03-30 11:15,2026-04-12
PO/HYD/25-26/00059,2026-03-18 10:25,V0440,HYD,27471,10.97,301356.87,PUR-HYD-01,FC-01,Finance Controller,2026-03-19 15:09,2026-03-23 10:36,2026-04-11
PO/HYD/25-26/00060,2026-03-18 10:25,V0380,HYD,3265,70.08,228811.20,PUR-HYD-01,FC-01,Finance Controller,2026-03-20 10:15,,2026-03-28
PO/BLR/25-26/00028,2026-03-18 10:30,V0064,BLR,949,13.45,12764.05,PUR-BLR-02,DM-BLR,Depot Manager,2026-03-18 11:09,2026-03-20 18:44,2026-04-17
PO/HYD/25-26/00061,2026-03-18 10:37,V0449,HYD,89,551.20,49056.80,PUR-HYD-01,DM-HYD,Depot Manager,2026-03-18 10:54,2026-03-23 09:46,2026-04-04
PO/HBL/25-26/00011,2026-03-18 10:42,V0256,HBL,555,1186.18,658329.90,PUR-HBL-01,CFO-01,CFO,2026-03-21 10:23,,2026-04-04
PO/BLR/25-26/00029,2026-03-18 10:44,V0439,BLR,110539,9.41,1040171.99,PUR-BLR-01,CFO-01,CFO,2026-03-20 10:16,,2026-04-05
PO/BLR/25-26/00030,2026-03-18 10:47,V0157,BLR,3568,319.46,1139833.28,PUR-BLR-03,FC-01,Finance Controller,2026-03-18 16:28,,2026-04-01
PO/VJA/25-26/00031,2026-03-18 10:51,V0158,VJA,576,1270.31,731698.56,PUR-VJA-02,CFO-01,CFO,2026-03-20 16:47,,2026-04-16
PO/HYD/25-26/00062,2026-03-18 11:28,V0479,HYD,6512,115.69,753373.28,PUR-HYD-03,CFO-01,CFO,2026-03-19 14:17,,2026-03-28
PO/WGL/25-26/00014,2026-03-18 11:33,V0053,WGL,12974,59.09,766633.66,PUR-WGL-02,CFO-01,CFO,2026-03-21 18:10,,2026-04-07
PO/VSP/25-26/00015,2026-03-18 12:31,V0340,VSP,15,1216.31,18244.65,PUR-VSP-03,DM-VSP,Depot Manager,2026-03-19 10:25,2026-03-28 10:15,2026-04-10
PO/HYD/25-26/00063,2026-03-18 17:25,V0461,HYD,32197,8.67,279147.99,PUR-HYD-01,FC-01,Finance Controller,2026-03-19 17:25,2026-03-31 10:25,2026-04-10
PO/VJA/25-26/00032,2026-03-18 17:30,V0411,VJA,1712,90.90,155620.80,PUR-VJA-03,FC-01,Finance Controller,2026-03-19 10:34,2026-03-20 17:41,2026-04-11
PO/HYD/25-26/00064,2026-03-18 17:35,V0094,HYD,18470,30.11,556131.70,PUR-HYD-01,CFO-01,CFO,2026-03-20 15:39,,2026-04-10
PO/HYD/25-26/00065,2026-03-18 18:56,V0472,HYD,42902,16.78,719895.56,PUR-HYD-03,CFO-01,CFO,2026-03-21 10:03,,2026-04-13
PO/VJA/25-26/00033,2026-03-19 10:02,V0165,VJA,10042,118.86,1193592.12,PUR-VJA-02,CFO-01,CFO,2026-03-21 10:33,,2026-03-31
PO/HYD/25-26/00066,2026-03-19 10:03,V0430,HYD,1747,491.78,859139.66,PUR-HYD-02,CFO-01,CFO,2026-03-20 10:21,,2026-04-13
PO/BLR/25-26/00031,2026-03-19 10:12,V0426,BLR,177,679.46,120264.42,PUR-BLR-02,FC-01,Finance Controller,2026-03-20 16:32,2026-03-26 10:42,2026-04-05
PO/VSP/25-26/00016,2026-03-19 10:12,V0240,VSP,1385,434.69,602045.65,PUR-VSP-01,FC-01,Finance Controller,2026-03-19 16:05,,2026-03-31
PO/HYD/25-26/00067,2026-03-19 10:16,V0057,HYD,54359,23.70,1288308.30,PUR-HYD-02,CFO-01,CFO,2026-03-20 09:45,,2026-03-27
PO/VSP/25-26/00017,2026-03-19 10:17,V0302,VSP,12073,45.12,544733.76,PUR-VSP-02,CFO-01,CFO,2026-03-23 10:07,,2026-04-02
PO/HYD/25-26/00068,2026-03-19 10:18,V0353,HYD,50,533.55,26677.50,PUR-HYD-01,DM-HYD,Depot Manager,2026-03-19 14:46,2026-04-02 12:24,2026-04-12
PO/VJA/25-26/00034,2026-03-19 10:21,V0310,VJA,34869,40.21,1402082.49,PUR-VJA-01,CFO-01,CFO,2026-03-23 10:49,,2026-04-04
PO/HYD/25-26/00069,2026-03-19 10:25,V0136,HYD,8042,25.86,207966.12,PUR-HYD-02,FC-01,Finance Controller,2026-03-20 10:30,,2026-04-13
PO/HBL/25-26/00012,2026-03-19 10:26,V0042,HBL,1265,1230.08,1556051.20,PUR-HBL-03,CFO-01,CFO,2026-03-20 10:05,,2026-04-18
PO/VJA/25-26/00035,2026-03-19 10:32,V0223,VJA,3988,39.54,157685.52,PUR-VJA-03,FC-01,Finance Controller,2026-03-20 10:11,2026-03-24 13:19,2026-04-07
PO/HYD/25-26/00070,2026-03-19 10:34,V0241,HYD,19720,56.32,1110630.40,PUR-HYD-01,CFO-01,CFO,2026-03-23 10:13,,2026-04-05
PO/BLR/25-26/00032,2026-03-19 10:36,V0043,BLR,393,39.01,15330.93,PUR-BLR-02,DM-BLR,Depot Manager,2026-03-19 10:39,,2026-04-04
PO/BLR/25-26/00033,2026-03-19 10:38,V0142,BLR,1239,558.50,691981.50,PUR-BLR-02,CFO-01,CFO,2026-03-21 10:31,,2026-04-11
PO/HBL/25-26/00013,2026-03-19 10:47,V0080,HBL,1163,8.06,9373.78,PUR-HBL-02,DM-HBL,Depot Manager,2026-03-19 13:48,2026-03-25 10:03,2026-04-03
PO/HYD/25-26/00071,2026-03-19 11:01,V0048,HYD,1558,601.44,937043.52,PUR-HYD-03,CFO-01,CFO,2026-03-21 16:11,,2026-04-04
PO/VJA/25-26/00036,2026-03-19 11:40,V0381,VJA,837,157.67,131969.79,PUR-VJA-03,FC-01,Finance Controller,2026-03-20 17:09,,2026-04-05
PO/VJA/25-26/00037,2026-03-19 12:17,V0091,VJA,633,1229.78,778450.74,PUR-VJA-01,FC-01,Finance Controller,2026-03-21 11:24,,2026-04-13
PO/HYD/25-26/00072,2026-03-19 12:25,V0232,HYD,70763,10.76,761409.88,PUR-HYD-01,CFO-01,CFO,2026-03-20 18:58,,2026-04-06
PO/VJA/25-26/00038,2026-03-19 13:38,V0149,VJA,20948,42.31,886309.88,PUR-VJA-02,CFO-01,CFO,2026-03-20 13:34,,2026-03-31
PO/BLR/25-26/00034,2026-03-19 14:41,V0157,BLR,39,267.99,10451.61,PUR-BLR-03,DM-BLR,Depot Manager,2026-03-20 10:00,2026-04-03 10:46,2026-03-27
PO/VJA/25-26/00039,2026-03-19 14:49,V0027,VJA,23106,8.22,189931.32,PUR-VJA-01,FC-01,Finance Controller,2026-03-20 14:59,2026-03-27 18:25,2026-03-29
PO/HBL/25-26/00014,2026-03-19 14:52,V0151,HBL,3929,14.88,58463.52,PUR-HBL-03,DM-HBL,Depot Manager,2026-03-20 10:02,2026-03-28 10:49,2026-04-03
PO/HBL/25-26/00015,2026-03-19 18:39,V0394,HBL,123,168.87,20771.01,PUR-HBL-02,DM-HBL,Depot Manager,2026-03-20 10:05,2026-03-21 10:40,2026-03-31
PO/BLR/25-26/00035,2026-03-20 10:01,V0422,BLR,16787,10.14,170220.18,PUR-BLR-03,FC-01,Finance Controller,2026-03-20 11:07,2026-03-24 10:22,2026-04-11
PO/VJA/25-26/00040,2026-03-20 10:03,V0038,VJA,2993,57.80,172995.40,PUR-VJA-01,FC-01,Finance Controller,2026-03-20 16:30,2026-03-24 10:31,2026-04-06
PO/VJA/25-26/00041,2026-03-20 10:04,V0464,VJA,118,439.79,51895.22,PUR-VJA-01,DM-VJA,Depot Manager,2026-03-20 12:30,2026-03-27 10:06,2026-03-28
PO/HYD/25-26/00073,2026-03-20 10:04,V0030,HYD,6581,119.22,784586.82,PUR-HYD-01,CFO-01,CFO,2026-03-23 10:27,,2026-04-08
PO/VJA/25-26/00042,2026-03-20 10:05,V0473,VJA,1107,1147.44,1270216.08,PUR-VJA-02,CFO-01,CFO,2026-03-20 14:56,,2026-04-17
PO/VSP/25-26/00018,2026-03-20 10:13,V0141,VSP,916,1439.67,1318737.72,PUR-VSP-02,CFO-01,CFO,2026-03-23 10:33,,2026-03-31
PO/VSP/25-26/00019,2026-03-20 10:18,V0031,VSP,28534,22.48,641444.32,PUR-VSP-01,CFO-01,CFO,2026-03-23 10:45,,2026-04-07
PO/VSP/25-26/00020,2026-03-20 10:19,V0479,VSP,604,17.48,10557.92,PUR-VSP-02,DM-VSP,Depot Manager,2026-03-20 13:33,2026-03-25 14:55,2026-04-15
PO/HYD/25-26/00074,2026-03-20 10:19,V0445,HYD,4461,178.21,794994.81,PUR-HYD-01,FC-01,Finance Controller,2026-03-23 10:08,,2026-04-06
PO/BLR/25-26/00036,2026-03-20 10:20,V0417,BLR,92061,17.36,1598178.96,PUR-BLR-03,CFO-01,CFO,2026-03-21 10:05,,2026-04-10
PO/VJA/25-26/00043,2026-03-20 10:24,V0082,VJA,1166,645.42,752559.72,PUR-VJA-01,CFO-01,CFO,2026-03-23 10:15,,2026-04-16
PO/WGL/25-26/00015,2026-03-20 10:25,V0023,WGL,277,152.22,42164.94,PUR-WGL-01,DM-WGL,Depot Manager,2026-03-21 10:01,,2026-04-02
PO/VJA/25-26/00044,2026-03-20 10:25,V0224,VJA,3030,172.33,522159.90,PUR-VJA-03,CFO-01,CFO,2026-03-23 13:45,,2026-04-10
PO/HYD/25-26/00075,2026-03-20 10:29,V0081,HYD,6811,188.27,1282306.97,PUR-HYD-02,FC-01,Finance Controller,2026-03-21 10:38,,2026-04-10
PO/HYD/25-26/00076,2026-03-20 10:35,V0180,HYD,6333,124.85,790675.05,PUR-HYD-01,CFO-01,CFO,2026-03-23 10:39,,2026-03-31
PO/VJA/25-26/00045,2026-03-20 10:37,V0432,VJA,447,1422.56,635884.32,PUR-VJA-01,CFO-01,CFO,2026-03-23 10:02,,
PO/VJA/25-26/00046,2026-03-20 10:38,V0163,VJA,125157,9.63,1205261.91,PUR-VJA-02,CFO-01,CFO,2026-03-23 10:23,,2026-04-15
PO/HYD/25-26/00077,2026-03-20 10:42,V0300,HYD,5383,170.16,915971.28,PUR-HYD-01,FC-01,Finance Controller,2026-03-21 10:06,,2026-04-18
PO/HYD/25-26/00078,2026-03-20 10:46,V0240,HYD,5479,216.40,1185655.60,PUR-HYD-02,CFO-01,CFO,2026-03-21 10:23,,2026-03-30
PO/HYD/25-26/00079,2026-03-20 10:47,V0027,HYD,642,1601.25,1028002.50,PUR-HYD-02,CFO-01,CFO,2026-03-23 17:36,,2026-04-14
PO/HBL/25-26/00016,2026-03-20 14:40,V0353,HBL,10569,89.53,946242.57,PUR-HBL-03,CFO-01,CFO,2026-03-23 15:10,,2026-03-29
PO/BLR/25-26/00037,2026-03-20 15:07,V0349,BLR,7357,90.92,668898.44,PUR-BLR-02,CFO-01,CFO,2026-03-21 18:39,,2026-04-09
PO/HYD/25-26/00080,2026-03-20 15:10,V0121,HYD,167,275.12,45945.04,PUR-HYD-01,DM-HYD,Depot Manager,2026-03-21 10:35,2026-03-24 11:30,2026-04-12
PO/VJA/25-26/00047,2026-03-20 17:06,V0086,VJA,1002,74.91,75059.82,PUR-VJA-03,DM-VJA,Depot Manager,2026-03-21 10:15,2026-04-02 12:07,2026-03-31
PO/HYD/25-26/00081,2026-03-20 17:54,V0400,HYD,827,636.08,526038.16,PUR-HYD-02,CFO-01,CFO,2026-03-23 10:41,,2026-04-10
PO/HYD/25-26/00082,2026-03-20 18:42,V0048,HYD,17139,33.72,577927.08,PUR-HYD-03,CFO-01,CFO,2026-03-23 10:05,,2026-04-08
PO/WGL/25-26/00016,2026-03-20 18:46,V0207,WGL,3842,297.35,1142418.70,PUR-WGL-03,CFO-01,CFO,2026-03-23 10:09,,2026-04-19
PO/HYD/25-26/00083,2026-03-21 10:05,V0080,HYD,3904,167.34,653295.36,PUR-HYD-01,CFO-01,CFO,2026-03-24 10:08,,2026-04-17
PO/HBL/25-26/00017,2026-03-21 10:06,V0377,HBL,37,1021.45,37793.65,PUR-HBL-03,DM-HBL,Depot Manager,2026-03-23 10:18,2026-03-25 14:32,2026-04-18
PO/VSP/25-26/00021,2026-03-21 10:08,V0404,VSP,15,1126.82,16902.30,PUR-VSP-02,DM-VSP,Depot Manager,2026-03-21 18:04,2026-03-26 10:41,2026-04-12
PO/BLR/25-26/00038,2026-03-21 10:09,V0137,BLR,1772,30.62,54258.64,PUR-BLR-03,DM-BLR,Depot Manager,2026-03-21 10:18,2026-04-04 10:45,2026-04-03
PO/HYD/25-26/00084,2026-03-21 10:09,V0058,HYD,842,878.92,740050.64,PUR-HYD-01,FC-01,Finance Controller,2026-03-23 10:37,,2026-03-29
PO/BLR/25-26/00039,2026-03-21 10:09,V0388,BLR,15011,65.30,980218.30,PUR-BLR-01,CFO-01,CFO,2026-03-24 10:03,,2026-03-29
PO/WGL/25-26/00017,2026-03-21 10:12,V0041,WGL,9205,143.18,1317971.90,PUR-WGL-02,CFO-01,CFO,2026-03-23 10:47,,2026-04-02
PO/HYD/25-26/00085,2026-03-21 10:20,V0029,HYD,1697,882.10,1496923.70,PUR-HYD-02,CFO-01,CFO,2026-03-23 10:20,,2026-04-12
PO/HYD/25-26/00086,2026-03-21 10:21,V0225,HYD,5939,172.39,1023824.21,PUR-HYD-01,CFO-01,CFO,2026-03-24 10:41,,2026-04-05
PO/VSP/25-26/00022,2026-03-21 10:32,V0357,VSP,18225,9.23,168216.75,PUR-VSP-02,FC-01,Finance Controller,2026-03-23 10:12,2026-04-04 10:04,2026-04-15
PO/HYD/25-26/00087,2026-03-21 10:47,V0183,HYD,41,434.04,17795.64,PUR-HYD-02,DM-HYD,Depot Manager,2026-03-21 12:33,2026-04-06 12:38,2026-04-02
PO/BLR/25-26/00040,2026-03-21 10:47,V0246,BLR,1555,482.09,749649.95,PUR-BLR-03,FC-01,Finance Controller,2026-03-23 10:22,,2026-04-07
PO/BLR/25-26/00041,2026-03-21 10:50,V0089,BLR,7011,89.85,629938.35,PUR-BLR-02,CFO-01,CFO,2026-03-23 10:23,,2026-04-12
PO/HYD/25-26/00088,2026-03-21 11:32,V0316,HYD,16330,64.56,1054264.80,PUR-HYD-03,CFO-01,CFO,2026-03-23 10:49,,2026-04-07
PO/VJA/25-26/00048,2026-03-21 12:42,V0008,VJA,7806,94.15,734934.90,PUR-VJA-02,FC-01,Finance Controller,2026-03-23 10:48,,2026-04-08
PO/HYD/25-26/00089,2026-03-21 12:47,V0142,HYD,83,247.02,20502.66,PUR-HYD-02,DM-HYD,Depot Manager,2026-03-23 10:04,,2026-03-28
PO/HYD/25-26/00090,2026-03-21 12:48,V0421,HYD,22756,45.35,1031984.60,PUR-HYD-01,FC-01,Finance Controller,2026-03-23 10:18,,2026-04-08
PO/HYD/25-26/00091,2026-03-21 12:57,V0053,HYD,2502,29.01,72583.02,PUR-HYD-02,DM-HYD,Depot Manager,2026-03-21 18:27,2026-04-10 10:04,2026-04-02
PO/BLR/25-26/00042,2026-03-21 13:33,V0150,BLR,4527,79.11,358130.97,PUR-BLR-02,FC-01,Finance Controller,2026-03-23 10:41,,2026-04-19
PO/BLR/25-26/00043,2026-03-21 13:56,V0058,BLR,1581,655.38,1036155.78,PUR-BLR-03,FC-01,Finance Controller,2026-03-23 10:36,,2026-04-13
PO/VJA/25-26/00049,2026-03-21 14:53,V0006,VJA,41250,31.41,1295662.50,PUR-VJA-01,CFO-01,CFO,2026-03-23 10:47,,2026-03-29
PO/HYD/25-26/00092,2026-03-21 14:55,V0481,HYD,859,1747.19,1500836.21,PUR-HYD-02,CFO-01,CFO,2026-03-24 10:45,,2026-03-28
PO/HBL/25-26/00018,2026-03-21 15:10,V0222,HBL,33,400.86,13228.38,PUR-HBL-01,DM-HBL,Depot Manager,2026-03-21 17:48,2026-04-13 10:37,2026-03-31
PO/WGL/25-26/00018,2026-03-21 15:20,V0433,WGL,912,1110.86,1013104.32,PUR-WGL-02,CFO-01,CFO,2026-03-23 10:06,,2026-04-10
PO/WGL/25-26/00019,2026-03-21 15:28,V0436,WGL,60884,20.89,1271866.76,PUR-WGL-01,FC-01,Finance Controller,2026-03-23 10:32,,2026-04-20
PO/WGL/25-26/00020,2026-03-21 15:44,V0228,WGL,154,1744.04,268582.16,PUR-WGL-02,FC-01,Finance Controller,2026-03-23 10:21,,2026-04-10
PO/HBL/25-26/00019,2026-03-21 16:49,V0033,HBL,14575,38.08,555016.00,PUR-HBL-02,CFO-01,CFO,2026-03-24 18:02,,2026-04-03
PO/HYD/25-26/00093,2026-03-21 17:04,V0166,HYD,104,408.83,42518.32,PUR-HYD-02,DM-HYD,Depot Manager,2026-03-23 10:38,2026-03-25 10:31,2026-03-31
PO/HYD/25-26/00094,2026-03-21 17:28,V0377,HYD,9628,106.93,1029522.04,PUR-HYD-01,CFO-01,CFO,2026-03-24 10:23,,2026-04-07
PO/VSP/25-26/00023,2026-03-21 17:35,V0018,VSP,6631,126.03,835704.93,PUR-VSP-01,FC-01,Finance Controller,2026-03-23 10:38,,2026-04-04
PO/BLR/25-26/00044,2026-03-21 18:05,V0238,BLR,9139,19.28,176199.92,PUR-BLR-01,FC-01,Finance Controller,2026-03-23 12:25,2026-03-30 10:25,2026-04-01
PO/HYD/25-26/00095,2026-03-21 18:45,V0043,HYD,40460,14.62,591525.20,PUR-HYD-03,CFO-01,CFO,2026-03-24 10:17,,2026-04-19
PO/HYD/25-26/00096,2026-03-22 01:24,V0445,HYD,24203,41.23,997889.69,PUR-HYD-03,FC-01,Finance Controller,2026-03-22 10:47,,2026-04-12
PO/VJA/25-26/00050,2026-03-23 09:36,V0303,VJA,5071,289.08,1465924.68,PUR-VJA-03,CFO-01,CFO,2026-03-26 10:49,,2026-04-06
PO/HBL/25-26/00020,2026-03-23 09:44,V0046,HBL,26221,14.35,376271.35,PUR-HBL-02,FC-01,Finance Controller,2026-03-24 10:31,,2026-03-31
PO/HBL/25-26/00021,2026-03-23 10:00,V0096,HBL,724,1763.39,1276694.36,PUR-HBL-01,CFO-01,CFO,2026-03-24 10:36,,2026-04-13
PO/HYD/25-26/00097,2026-03-23 10:00,V0004,HYD,954,551.19,525835.26,PUR-HYD-02,CFO-01,CFO,2026-03-24 10:43,,2026-04-16
PO/VJA/25-26/00051,2026-03-23 10:03,V0239,VJA,88,772.79,68005.52,PUR-VJA-03,DM-VJA,Depot Manager,2026-03-23 10:43,2026-03-26 10:42,2026-04-04
PO/HYD/25-26/00098,2026-03-23 10:03,V0145,HYD,24,721.43,17314.32,PUR-HYD-02,DM-HYD,Depot Manager,2026-03-23 10:40,,2026-04-10
PO/HYD/25-26/00099,2026-03-23 10:04,V0445,HYD,40424,21.09,852542.16,PUR-HYD-02,CFO-01,CFO,2026-03-25 10:07,,2026-04-09
PO/VJA/25-26/00052,2026-03-23 10:05,V0204,VJA,66,696.55,45972.30,PUR-VJA-01,DM-VJA,Depot Manager,2026-03-23 16:02,2026-04-06 10:45,2026-04-11
PO/HYD/25-26/00100,2026-03-23 10:06,V0436,HYD,3612,36.39,131440.68,PUR-HYD-02,FC-01,Finance Controller,2026-03-24 15:24,,
PO/WGL/25-26/00021,2026-03-23 10:07,V0049,WGL,13,860.99,11192.87,PUR-WGL-02,DM-WGL,Depot Manager,2026-03-23 10:17,2026-03-27 10:44,2026-04-03
PO/HYD/25-26/00101,2026-03-23 10:07,V0404,HYD,9414,77.89,733256.46,PUR-HYD-01,CFO-01,CFO,2026-03-24 10:39,,2026-04-18
PO/HYD/25-26/00102,2026-03-23 10:07,V0100,HYD,33334,22.38,746014.92,PUR-HYD-02,CFO-01,CFO,2026-03-24 15:27,,2026-04-02
PO/HYD/25-26/00103,2026-03-23 10:08,V0224,HYD,19595,74.72,1464138.40,PUR-HYD-01,FC-01,Finance Controller,2026-03-24 10:15,,2026-04-09
PO/BLR/25-26/00045,2026-03-23 10:08,V0163,BLR,2146,601.35,1290497.10,PUR-BLR-02,CFO-01,CFO,2026-03-26 15:37,,2026-04-22
PO/HYD/25-26/00104,2026-03-23 10:10,V0120,HYD,3348,75.04,251233.92,PUR-HYD-02,FC-01,Finance Controller,2026-03-24 14:19,2026-03-26 14:59,2026-04-15
PO/WGL/25-26/00022,2026-03-23 10:13,V0430,WGL,9,972.23,8750.07,PUR-WGL-03,DM-WGL,Depot Manager,2026-03-23 10:40,2026-04-11 09:50,2026-04-11
PO/VJA/25-26/00053,2026-03-23 10:13,V0233,VJA,354,868.79,307551.66,PUR-VJA-01,FC-01,Finance Controller,2026-03-24 10:50,2026-03-27 15:17,2026-04-07
PO/HYD/25-26/00105,2026-03-23 10:14,V0166,HYD,4289,139.11,596642.79,PUR-HYD-02,CFO-01,CFO,2026-03-24 18:15,,2026-04-03
PO/HYD/25-26/00106,2026-03-23 10:14,V0020,HYD,44214,9.59,424012.26,PUR-HYD-01,FC-01,Finance Controller,2026-03-24 10:17,,2026-04-02
PO/HYD/25-26/00107,2026-03-23 10:15,V0315,HYD,99473,10.65,1059387.45,PUR-HYD-03,FC-01,Finance Controller,2026-03-23 13:17,,2026-04-14
PO/VJA/25-26/00054,2026-03-23 10:15,V0309,VJA,109589,8.61,943561.29,PUR-VJA-02,FC-01,Finance Controller,2026-03-24 10:14,,2026-04-01
PO/WGL/25-26/00023,2026-03-23 10:16,V0233,WGL,49,428.41,20992.09,PUR-WGL-01,DM-WGL,Depot Manager,2026-03-23 10:17,,2026-04-20
PO/VSP/25-26/00024,2026-03-23 10:16,V0185,VSP,53703,13.20,708879.60,PUR-VSP-03,CFO-01,CFO,2026-03-25 10:44,,2026-04-10
PO/BLR/25-26/00046,2026-03-23 10:17,V0027,BLR,39329,9.55,375591.95,PUR-BLR-03,FC-01,Finance Controller,2026-03-24 11:45,,2026-04-12
PO/HYD/25-26/00108,2026-03-23 10:17,V0397,HYD,19739,32.17,635003.63,PUR-HYD-03,CFO-01,CFO,2026-03-24 17:54,,2026-03-31
PO/BLR/25-26/00047,2026-03-23 10:18,V0375,BLR,8386,92.80,778220.80,PUR-BLR-03,CFO-01,CFO,2026-03-25 10:31,,2026-04-02
PO/BLR/25-26/00048,2026-03-23 10:19,V0463,BLR,548,72.26,39598.48,PUR-BLR-01,DM-BLR,Depot Manager,2026-03-23 10:33,,2026-04-15
PO/HYD/25-26/00109,2026-03-23 10:19,V0079,HYD,6078,97.21,590842.38,PUR-HYD-03,FC-01,Finance Controller,2026-03-24 10:09,,2026-04-17
PO/HBL/25-26/00022,2026-03-23 10:20,V0004,HBL,11057,39.72,439184.04,PUR-HBL-02,FC-01,Finance Controller,2026-03-24 17:06,,2026-04-15
PO/VSP/25-26/00025,2026-03-23 10:20,V0397,VSP,198,387.43,76711.14,PUR-VSP-02,DM-VSP,Depot Manager,2026-03-23 12:14,,2026-04-05
PO/WGL/25-26/00024,2026-03-23 10:21,V0158,WGL,862,89.44,77097.28,PUR-WGL-01,DM-WGL,Depot Manager,2026-03-23 11:23,,2026-04-12
PO/VJA/25-26/00055,2026-03-23 10:24,V0417,VJA,23602,58.79,1387561.58,PUR-VJA-02,CFO-01,CFO,2026-03-26 10:49,,2026-04-18
PO/WGL/25-26/00025,2026-03-23 10:26,V0142,WGL,16723,40.56,678284.88,PUR-WGL-02,CFO-01,CFO,2026-03-24 10:13,,2026-04-19
PO/VSP/25-26/00026,2026-03-23 10:26,V0070,VSP,3827,160.37,613735.99,PUR-VSP-01,CFO-01,CFO,2026-03-25 10:49,,2026-04-17
PO/HYD/25-26/00110,2026-03-23 10:28,V0156,HYD,29217,32.55,951013.35,PUR-HYD-03,CFO-01,CFO,2026-03-24 13:25,,2026-04-16
PO/HBL/25-26/00023,2026-03-23 10:30,V0128,HBL,467,609.14,284468.38,PUR-HBL-03,FC-01,Finance Controller,2026-03-24 09:44,2026-03-26 10:05,2026-04-04
PO/HYD/25-26/00111,2026-03-23 10:31,V0212,HYD,8899,127.38,1133554.62,PUR-HYD-02,CFO-01,CFO,2026-03-25 16:19,,2026-04-16
PO/HYD/25-26/00112,2026-03-23 10:31,V0197,HYD,140,349.68,48955.20,PUR-HYD-03,DM-HYD,Depot Manager,2026-03-23 10:36,,2026-04-18
PO/HYD/25-26/00113,2026-03-23 10:32,V0104,HYD,166,128.10,21264.60,PUR-HYD-02,DM-HYD,Depot Manager,2026-03-23 10:39,2026-04-06 10:02,2026-04-22
PO/HYD/25-26/00114,2026-03-23 10:34,V0359,HYD,55056,11.84,651863.04,PUR-HYD-03,CFO-01,CFO,2026-03-24 15:57,,2026-04-07
PO/WGL/25-26/00026,2026-03-23 10:37,V0083,WGL,848,799.85,678272.80,PUR-WGL-01,CFO-01,CFO,2026-03-24 10:16,,2026-04-02
PO/BLR/25-26/00049,2026-03-23 10:38,V0246,BLR,10921,74.01,808263.21,PUR-BLR-01,FC-01,Finance Controller,2026-03-24 10:23,,2026-04-20
PO/VJA/25-26/00056,2026-03-23 10:38,V0054,VJA,852,1179.32,1004780.64,PUR-VJA-02,CFO-01,CFO,2026-03-23 12:29,,2026-04-19
PO/HYD/25-26/00115,2026-03-23 10:39,V0417,HYD,436,197.76,86223.36,PUR-HYD-02,DM-HYD,Depot Manager,2026-03-23 10:46,2026-03-27 12:55,2026-04-14
PO/HBL/25-26/00024,2026-03-23 10:39,V0239,HBL,828,99.55,82427.40,PUR-HBL-02,DM-HBL,Depot Manager,2026-03-23 13:44,2026-03-28 18:32,2026-04-04
PO/WGL/25-26/00027,2026-03-23 10:39,V0241,WGL,49930,13.09,653583.70,PUR-WGL-02,FC-01,Finance Controller,2026-03-23 11:25,,2026-04-18
PO/BLR/25-26/00050,2026-03-23 10:39,V0007,BLR,2960,222.62,658955.20,PUR-BLR-02,CFO-01,CFO,2026-03-24 10:13,,2026-04-06
PO/WGL/25-26/00028,2026-03-23 10:40,V0032,WGL,3896,196.78,766654.88,PUR-WGL-01,CFO-01,CFO,2026-03-24 10:42,,2026-04-10
PO/BLR/25-26/00051,2026-03-23 10:41,V0265,BLR,4936,116.53,575192.08,PUR-BLR-03,CFO-01,CFO,2026-03-25 10:30,,2026-04-16
PO/VJA/25-26/00057,2026-03-23 10:42,V0466,VJA,1054,840.08,885444.32,PUR-VJA-02,FC-01,Finance Controller,2026-03-23 12:42,,2026-04-08
PO/HYD/25-26/00116,2026-03-23 10:43,V0401,HYD,46,646.92,29758.32,PUR-HYD-02,DM-HYD,Depot Manager,2026-03-24 10:15,2026-04-01 17:03,2026-04-12
PO/HBL/25-26/00025,2026-03-23 10:44,V0481,HBL,238,62.16,14794.08,PUR-HBL-02,DM-HBL,Depot Manager,2026-03-23 10:48,2026-03-26 10:23,2026-04-08
PO/BLR/25-26/00052,2026-03-23 10:44,V0310,BLR,20110,38.09,765989.90,PUR-BLR-03,CFO-01,CFO,2026-03-23 11:52,,2026-04-12
PO/BLR/25-26/00053,2026-03-23 10:45,V0400,BLR,99,516.63,51146.37,PUR-BLR-03,DM-BLR,Depot Manager,2026-03-23 11:22,2026-04-01 10:41,2026-04-16
PO/HBL/25-26/00026,2026-03-23 10:46,V0064,HBL,1239,610.01,755802.39,PUR-HBL-02,FC-01,Finance Controller,2026-03-24 10:13,,2026-04-01
PO/BLR/25-26/00054,2026-03-23 10:48,V0423,BLR,262,192.38,50403.56,PUR-BLR-03,DM-BLR,Depot Manager,2026-03-23 12:34,2026-04-13 10:38,2026-04-13
PO/HYD/25-26/00117,2026-03-23 10:48,V0040,HYD,170,705.59,119950.30,PUR-HYD-02,FC-01,Finance Controller,2026-03-24 10:04,,2026-04-05
PO/HYD/25-26/00118,2026-03-23 10:49,V0255,HYD,729,67.65,49316.85,PUR-HYD-02,DM-HYD,Depot Manager,2026-03-23 11:06,2026-03-24 10:35,2026-04-08
PO/BLR/25-26/00055,2026-03-23 10:49,V0080,BLR,1391,452.95,630053.45,PUR-BLR-03,FC-01,Finance Controller,2026-03-23 12:37,,2026-04-20
PO/VJA/25-26/00058,2026-03-23 10:58,V0068,VJA,1862,299.73,558097.26,PUR-VJA-02,CFO-01,CFO,2026-03-25 17:22,,2026-04-07
PO/HYD/25-26/00119,2026-03-23 11:45,V0421,HYD,851,741.12,630693.12,PUR-HYD-01,CFO-01,CFO,2026-03-26 10:49,,2026-04-09
PO/HYD/25-26/00120,2026-03-23 12:16,V0085,HYD,1909,13.34,25466.06,PUR-HYD-03,DM-HYD,Depot Manager,2026-03-24 10:05,2026-04-03 10:19,2026-04-19
PO/HYD/25-26/00121,2026-03-23 12:19,V0232,HYD,5550,230.78,1280829.00,PUR-HYD-03,FC-01,Finance Controller,2026-03-24 10:38,,2026-04-19
PO/VJA/25-26/00059,2026-03-23 13:59,V0386,VJA,3680,43.24,159123.20,PUR-VJA-03,FC-01,Finance Controller,2026-03-24 14:38,2026-03-27 10:44,2026-03-30
PO/HBL/25-26/00027,2026-03-23 14:11,V0082,HBL,18371,12.98,238455.58,PUR-HBL-01,FC-01,Finance Controller,2026-03-24 11:11,2026-04-04 17:57,2026-04-06
PO/VJA/25-26/00060,2026-03-23 15:25,V0286,VJA,727,182.54,132706.58,PUR-VJA-01,FC-01,Finance Controller,2026-03-24 09:56,2026-03-26 18:33,2026-04-08
PO/VJA/25-26/00061,2026-03-23 15:32,V0388,VJA,5280,135.95,717816.00,PUR-VJA-01,CFO-01,CFO,2026-03-25 13:47,,2026-04-19
PO/HYD/25-26/00122,2026-03-23 17:42,V0080,HYD,43891,30.28,1329019.48,PUR-HYD-03,FC-01,Finance Controller,2026-03-24 10:15,,2026-04-10
PO/VSP/25-26/00027,2026-03-23 18:09,V0041,VSP,155443,9.99,1552875.57,PUR-VSP-03,CFO-01,CFO,2026-03-26 09:48,,2026-04-01
PO/WGL/25-26/00029,2026-03-23 18:18,V0056,WGL,36107,15.31,552798.17,PUR-WGL-01,FC-01,Finance Controller,2026-03-25 12:27,,2026-03-30
PO/VJA/25-26/00062,2026-03-23 18:54,V0445,VJA,2772,64.61,179098.92,PUR-VJA-03,FC-01,Finance Controller,2026-03-25 10:32,,2026-04-21
PO/BLR/25-26/00056,2026-03-24 09:42,V0158,BLR,4825,260.28,1255851.00,PUR-BLR-01,FC-01,Finance Controller,2026-03-26 10:38,,2026-04-08
PO/BLR/25-26/00057,2026-03-24 10:02,V0019,BLR,100,875.99,87599.00,PUR-BLR-01,DM-BLR,Depot Manager,2026-03-25 10:17,2026-04-04 10:19,2026-04-04
PO/HYD/25-26/00123,2026-03-24 10:04,V0397,HYD,2529,578.60,1463279.40,PUR-HYD-01,CFO-01,CFO,2026-03-27 13:16,,2026-03-31
PO/HBL/25-26/00028,2026-03-24 10:04,V0065,HBL,10835,126.36,1369110.60,PUR-HBL-02,CFO-01,CFO,2026-03-25 10:13,,2026-04-03
PO/BLR/25-26/00058,2026-03-24 10:04,V0405,BLR,138098,8.20,1132403.60,PUR-BLR-03,CFO-01,CFO,2026-03-27 17:55,,2026-04-08
PO/HYD/25-26/00124,2026-03-24 10:08,V0065,HYD,121,169.74,20538.54,PUR-HYD-03,DM-HYD,Depot Manager,2026-03-25 10:06,,2026-04-02
PO/BLR/25-26/00059,2026-03-24 10:10,V0331,BLR,1271,127.61,162192.31,PUR-BLR-03,FC-01,Finance Controller,2026-03-25 13:40,,2026-04-20
PO/HYD/25-26/00125,2026-03-24 10:13,V0053,HYD,22235,47.49,1055940.15,PUR-HYD-03,CFO-01,CFO,2026-03-25 11:06,,2026-04-23
PO/VJA/25-26/00063,2026-03-24 10:14,V0032,VJA,95956,15.97,1532417.32,PUR-VJA-02,CFO-01,CFO,2026-03-25 16:35,,2026-04-12
PO/WGL/25-26/00030,2026-03-24 10:14,V0210,WGL,2162,87.31,188764.22,PUR-WGL-03,FC-01,Finance Controller,2026-03-24 10:21,,2026-04-19
PO/BLR/25-26/00060,2026-03-24 10:20,V0392,BLR,498,1274.07,634486.86,PUR-BLR-01,CFO-01,CFO,2026-03-25 10:28,,2026-04-13
PO/HYD/25-26/00126,2026-03-24 10:28,V0033,HYD,8690,169.59,1473737.10,PUR-HYD-01,CFO-01,CFO,2026-03-25 10:49,,2026-04-10
PO/HYD/25-26/00127,2026-03-24 10:30,V0018,HYD,57241,12.80,732684.80,PUR-HYD-03,CFO-01,CFO,2026-03-27 09:44,,2026-04-09
PO/BLR/25-26/00061,2026-03-24 10:32,V0327,BLR,680,13.82,9397.60,PUR-BLR-03,DM-BLR,Depot Manager,2026-03-24 16:50,2026-03-28 10:43,2026-04-17
PO/BLR/25-26/00062,2026-03-24 10:33,V0166,BLR,7184,11.98,86064.32,PUR-BLR-01,DM-BLR,Depot Manager,2026-03-24 11:56,2026-04-06 09:41,2026-04-14
PO/HYD/25-26/00128,2026-03-24 10:33,V0407,HYD,248,808.92,200612.16,PUR-HYD-03,FC-01,Finance Controller,2026-03-24 10:50,,2026-04-14
PO/WGL/25-26/00031,2026-03-24 10:35,V0237,WGL,6088,93.15,567097.20,PUR-WGL-02,CFO-01,CFO,2026-03-26 10:38,,2026-04-10
PO/VJA/25-26/00064,2026-03-24 10:35,V0437,VJA,1234,946.43,1167894.62,PUR-VJA-03,CFO-01,CFO,2026-03-27 10:14,,2026-04-04
PO/BLR/25-26/00063,2026-03-24 10:36,V0002,BLR,1703,512.98,873604.94,PUR-BLR-03,CFO-01,CFO,2026-03-26 10:21,,2026-04-18
PO/BLR/25-26/00064,2026-03-24 10:39,V0246,BLR,20599,36.73,756601.27,PUR-BLR-03,CFO-01,CFO,2026-03-27 10:14,,2026-04-22
PO/VJA/25-26/00065,2026-03-24 10:41,V0100,VJA,11438,130.31,1490485.78,PUR-VJA-01,CFO-01,CFO,2026-03-27 10:00,,2026-04-21
PO/BLR/25-26/00065,2026-03-24 10:43,V0086,BLR,190,134.12,25482.80,PUR-BLR-03,DM-BLR,Depot Manager,2026-03-24 11:50,2026-03-25 10:21,2026-04-17
PO/VSP/25-26/00028,2026-03-24 10:44,V0159,VSP,480,285.36,136972.80,PUR-VSP-02,FC-01,Finance Controller,2026-03-24 15:49,,2026-04-22
PO/VJA/25-26/00066,2026-03-24 10:49,V0026,VJA,60738,24.68,1499013.84,PUR-VJA-02,FC-01,Finance Controller,2026-03-25 10:25,,2026-04-18
PO/BLR/25-26/00066,2026-03-24 10:50,V0128,BLR,4834,113.68,549529.12,PUR-BLR-02,CFO-01,CFO,2026-03-28 10:22,,2026-04-08
PO/BLR/25-26/00067,2026-03-24 11:08,V0331,BLR,1330,140.03,186239.90,PUR-BLR-02,FC-01,Finance Controller,2026-03-25 12:51,2026-03-27 16:02,2026-04-02
PO/VJA/25-26/00067,2026-03-24 11:55,V0216,VJA,3429,223.64,766861.56,PUR-VJA-02,CFO-01,CFO,2026-03-25 13:53,,2026-04-21
PO/HBL/25-26/00029,2026-03-24 14:25,V0048,HBL,12057,70.64,851706.48,PUR-HBL-01,CFO-01,CFO,2026-03-28 10:30,,2026-04-03
PO/VJA/25-26/00068,2026-03-24 14:55,V0255,VJA,36489,27.41,1000163.49,PUR-VJA-01,CFO-01,CFO,2026-03-26 10:08,,2026-04-07
PO/BLR/25-26/00068,2026-03-24 14:59,V0076,BLR,1434,8.95,12834.30,PUR-BLR-02,DM-BLR,Depot Manager,2026-03-25 10:32,2026-03-31 13:17,2026-04-20
PO/BLR/25-26/00069,2026-03-24 15:59,V0388,BLR,1217,586.30,713527.10,PUR-BLR-02,CFO-01,CFO,2026-03-28 10:19,,2026-04-04
PO/HYD/25-26/00129,2026-03-24 18:09,V0483,HYD,987,60.95,60157.65,PUR-HYD-03,DM-HYD,Depot Manager,2026-03-25 10:48,,2026-04-11
PO/VSP/25-26/00029,2026-03-24 18:27,V0028,VSP,3397,16.76,56933.72,PUR-VSP-01,DM-VSP,Depot Manager,2026-03-25 10:01,2026-04-13 10:06,2026-04-03
PO/HBL/25-26/00030,2026-03-25 10:07,V0361,HBL,21,854.99,17954.79,PUR-HBL-01,DM-HBL,Depot Manager,2026-03-25 10:28,,2026-04-14
PO/HBL/25-26/00031,2026-03-25 10:09,V0195,HBL,20915,60.36,1262429.40,PUR-HBL-03,CFO-01,CFO,2026-03-26 10:35,,2026-04-19
PO/WGL/25-26/00032,2026-03-25 10:11,V0057,WGL,21071,15.45,325546.95,PUR-WGL-01,FC-01,Finance Controller,2026-03-26 12:30,,2026-04-10
PO/BLR/25-26/00070,2026-03-25 10:15,V0058,BLR,4498,14.00,62972.00,PUR-BLR-03,DM-BLR,Depot Manager,2026-03-26 10:06,2026-04-01 17:33,2026-04-17
PO/VSP/25-26/00030,2026-03-25 10:15,V0463,VSP,1653,181.00,299193.00,PUR-VSP-01,FC-01,Finance Controller,2026-03-27 10:23,,2026-04-15
PO/HYD/25-26/00130,2026-03-25 10:16,V0040,HYD,1878,70.25,131929.50,PUR-HYD-01,FC-01,Finance Controller,2026-03-25 17:21,,2026-04-15
PO/VJA/25-26/00069,2026-03-25 10:21,V0230,VJA,25641,16.81,431025.21,PUR-VJA-01,FC-01,Finance Controller,2026-03-26 12:43,,2026-04-10
PO/HBL/25-26/00032,2026-03-25 10:23,V0277,HBL,1247,757.73,944889.31,PUR-HBL-02,FC-01,Finance Controller,2026-03-26 10:17,,2026-04-02
PO/HYD/25-26/00131,2026-03-25 10:24,V0337,HYD,504,165.95,83638.80,PUR-HYD-02,DM-HYD,Depot Manager,2026-03-25 12:39,2026-04-04 10:31,2026-04-21
PO/HYD/25-26/00132,2026-03-25 10:28,V0185,HYD,74796,18.72,1400181.12,PUR-HYD-02,FC-01,Finance Controller,2026-03-27 10:20,,2026-04-07
PO/HYD/25-26/00133,2026-03-25 10:31,V0098,HYD,247,740.79,182975.13,PUR-HYD-03,FC-01,Finance Controller,2026-03-27 10:25,2026-04-01 14:05,2026-04-12
PO/HYD/25-26/00134,2026-03-25 10:31,V0274,HYD,11984,14.70,176164.80,PUR-HYD-03,FC-01,Finance Controller,2026-03-27 10:20,2026-04-09 10:10,2026-04-17
PO/HYD/25-26/00135,2026-03-25 10:31,V0419,HYD,5076,57.78,293291.28,PUR-HYD-02,FC-01,Finance Controller,2026-03-26 10:37,2026-03-30 17:24,2026-04-21
PO/HYD/25-26/00136,2026-03-25 10:35,V0326,HYD,13,782.82,10176.66,PUR-HYD-02,DM-HYD,Depot Manager,2026-03-26 10:18,2026-04-07 10:31,2026-04-18
PO/HBL/25-26/00033,2026-03-25 10:35,V0358,HBL,442,1274.06,563134.52,PUR-HBL-01,CFO-01,CFO,2026-03-28 10:31,,2026-04-23
PO/BLR/25-26/00071,2026-03-25 10:36,V0106,BLR,342,1187.06,405974.52,PUR-BLR-02,FC-01,Finance Controller,2026-03-25 18:38,,2026-04-12
PO/WGL/25-26/00033,2026-03-25 10:40,V0262,WGL,2704,308.08,833048.32,PUR-WGL-03,CFO-01,CFO,2026-03-28 09:54,,2026-04-07
PO/HYD/25-26/00137,2026-03-25 10:44,V0463,HYD,265,592.31,156962.15,PUR-HYD-03,FC-01,Finance Controller,2026-03-27 10:24,2026-03-30 10:32,2026-04-16
PO/HYD/25-26/00138,2026-03-25 10:45,V0372,HYD,170,236.13,40142.10,PUR-HYD-03,DM-HYD,Depot Manager,2026-03-26 10:26,2026-04-06 10:06,2026-04-13
PO/VSP/25-26/00031,2026-03-25 10:48,V0358,VSP,36434,25.62,933439.08,PUR-VSP-01,CFO-01,CFO,2026-03-27 10:39,,2026-04-08
PO/HYD/25-26/00139,2026-03-25 11:02,V0202,HYD,178,901.85,160529.30,PUR-HYD-01,FC-01,Finance Controller,2026-03-26 10:15,,2026-04-20
PO/VSP/25-26/00032,2026-03-25 11:11,V0488,VSP,71,840.70,59689.70,PUR-VSP-02,DM-VSP,Depot Manager,2026-03-26 10:29,,2026-04-23
PO/BLR/25-26/00072,2026-03-25 11:50,V0426,BLR,1430,589.51,842999.30,PUR-BLR-02,CFO-01,CFO,2026-03-27 11:35,,2026-04-03
PO/WGL/25-26/00034,2026-03-25 12:02,V0299,WGL,1187,46.08,54696.96,PUR-WGL-02,DM-WGL,Depot Manager,2026-03-26 10:24,2026-03-30 10:02,2026-04-10
PO/HYD/25-26/00140,2026-03-25 12:53,V0113,HYD,720,1673.66,1205035.20,PUR-HYD-02,CFO-01,CFO,2026-03-27 10:16,,2026-04-13
PO/VJA/25-26/00070,2026-03-25 13:16,V0181,VJA,11137,63.18,703635.66,PUR-VJA-02,FC-01,Finance Controller,2026-03-26 10:01,,2026-04-20
PO/VSP/25-26/00033,2026-03-25 13:30,V0018,VSP,2931,23.17,67911.27,PUR-VSP-02,DM-VSP,Depot Manager,2026-03-26 10:23,2026-03-30 10:44,2026-04-20
PO/HYD/25-26/00141,2026-03-25 13:37,V0349,HYD,2842,9.23,26231.66,PUR-HYD-02,DM-HYD,Depot Manager,2026-03-26 10:01,,2026-04-21
PO/VJA/25-26/00071,2026-03-25 15:28,V0437,VJA,48924,20.61,1008323.64,PUR-VJA-01,CFO-01,CFO,2026-03-28 11:49,,2026-04-22
PO/HYD/25-26/00142,2026-03-25 15:39,V0369,HYD,35,1392.05,48721.75,PUR-HYD-03,DM-HYD,Depot Manager,2026-03-26 10:05,2026-03-30 10:38,2026-04-10
PO/VSP/25-26/00034,2026-03-25 17:49,V0244,VSP,1210,453.86,549170.60,PUR-VSP-02,CFO-01,CFO,2026-03-28 16:20,,2026-04-07
PO/HYD/25-26/00143,2026-03-25 18:41,V0045,HYD,293,165.95,48623.35,PUR-HYD-02,DM-HYD,Depot Manager,2026-03-26 10:27,2026-03-31 10:15,2026-04-04
PO/HYD/25-26/00144,2026-03-26 10:02,V0427,HYD,14058,66.58,935981.64,PUR-HYD-02,CFO-01,CFO,2026-03-30 10:03,,2026-04-13
PO/VJA/25-26/00072,2026-03-26 10:04,V0349,VJA,991,1005.15,996103.65,PUR-VJA-01,FC-01,Finance Controller,2026-03-28 10:11,,2026-04-14
PO/HYD/25-26/00145,2026-03-26 10:05,V0180,HYD,359,291.27,104565.93,PUR-HYD-01,FC-01,Finance Controller,2026-03-28 10:08,2026-04-01 10:17,2026-04-25
PO/BLR/25-26/00073,2026-03-26 10:07,V0049,BLR,1471,819.27,1205146.17,PUR-BLR-03,CFO-01,CFO,2026-03-28 11:11,,2026-04-14
PO/VSP/25-26/00035,2026-03-26 10:07,V0056,VSP,381,615.22,234398.82,PUR-VSP-01,FC-01,Finance Controller,2026-03-27 10:35,,2026-04-19
PO/BLR/25-26/00074,2026-03-26 10:09,V0154,BLR,1760,781.15,1374824.00,PUR-BLR-03,CFO-01,CFO,2026-03-27 10:19,,2026-04-13
PO/HYD/25-26/00146,2026-03-26 10:09,V0350,HYD,348,1572.93,547379.64,PUR-HYD-01,CFO-01,CFO,2026-03-27 10:14,,2026-04-21
PO/HYD/25-26/00147,2026-03-26 10:10,V0490,HYD,2364,429.42,1015148.88,PUR-HYD-03,FC-01,Finance Controller,2026-03-28 10:41,,2026-04-10
PO/BLR/25-26/00075,2026-03-26 10:12,V0137,BLR,6133,89.65,549823.45,PUR-BLR-01,CFO-01,CFO,2026-03-27 10:19,,2026-04-19
PO/VJA/25-26/00073,2026-03-26 10:14,V0230,VJA,30,552.29,16568.70,PUR-VJA-01,DM-VJA,Depot Manager,2026-03-26 12:45,,2026-04-17
PO/HYD/25-26/00148,2026-03-26 10:18,V0148,HYD,1220,39.01,47592.20,PUR-HYD-01,DM-HYD,Depot Manager,2026-03-26 15:06,2026-03-27 10:10,2026-04-21
PO/VJA/25-26/00074,2026-03-26 10:20,V0286,VJA,95,627.31,59594.45,PUR-VJA-03,DM-VJA,Depot Manager,2026-03-26 17:08,2026-04-03 10:45,2026-04-06
PO/HYD/25-26/00149,2026-03-26 10:21,V0087,HYD,93977,16.44,1544981.88,PUR-HYD-01,FC-01,Finance Controller,2026-03-27 13:47,,2026-04-06
PO/VJA/25-26/00075,2026-03-26 10:22,V0331,VJA,7324,142.45,1043303.80,PUR-VJA-03,CFO-01,CFO,2026-03-30 10:22,,2026-04-13
PO/VJA/25-26/00076,2026-03-26 10:26,V0400,VJA,527,418.12,220349.24,PUR-VJA-01,FC-01,Finance Controller,2026-03-28 10:13,2026-04-03 10:20,2026-04-19
PO/BLR/25-26/00076,2026-03-26 10:28,V0317,BLR,2305,312.41,720105.05,PUR-BLR-03,CFO-01,CFO,2026-03-27 17:39,,2026-04-23
PO/HYD/25-26/00150,2026-03-26 10:29,V0436,HYD,1759,20.88,36727.92,PUR-HYD-03,DM-HYD,Depot Manager,2026-03-26 11:24,,2026-04-03
PO/HYD/25-26/00151,2026-03-26 10:30,V0023,HYD,15002,68.03,1020586.06,PUR-HYD-02,CFO-01,CFO,2026-03-28 12:38,,2026-04-19
PO/WGL/25-26/00035,2026-03-26 10:32,V0043,WGL,113629,9.06,1029478.74,PUR-WGL-03,CFO-01,CFO,2026-03-27 10:19,,2026-04-14
PO/HYD/25-26/00152,2026-03-26 10:32,V0036,HYD,1055,493.99,521159.45,PUR-HYD-02,CFO-01,CFO,2026-03-30 10:11,,2026-04-23
PO/BLR/25-26/00077,2026-03-26 10:32,V0080,BLR,1593,226.64,361037.52,PUR-BLR-03,FC-01,Finance Controller,2026-03-27 18:32,,2026-04-12
PO/BLR/25-26/00078,2026-03-26 10:37,V0089,BLR,9390,143.90,1351221.00,PUR-BLR-03,CFO-01,CFO,2026-03-28 09:43,,2026-04-20
PO/HYD/25-26/00153,2026-03-26 10:37,V0065,HYD,806,733.34,591072.04,PUR-HYD-02,CFO-01,CFO,2026-03-28 10:44,,2026-04-19
PO/HYD/25-26/00154,2026-03-26 10:40,V0248,HYD,13484,98.82,1332488.88,PUR-HYD-03,CFO-01,CFO,2026-03-30 10:26,,2026-04-25
PO/BLR/25-26/00079,2026-03-26 10:42,V0394,BLR,55,405.73,22315.15,PUR-BLR-01,DM-BLR,Depot Manager,2026-03-26 11:25,2026-04-02 14:03,2026-04-17
PO/HYD/25-26/00155,2026-03-26 10:43,V0400,HYD,178,1325.32,235906.96,PUR-HYD-03,FC-01,Finance Controller,2026-03-27 16:55,2026-04-06 10:06,2026-04-18
PO/HYD/25-26/00156,2026-03-26 10:45,V0303,HYD,55630,11.20,623056.00,PUR-HYD-01,CFO-01,CFO,2026-03-26 17:53,,2026-04-22
PO/HYD/25-26/00157,2026-03-26 10:47,V0437,HYD,4611,10.78,49706.58,PUR-HYD-01,DM-HYD,Depot Manager,2026-03-26 15:01,,2026-04-14
PO/HBL/25-26/00034,2026-03-26 10:50,V0463,HBL,40,500.54,20021.60,PUR-HBL-02,DM-HBL,Depot Manager,2026-03-26 15:41,,2026-04-25
PO/BLR/25-26/00080,2026-03-26 12:14,V0380,BLR,53189,15.71,835599.19,PUR-BLR-02,CFO-01,CFO,2026-03-27 11:28,,2026-04-03
PO/HBL/25-26/00035,2026-03-26 12:17,V0210,HBL,114762,13.17,1511415.54,PUR-HBL-03,CFO-01,CFO,2026-03-30 10:13,,2026-04-03
PO/HYD/25-26/00158,2026-03-26 12:18,V0043,HYD,50268,11.01,553450.68,PUR-HYD-03,CFO-01,CFO,2026-03-28 10:02,,2026-04-04
PO/VJA/25-26/00077,2026-03-26 13:46,V0063,VJA,90,1788.27,160944.30,PUR-VJA-01,FC-01,Finance Controller,2026-03-28 10:23,,2026-04-19
PO/HYD/25-26/00159,2026-03-26 14:01,V0146,HYD,20411,39.27,801539.97,PUR-HYD-02,CFO-01,CFO,2026-03-28 10:11,,2026-04-15
PO/VSP/25-26/00036,2026-03-26 14:06,V0082,VSP,1075,1363.20,1465440.00,PUR-VSP-01,CFO-01,CFO,2026-03-28 10:39,,2026-04-22
PO/BLR/25-26/00081,2026-03-26 14:11,V0033,BLR,4608,145.49,670417.92,PUR-BLR-02,CFO-01,CFO,2026-03-28 14:26,,2026-04-08
PO/HBL/25-26/00036,2026-03-26 14:39,V0261,HBL,769,892.70,686486.30,PUR-HBL-03,CFO-01,CFO,2026-03-27 18:58,,2026-04-05
PO/HYD/25-26/00160,2026-03-26 15:43,V0303,HYD,30772,25.08,771761.76,PUR-HYD-02,CFO-01,CFO,2026-03-30 10:18,,2026-04-18
PO/HYD/25-26/00161,2026-03-26 17:01,V0216,HYD,27859,9.88,275246.92,PUR-HYD-02,FC-01,Finance Controller,2026-03-27 18:15,2026-03-31 10:22,2026-04-19
PO/HYD/25-26/00162,2026-03-26 17:11,V0246,HYD,48,781.76,37524.48,PUR-HYD-03,DM-HYD,Depot Manager,2026-03-27 10:01,,2026-04-19
PO/VJA/25-26/00078,2026-03-26 17:22,V0320,VJA,3697,190.39,703871.83,PUR-VJA-03,CFO-01,CFO,2026-03-30 10:24,,2026-04-09
PO/HYD/25-26/00163,2026-03-26 18:13,V0152,HYD,16785,40.07,672574.95,PUR-HYD-01,CFO-01,CFO,2026-03-27 16:09,,2026-04-13
PO/BLR/25-26/00082,2026-03-27 10:02,V0497,BLR,2658,22.47,59725.26,PUR-BLR-02,DM-BLR,Depot Manager,2026-03-27 13:50,,2026-04-23
PO/HBL/25-26/00037,2026-03-27 10:03,V0388,HBL,3139,194.26,609782.14,PUR-HBL-02,CFO-01,CFO,2026-03-28 10:10,,2026-04-08
PO/VSP/25-26/00037,2026-03-27 10:06,V0266,VSP,2171,317.07,688358.97,PUR-VSP-02,CFO-01,CFO,2026-03-30 10:18,,2026-04-14
PO/VSP/25-26/00038,2026-03-27 10:07,V0152,VSP,51,446.16,22754.16,PUR-VSP-03,DM-VSP,Depot Manager,2026-03-27 16:26,,2026-04-09
PO/HYD/25-26/00164,2026-03-27 10:08,V0380,HYD,1268,725.25,919617.00,PUR-HYD-01,CFO-01,CFO,2026-03-30 10:13,,2026-04-23
PO/HYD/25-26/00165,2026-03-27 10:10,V0106,HYD,813,687.35,558815.55,PUR-HYD-01,CFO-01,CFO,2026-03-28 09:46,,2026-04-20
PO/WGL/25-26/00036,2026-03-27 10:15,V0170,WGL,7316,20.10,147051.60,PUR-WGL-02,FC-01,Finance Controller,2026-03-27 13:30,2026-03-28 00:00,2026-04-14
PO/VSP/25-26/00039,2026-03-27 10:16,V0398,VSP,65,1576.73,102487.45,PUR-VSP-02,FC-01,Finance Controller,2026-03-27 10:54,2026-03-31 10:33,2026-04-09
PO/HYD/25-26/00166,2026-03-27 10:19,V0478,HYD,916,1019.69,934036.04,PUR-HYD-01,FC-01,Finance Controller,2026-03-28 16:19,,2026-04-10
PO/BLR/25-26/00083,2026-03-27 10:20,V0020,BLR,1164,1198.75,1395345.00,PUR-BLR-02,CFO-01,CFO,2026-03-30 10:41,,2026-04-14
PO/HYD/25-26/00167,2026-03-27 10:21,V0028,HYD,6,1696.53,10179.18,PUR-HYD-02,DM-HYD,Depot Manager,2026-03-27 12:20,2026-03-31 10:44,2026-04-07
PO/BLR/25-26/00084,2026-03-27 10:32,V0146,BLR,1869,280.60,524441.40,PUR-BLR-03,CFO-01,CFO,2026-03-30 10:26,,2026-04-24
PO/VSP/25-26/00040,2026-03-27 10:35,V0033,VSP,24235,36.30,879730.50,PUR-VSP-02,FC-01,Finance Controller,2026-03-28 10:31,,2026-04-14
PO/VJA/25-26/00079,2026-03-27 10:36,V0075,VJA,10294,138.48,1425513.12,PUR-VJA-03,FC-01,Finance Controller,2026-03-30 10:41,,2026-04-03
PO/HYD/25-26/00168,2026-03-27 10:38,V0295,HYD,93,635.72,59121.96,PUR-HYD-03,DM-HYD,Depot Manager,2026-03-27 15:46,2026-03-30 10:20,2026-04-23
PO/HYD/25-26/00169,2026-03-27 10:39,V0367,HYD,18575,82.29,1528536.75,PUR-HYD-02,CFO-01,CFO,2026-03-28 11:38,,2026-04-19
PO/VJA/25-26/00080,2026-03-27 10:43,V0100,VJA,30,1051.20,31536.00,PUR-VJA-01,DM-VJA,Depot Manager,2026-03-27 14:48,,2026-04-25
PO/WGL/25-26/00037,2026-03-27 10:44,V0018,WGL,78,138.69,10817.82,PUR-WGL-02,DM-WGL,Depot Manager,2026-03-28 10:47,2026-03-30 11:20,2026-04-06
PO/HYD/25-26/00170,2026-03-27 10:45,V0044,HYD,411,1752.74,720376.14,PUR-HYD-03,FC-01,Finance Controller,2026-03-30 10:49,,2026-04-18
PO/VSP/25-26/00041,2026-03-27 10:46,V0085,VSP,9981,64.12,639981.72,PUR-VSP-03,FC-01,Finance Controller,2026-03-28 10:02,,2026-04-10
PO/WGL/25-26/00038,2026-03-27 10:46,V0098,WGL,4255,231.09,983287.95,PUR-WGL-01,CFO-01,CFO,2026-03-28 15:39,,2026-04-04
PO/WGL/25-26/00039,2026-03-27 10:47,V0167,WGL,13336,61.38,818563.68,PUR-WGL-01,CFO-01,CFO,2026-03-28 10:07,,2026-04-09
PO/HYD/25-26/00171,2026-03-27 10:47,V0030,HYD,768,27.61,21204.48,PUR-HYD-01,DM-HYD,Depot Manager,2026-03-28 10:13,,2026-04-21
PO/BLR/25-26/00085,2026-03-27 12:07,V0149,BLR,723,937.98,678159.54,PUR-BLR-03,FC-01,Finance Controller,2026-03-28 15:52,,2026-04-14
PO/VJA/25-26/00081,2026-03-27 13:09,V0444,VJA,938,10.80,10130.40,PUR-VJA-01,DM-VJA,Depot Manager,2026-03-27 15:52,2026-03-31 12:14,2026-04-09
PO/VSP/25-26/00042,2026-03-27 13:48,V0058,VSP,273,868.03,236972.19,PUR-VSP-01,FC-01,Finance Controller,2026-03-30 10:44,,2026-04-21
PO/VJA/25-26/00082,2026-03-27 14:21,V0227,VJA,14,1434.04,20076.56,PUR-VJA-02,DM-VJA,Depot Manager,2026-03-27 17:40,2026-03-30 10:39,2026-04-09
PO/HYD/25-26/00172,2026-03-27 14:30,V0407,HYD,8655,33.76,292192.80,PUR-HYD-01,FC-01,Finance Controller,2026-03-28 17:24,,2026-04-06
PO/VJA/25-26/00083,2026-03-27 14:39,V0075,VJA,1006,787.35,792074.10,PUR-VJA-01,CFO-01,CFO,2026-03-30 18:04,,2026-04-11
PO/HYD/25-26/00173,2026-03-27 16:11,V0148,HYD,389,103.43,40234.27,PUR-HYD-02,DM-HYD,Depot Manager,2026-03-28 10:46,2026-04-09 13:19,2026-04-25
PO/HYD/25-26/00174,2026-03-27 16:26,V0074,HYD,14374,51.90,746010.60,PUR-HYD-03,CFO-01,CFO,2026-03-28 15:43,,2026-04-16
PO/HYD/25-26/00175,2026-03-27 16:41,V0216,HYD,142,1429.90,203045.80,PUR-HYD-02,FC-01,Finance Controller,2026-03-28 10:04,,2026-04-15
PO/VJA/25-26/00084,2026-03-27 16:55,V0225,VJA,148,414.86,61399.28,PUR-VJA-01,DM-VJA,Depot Manager,2026-03-28 10:12,2026-03-29 10:07,2026-04-12
PO/HYD/25-26/00176,2026-03-27 17:40,V0401,HYD,1294,50.08,64803.52,PUR-HYD-02,DM-HYD,Depot Manager,2026-03-28 12:20,,2026-04-14
PO/BLR/25-26/00086,2026-03-27 23:46,V0288,BLR,11492,53.16,610914.72,PUR-BLR-01,FC-01,Finance Controller,2026-03-29 06:06,,2026-04-24
PO/WGL/25-26/00040,2026-03-28 08:24,V0056,WGL,1817,11.61,21095.37,PUR-WGL-03,DM-WGL,Depot Manager,2026-03-28 20:55,,2026-04-09
PO/HBL/25-26/00038,2026-03-28 10:06,V0266,HBL,41654,19.10,795591.40,PUR-HBL-03,CFO-01,CFO,2026-03-30 10:10,,2026-04-25
PO/HBL/25-26/00039,2026-03-28 10:08,V0361,HBL,14909,105.72,1576179.48,PUR-HBL-03,FC-01,Finance Controller,2026-03-30 10:03,,2026-04-05
PO/WGL/25-26/00041,2026-03-28 10:10,V0381,WGL,2940,440.68,1295599.20,PUR-WGL-03,CFO-01,CFO,2026-03-30 10:13,,2026-04-04
PO/HYD/25-26/00177,2026-03-28 10:16,V0031,HYD,510,405.98,207049.80,PUR-HYD-02,FC-01,Finance Controller,2026-03-30 10:50,2026-03-31 09:53,2026-04-15
PO/HYD/25-26/00178,2026-03-28 10:17,V0058,HYD,5126,19.90,102007.40,PUR-HYD-02,FC-01,Finance Controller,2026-03-30 10:50,2026-04-10 10:27,2026-04-06
PO/VSP/25-26/00043,2026-03-28 10:19,V0353,VSP,2082,629.62,1310868.84,PUR-VSP-01,CFO-01,CFO,2026-03-30 10:01,,2026-04-19
PO/BLR/25-26/00087,2026-03-28 10:22,V0465,BLR,13485,58.15,784152.75,PUR-BLR-01,CFO-01,CFO,2026-03-30 10:09,,2026-04-19
PO/VSP/25-26/00044,2026-03-28 10:23,V0369,VSP,27583,27.09,747223.47,PUR-VSP-03,FC-01,Finance Controller,2026-03-30 10:49,,2026-04-15
PO/HYD/25-26/00179,2026-03-28 10:25,V0409,HYD,60485,21.84,1320992.40,PUR-HYD-01,CFO-01,CFO,2026-03-30 10:43,,2026-04-21
PO/BLR/25-26/00088,2026-03-28 10:28,V0427,BLR,514,539.93,277524.02,PUR-BLR-01,FC-01,Finance Controller,2026-03-30 10:34,2026-04-03 09:56,2026-04-13
PO/VJA/25-26/00085,2026-03-28 10:32,V0290,VJA,81,1742.90,141174.90,PUR-VJA-02,FC-01,Finance Controller,2026-03-30 10:19,2026-03-31 15:42,2026-04-21
PO/VSP/25-26/00045,2026-03-28 10:32,V0487,VSP,2323,441.90,1026533.70,PUR-VSP-02,CFO-01,CFO,2026-03-30 10:22,,2026-04-21
PO/WGL/25-26/00042,2026-03-28 10:33,V0250,WGL,34769,26.90,935286.10,PUR-WGL-02,CFO-01,CFO,2026-03-30 10:46,,2026-04-10
PO/BLR/25-26/00089,2026-03-28 10:34,V0454,BLR,5582,34.13,190513.66,PUR-BLR-01,FC-01,Finance Controller,2026-03-28 18:10,2026-04-04 10:12,2026-04-05
PO/WGL/25-26/00043,2026-03-28 10:34,V0444,WGL,148,173.33,25652.84,PUR-WGL-03,DM-WGL,Depot Manager,2026-03-28 14:23,2026-04-02 11:05,2026-04-08
PO/WGL/25-26/00044,2026-03-28 10:34,V0316,WGL,2355,104.45,245979.75,PUR-WGL-03,FC-01,Finance Controller,2026-03-30 10:37,,2026-04-21
PO/VJA/25-26/00086,2026-03-28 10:36,V0093,VJA,1058,1384.99,1465319.42,PUR-VJA-01,CFO-01,CFO,2026-03-31 15:20,,2026-04-18
PO/HYD/25-26/00180,2026-03-28 10:37,V0429,HYD,72426,10.18,737296.68,PUR-HYD-01,CFO-01,CFO,2026-03-30 10:43,,2026-04-22
PO/HYD/25-26/00181,2026-03-28 10:38,V0064,HYD,7203,109.81,790961.43,PUR-HYD-01,FC-01,Finance Controller,2026-03-30 10:39,,2026-04-27
PO/HYD/25-26/00182,2026-03-28 10:41,V0443,HYD,6562,16.37,107419.94,PUR-HYD-03,FC-01,Finance Controller,2026-03-30 10:14,,2026-04-24
PO/HYD/25-26/00183,2026-03-28 10:43,V0486,HYD,8970,116.16,1041955.20,PUR-HYD-02,CFO-01,CFO,2026-03-30 10:21,,2026-04-20
PO/BLR/25-26/00090,2026-03-28 10:44,V0435,BLR,35029,8.03,281282.87,PUR-BLR-02,FC-01,Finance Controller,2026-03-30 10:20,2026-04-02 10:02,2026-04-23
PO/BLR/25-26/00091,2026-03-28 10:47,V0122,BLR,108,957.98,103461.84,PUR-BLR-01,FC-01,Finance Controller,2026-03-30 10:10,2026-04-03 16:26,2026-04-08
PO/VSP/25-26/00046,2026-03-28 10:48,V0426,VSP,8470,26.08,220897.60,PUR-VSP-03,FC-01,Finance Controller,2026-03-28 15:00,,2026-04-05
PO/HYD/25-26/00184,2026-03-28 10:50,V0064,HYD,6328,186.66,1181184.48,PUR-HYD-02,CFO-01,CFO,2026-04-01 10:14,,2026-04-19
PO/VSP/25-26/00047,2026-03-28 10:59,V0134,VSP,3282,67.05,220058.10,PUR-VSP-03,FC-01,Finance Controller,2026-03-28 16:12,,2026-04-11
PO/VSP/25-26/00048,2026-03-28 11:04,V0145,VSP,83787,17.72,1484705.64,PUR-VSP-02,CFO-01,CFO,2026-03-30 10:05,,2026-04-22
PO/BLR/25-26/00092,2026-03-28 11:14,V0030,BLR,2929,244.66,716609.14,PUR-BLR-02,CFO-01,CFO,2026-03-31 10:15,,2026-04-12
PO/HYD/25-26/00185,2026-03-28 11:19,V0392,HYD,4197,264.28,1109183.16,PUR-HYD-02,CFO-01,CFO,2026-03-31 12:25,,2026-04-08
PO/VJA/25-26/00087,2026-03-28 11:28,V0391,VJA,17167,37.52,644105.84,PUR-VJA-03,CFO-01,CFO,2026-03-30 15:51,,2026-04-27
PO/VJA/25-26/00088,2026-03-28 12:26,V0377,VJA,13724,22.02,302202.48,PUR-VJA-01,FC-01,Finance Controller,2026-03-30 10:24,2026-04-02 17:01,2026-04-20
PO/VSP/25-26/00049,2026-03-28 12:28,V0471,VSP,2523,207.37,523194.51,PUR-VSP-01,FC-01,Finance Controller,2026-03-30 10:28,,2026-04-22
PO/BLR/25-26/00093,2026-03-28 13:00,V0310,BLR,51329,18.12,930081.48,PUR-BLR-01,FC-01,Finance Controller,2026-03-30 10:42,,2026-04-20
PO/VJA/25-26/00089,2026-03-28 13:13,V0332,VJA,826,163.61,135141.86,PUR-VJA-03,FC-01,Finance Controller,2026-03-30 10:03,,2026-04-23
PO/HYD/25-26/00186,2026-03-28 14:09,V0277,HYD,2241,324.95,728212.95,PUR-HYD-02,FC-01,Finance Controller,2026-03-30 10:46,,2026-04-05
PO/VSP/25-26/00050,2026-03-28 14:22,V0066,VSP,3877,273.37,1059855.49,PUR-VSP-02,CFO-01,CFO,2026-03-31 10:12,,2026-04-24
PO/HYD/25-26/00187,2026-03-28 14:27,V0372,HYD,1904,9.50,18088.00,PUR-HYD-01,DM-HYD,Depot Manager,2026-03-28 16:54,2026-03-30 12:36,2026-04-27
PO/HYD/25-26/00188,2026-03-28 14:27,V0091,HYD,20770,55.41,1150865.70,PUR-HYD-02,CFO-01,CFO,2026-03-31 10:33,,2026-04-10
PO/VJA/25-26/00090,2026-03-28 16:03,V0117,VJA,58,290.37,16841.46,PUR-VJA-02,DM-VJA,Depot Manager,2026-03-30 10:08,2026-04-10 10:34,2026-04-17
PO/HYD/25-26/00189,2026-03-28 16:35,V0447,HYD,510,755.01,385055.10,PUR-HYD-02,FC-01,Finance Controller,2026-03-30 13:42,,2026-04-09
PO/VSP/25-26/00051,2026-03-28 17:14,V0385,VSP,7617,87.74,668315.58,PUR-VSP-02,CFO-01,CFO,2026-03-30 10:25,,2026-04-23
PO/VJA/25-26/00091,2026-03-28 17:17,V0019,VJA,1073,223.98,240330.54,PUR-VJA-02,FC-01,Finance Controller,2026-03-30 09:38,2026-03-31 13:26,2026-04-22
PO/BLR/25-26/00094,2026-03-28 18:21,V0080,BLR,1316,847.69,1115560.04,PUR-BLR-01,CFO-01,CFO,2026-03-31 10:37,,2026-04-21
PO/HYD/25-26/00190,2026-03-28 18:31,V0148,HYD,1565,509.57,797477.05,PUR-HYD-03,CFO-01,CFO,2026-04-01 10:33,,2026-04-06
PO/VJA/25-26/00092,2026-03-30 10:00,V0263,VJA,177914,8.30,1476686.20,PUR-VJA-02,CFO-01,CFO,2026-04-01 10:09,,2026-04-23
PO/HYD/25-26/00191,2026-03-30 10:01,V0263,HYD,20391,8.13,165778.83,PUR-HYD-02,FC-01,Finance Controller,2026-03-30 10:43,2026-04-01 10:39,2026-04-23
PO/WGL/25-26/00045,2026-03-30 10:02,V0091,WGL,1129,907.84,1024951.36,PUR-WGL-03,CFO-01,CFO,2026-04-01 10:35,,2026-04-08
PO/HYD/25-26/00192,2026-03-30 10:03,V0074,HYD,29171,45.42,1324946.82,PUR-HYD-01,CFO-01,CFO,2026-03-30 10:39,,2026-04-14
PO/BLR/25-26/00095,2026-03-30 10:03,V0384,BLR,47785,23.59,1127248.15,PUR-BLR-03,FC-01,Finance Controller,2026-03-31 10:40,,2026-04-15
PO/VSP/25-26/00052,2026-03-30 10:03,V0238,VSP,483,1154.30,557526.90,PUR-VSP-01,CFO-01,CFO,2026-03-31 09:57,,2026-04-10
PO/BLR/25-26/00096,2026-03-30 10:03,V0388,BLR,380,299.02,113627.60,PUR-BLR-03,FC-01,Finance Controller,2026-03-31 13:56,,2026-04-14
PO/VSP/25-26/00053,2026-03-30 10:04,V0396,VSP,874,55.41,48428.34,PUR-VSP-02,DM-VSP,Depot Manager,2026-03-30 10:12,2026-04-02 10:47,2026-04-22
PO/HYD/25-26/00193,2026-03-30 10:05,V0448,HYD,432,161.44,69742.08,PUR-HYD-01,DM-HYD,Depot Manager,2026-03-30 10:27,2026-03-31 15:01,2026-04-29
PO/HYD/25-26/00194,2026-03-30 10:05,V0254,HYD,40026,20.64,826136.64,PUR-HYD-02,CFO-01,CFO,2026-03-31 17:04,,2026-04-28
PO/WGL/25-26/00046,2026-03-30 10:05,V0082,WGL,44,719.23,31646.12,PUR-WGL-03,DM-WGL,Depot Manager,2026-03-30 10:49,,2026-04-24
PO/VJA/25-26/00093,2026-03-30 10:07,V0294,VJA,68,177.05,12039.40,PUR-VJA-01,DM-VJA,Depot Manager,2026-03-30 10:27,2026-04-10 10:25,2026-04-23
PO/VSP/25-26/00054,2026-03-30 10:07,V0049,VSP,1329,503.83,669590.07,PUR-VSP-03,CFO-01,CFO,2026-03-31 16:47,,2026-04-17
PO/BLR/25-26/00097,2026-03-30 10:09,V0046,BLR,6751,124.65,841512.15,PUR-BLR-03,CFO-01,CFO,2026-03-31 10:22,,2026-04-11
PO/BLR/25-26/00098,2026-03-30 10:10,V0392,BLR,3179,15.91,50577.89,PUR-BLR-02,DM-BLR,Depot Manager,2026-03-30 12:06,2026-04-08 10:31,2026-04-08
PO/BLR/25-26/00099,2026-03-30 10:11,V0094,BLR,8097,8.32,67367.04,PUR-BLR-03,DM-BLR,Depot Manager,2026-03-30 11:57,,2026-04-24
PO/HYD/25-26/00195,2026-03-30 10:13,V0434,HYD,7018,114.77,805455.86,PUR-HYD-01,CFO-01,CFO,2026-03-31 16:29,,2026-04-14
PO/HYD/25-26/00196,2026-03-30 10:14,V0310,HYD,847,414.65,351208.55,PUR-HYD-02,FC-01,Finance Controller,2026-03-30 10:22,,2026-04-24
PO/HYD/25-26/00197,2026-03-30 10:15,V0350,HYD,216,119.47,25805.52,PUR-HYD-02,DM-HYD,Depot Manager,2026-03-30 10:34,,2026-04-22
PO/HYD/25-26/00198,2026-03-30 10:16,V0206,HYD,5005,48.29,241691.45,PUR-HYD-03,FC-01,Finance Controller,2026-03-30 11:52,2026-04-04 12:48,2026-04-06
PO/HBL/25-26/00040,2026-03-30 10:18,V0089,HBL,5389,23.77,128096.53,PUR-HBL-03,FC-01,Finance Controller,2026-03-30 12:30,2026-04-04 10:27,2026-04-26
PO/HYD/25-26/00199,2026-03-30 10:19,V0023,HYD,2911,232.32,676283.52,PUR-HYD-03,CFO-01,CFO,2026-04-02 10:42,,2026-04-20
PO/HBL/25-26/00041,2026-03-30 10:19,V0350,HBL,62572,11.70,732092.40,PUR-HBL-01,CFO-01,CFO,2026-04-01 14:26,,2026-04-23
PO/HYD/25-26/00200,2026-03-30 10:20,V0089,HYD,162,337.32,54645.84,PUR-HYD-03,DM-HYD,Depot Manager,2026-03-30 11:04,2026-04-06 10:05,2026-04-07
PO/HBL/25-26/00042,2026-03-30 10:20,V0312,HBL,709,24.75,17547.75,PUR-HBL-02,DM-HBL,Depot Manager,2026-03-30 11:23,2026-04-10 10:08,2026-04-25
PO/HYD/25-26/00201,2026-03-30 10:22,V0034,HYD,2584,15.86,40982.24,PUR-HYD-01,DM-HYD,Depot Manager,2026-03-30 16:22,2026-04-23 10:46,2026-04-25
PO/WGL/25-26/00047,2026-03-30 10:23,V0048,WGL,42,1750.24,73510.08,PUR-WGL-02,DM-WGL,Depot Manager,2026-03-30 14:00,2026-04-06 10:02,2026-04-09
PO/HYD/25-26/00202,2026-03-30 10:23,V0353,HYD,20583,16.42,337972.86,PUR-HYD-01,FC-01,Finance Controller,2026-03-30 17:25,,2026-04-17
PO/HYD/25-26/00203,2026-03-30 10:24,V0425,HYD,600,122.11,73266.00,PUR-HYD-03,DM-HYD,Depot Manager,2026-03-30 11:58,2026-04-15 14:55,2026-04-07
PO/HYD/25-26/00204,2026-03-30 10:25,V0150,HYD,1397,36.82,51437.54,PUR-HYD-01,DM-HYD,Depot Manager,2026-03-30 11:30,2026-04-01 10:01,2026-04-23
PO/BLR/25-26/00100,2026-03-30 10:26,V0293,BLR,376,36.00,13536.00,PUR-BLR-01,DM-BLR,Depot Manager,2026-03-30 12:26,2026-03-31 16:18,2026-04-07
PO/VJA/25-26/00094,2026-03-30 10:26,V0340,VJA,359,174.25,62555.75,PUR-VJA-02,DM-VJA,Depot Manager,2026-03-30 11:21,2026-03-31 10:27,2026-04-06
PO/HYD/25-26/00205,2026-03-30 10:26,V0481,HYD,59610,9.67,576428.70,PUR-HYD-03,CFO-01,CFO,2026-03-31 10:39,,2026-04-19
PO/HYD/25-26/00206,2026-03-30 10:28,V0478,HYD,44,248.01,10912.44,PUR-HYD-03,DM-HYD,Depot Manager,2026-03-30 12:12,2026-04-03 09:48,2026-04-09
PO/VJA/25-26/00095,2026-03-30 10:28,V0056,VJA,8927,79.49,709607.23,PUR-VJA-02,CFO-01,CFO,2026-03-31 14:42,,2026-04-23
PO/HYD/25-26/00207,2026-03-30 10:28,V0171,HYD,2160,267.98,578836.80,PUR-HYD-03,CFO-01,CFO,2026-04-01 10:34,,2026-04-06
PO/VJA/25-26/00096,2026-03-30 10:28,V0179,VJA,325,97.95,31833.75,PUR-VJA-02,DM-VJA,Depot Manager,2026-03-30 11:55,,2026-04-10
PO/HYD/25-26/00208,2026-03-30 10:31,V0024,HYD,1565,656.55,1027500.75,PUR-HYD-01,CFO-01,CFO,2026-03-30 18:59,,2026-04-18
PO/HYD/25-26/00209,2026-03-30 10:37,V0026,HYD,189,290.24,54855.36,PUR-HYD-01,DM-HYD,Depot Manager,2026-03-30 11:14,2026-04-11 10:17,2026-04-21
PO/HYD/25-26/00210,2026-03-30 10:37,V0209,HYD,3798,325.20,1235109.60,PUR-HYD-03,CFO-01,CFO,2026-03-31 11:42,,2026-04-27
PO/HYD/25-26/00211,2026-03-30 10:38,V0058,HYD,809,1583.89,1281367.01,PUR-HYD-01,CFO-01,CFO,2026-04-01 10:21,,2026-04-18
PO/BLR/25-26/00101,2026-03-30 10:39,V0011,BLR,8395,14.21,119292.95,PUR-BLR-01,FC-01,Finance Controller,2026-03-30 11:12,2026-03-31 11:27,2026-04-19
PO/HYD/25-26/00212,2026-03-30 10:39,V0183,HYD,4141,336.50,1393446.50,PUR-HYD-03,CFO-01,CFO,2026-04-02 10:05,,2026-04-09
PO/VJA/25-26/00097,2026-03-30 10:40,V0068,VJA,491,244.18,119892.38,PUR-VJA-03,FC-01,Finance Controller,2026-03-31 10:33,,2026-04-16
PO/VJA/25-26/00098,2026-03-30 10:42,V0071,VJA,24771,44.42,1100327.82,PUR-VJA-03,FC-01,Finance Controller,2026-04-01 10:25,,2026-04-26
PO/WGL/25-26/00048,2026-03-30 10:42,V0447,WGL,1302,531.93,692572.86,PUR-WGL-02,CFO-01,CFO,2026-03-30 11:30,,2026-04-27
PO/VSP/25-26/00055,2026-03-30 10:43,V0452,VSP,1130,34.66,39165.80,PUR-VSP-02,DM-VSP,Depot Manager,2026-03-30 11:33,2026-04-03 10:47,2026-04-15
PO/VJA/25-26/00099,2026-03-30 10:43,V0331,VJA,667,42.03,28034.01,PUR-VJA-03,DM-VJA,Depot Manager,2026-03-30 12:19,,2026-04-11
PO/WGL/25-26/00049,2026-03-30 10:44,V0483,WGL,373,330.07,123116.11,PUR-WGL-02,FC-01,Finance Controller,2026-03-30 16:23,,2026-04-06
PO/HYD/25-26/00213,2026-03-30 10:45,V0493,HYD,81102,12.73,1032428.46,PUR-HYD-01,FC-01,Finance Controller,2026-03-31 10:44,,2026-04-24
PO/VJA/25-26/00100,2026-03-30 10:46,V0465,VJA,1586,14.57,23108.02,PUR-VJA-02,DM-VJA,Depot Manager,2026-03-30 16:38,,2026-04-08
PO/HYD/25-26/00214,2026-03-30 10:48,V0172,HYD,308,534.48,164619.84,PUR-HYD-03,FC-01,Finance Controller,2026-03-30 14:03,2026-04-10 10:46,2026-04-22
PO/VJA/25-26/00101,2026-03-30 10:48,V0100,VJA,178,86.71,15434.38,PUR-VJA-03,DM-VJA,Depot Manager,2026-03-30 11:44,2026-04-06 10:21,2026-04-15
PO/BLR/25-26/00102,2026-03-30 10:48,V0174,BLR,71644,8.25,591063.00,PUR-BLR-01,CFO-01,CFO,2026-03-31 14:57,,2026-04-26
PO/VSP/25-26/00056,2026-03-30 10:49,V0075,VSP,144,64.17,9240.48,PUR-VSP-02,DM-VSP,Depot Manager,2026-03-31 10:01,2026-03-31 22:01,2026-04-10
PO/VJA/25-26/00102,2026-03-30 10:49,V0238,VJA,17380,9.22,160243.60,PUR-VJA-02,FC-01,Finance Controller,2026-03-30 14:36,2026-04-01 10:48,2026-04-10
PO/VJA/25-26/00103,2026-03-30 10:49,V0413,VJA,34036,26.04,886297.44,PUR-VJA-03,CFO-01,CFO,2026-04-01 14:59,,2026-04-10
PO/VSP/25-26/00057,2026-03-30 10:50,V0117,VSP,7243,119.42,864959.06,PUR-VSP-02,FC-01,Finance Controller,2026-03-30 11:29,,2026-04-16
PO/BLR/25-26/00103,2026-03-30 10:50,V0484,BLR,6173,84.57,522050.61,PUR-BLR-01,CFO-01,CFO,2026-03-31 11:55,,2026-04-15
PO/VSP/25-26/00058,2026-03-30 11:17,V0394,VSP,751,22.65,17010.15,PUR-VSP-02,DM-VSP,Depot Manager,2026-03-31 10:23,,2026-04-07
PO/WGL/25-26/00050,2026-03-30 11:53,V0128,WGL,11665,70.12,817949.80,PUR-WGL-01,CFO-01,CFO,2026-03-31 16:58,,2026-04-06
PO/VJA/25-26/00104,2026-03-30 11:59,V0030,VJA,3482,65.83,229220.06,PUR-VJA-03,FC-01,Finance Controller,2026-03-31 10:44,,2026-04-16
PO/HYD/25-26/00215,2026-03-30 12:51,V0083,HYD,6287,131.91,829318.17,PUR-HYD-03,CFO-01,CFO,2026-04-02 10:38,,2026-04-12
PO/HYD/25-26/00216,2026-03-30 12:56,V0497,HYD,858,1514.49,1299432.42,PUR-HYD-01,CFO-01,CFO,2026-04-01 10:25,,2026-04-26
PO/WGL/25-26/00051,2026-03-30 13:51,V0449,WGL,9860,139.05,1371033.00,PUR-WGL-01,CFO-01,CFO,2026-04-01 10:25,,2026-04-18
PO/VJA/25-26/00105,2026-03-30 14:03,V0063,VJA,702,835.70,586661.40,PUR-VJA-03,CFO-01,CFO,2026-03-31 15:56,,2026-04-15
PO/HYD/25-26/00217,2026-03-30 16:03,V0432,HYD,2400,220.69,529656.00,PUR-HYD-02,CFO-01,CFO,2026-04-01 10:02,,2026-04-16
PO/BLR/25-26/00104,2026-03-30 16:42,V0419,BLR,108,147.28,15906.24,PUR-BLR-02,DM-BLR,Depot Manager,2026-03-31 10:14,,2026-04-12
PO/HYD/25-26/00218,2026-03-30 17:45,V0325,HYD,389,488.20,189909.80,PUR-HYD-03,FC-01,Finance Controller,2026-04-01 10:29,2026-04-06 14:19,2026-04-11
PO/HBL/25-26/00043,2026-03-30 18:16,V0440,HBL,21796,32.14,700523.44,PUR-HBL-02,CFO-01,CFO,2026-04-01 10:40,,2026-04-14
PO/HYD/25-26/00219,2026-03-30 18:53,V0338,HYD,75,167.89,12591.75,PUR-HYD-01,DM-HYD,Depot Manager,2026-03-31 12:57,2026-04-04 10:49,2026-04-21
PO/HBL/25-26/00044,2026-03-31 09:41,V0058,HBL,14314,76.93,1101176.02,PUR-HBL-01,CFO-01,CFO,2026-04-01 12:54,,2026-04-07
PO/WGL/25-26/00052,2026-03-31 09:51,V0198,WGL,6205,13.31,82588.55,PUR-WGL-01,DM-WGL,Depot Manager,2026-04-01 10:13,,2026-04-11
PO/BLR/25-26/00105,2026-03-31 10:04,V0311,BLR,1448,399.00,577752.00,PUR-BLR-03,FC-01,Finance Controller,2026-03-31 12:01,,2026-04-18
PO/BLR/25-26/00106,2026-03-31 10:06,V0484,BLR,13860,67.14,930560.40,PUR-BLR-01,CFO-01,CFO,2026-04-01 10:24,,2026-04-10
PO/HYD/25-26/00220,2026-03-31 10:09,V0086,HYD,893,339.19,302896.67,PUR-HYD-01,FC-01,Finance Controller,2026-04-02 10:10,2026-04-06 10:44,2026-04-26
PO/VSP/25-26/00059,2026-03-31 10:09,V0152,VSP,553,1264.44,699235.32,PUR-VSP-03,FC-01,Finance Controller,2026-04-02 10:48,,
PO/BLR/25-26/00107,2026-03-31 10:10,V0441,BLR,1160,25.23,29266.80,PUR-BLR-03,DM-BLR,Depot Manager,2026-04-01 10:00,2026-04-13 16:22,2026-04-22
PO/VJA/25-26/00106,2026-03-31 10:10,V0494,VJA,1969,600.48,1182345.12,PUR-VJA-02,FC-01,Finance Controller,2026-03-31 13:34,,2026-04-09
PO/BLR/25-26/00108,2026-03-31 10:11,V0274,BLR,3469,372.98,1293867.62,PUR-BLR-01,FC-01,Finance Controller,2026-03-31 13:55,,2026-04-15
PO/VSP/25-26/00060,2026-03-31 10:13,V0429,VSP,35426,32.77,1160910.02,PUR-VSP-01,FC-01,Finance Controller,2026-04-01 18:35,,2026-04-10
PO/VSP/25-26/00061,2026-03-31 10:14,V0148,VSP,57,170.94,9743.58,PUR-VSP-02,DM-VSP,Depot Manager,2026-03-31 10:23,2026-04-02 10:42,2026-04-19
PO/VJA/25-26/00107,2026-03-31 10:15,V0233,VJA,1436,48.44,69559.84,PUR-VJA-02,DM-VJA,Depot Manager,2026-03-31 10:46,,2026-04-29
PO/BLR/25-26/00109,2026-03-31 10:18,V0329,BLR,1655,954.92,1580392.60,PUR-BLR-02,CFO-01,CFO,2026-04-02 11:17,,2026-04-24
PO/WGL/25-26/00053,2026-03-31 10:20,V0041,WGL,248,652.48,161815.04,PUR-WGL-01,FC-01,Finance Controller,2026-04-02 10:07,2026-04-07 16:01,2026-04-16
PO/WGL/25-26/00054,2026-03-31 10:23,V0018,WGL,137,359.62,49267.94,PUR-WGL-02,DM-WGL,Depot Manager,2026-03-31 16:17,2026-04-09 16:55,
PO/BLR/25-26/00110,2026-03-31 10:23,V0438,BLR,1448,404.04,585049.92,PUR-BLR-03,CFO-01,CFO,2026-04-01 13:28,,2026-04-20
PO/VJA/25-26/00108,2026-03-31 10:25,V0490,VJA,1249,947.26,1183127.74,PUR-VJA-01,CFO-01,CFO,2026-04-04 10:16,,2026-04-28
PO/BLR/25-26/00111,2026-03-31 10:26,V0278,BLR,1381,559.14,772172.34,PUR-BLR-01,CFO-01,CFO,2026-04-01 17:36,,2026-04-07
PO/VJA/25-26/00109,2026-03-31 10:26,V0162,VJA,2095,21.16,44330.20,PUR-VJA-03,DM-VJA,Depot Manager,2026-03-31 10:44,,2026-04-18
PO/WGL/25-26/00055,2026-03-31 10:28,V0089,WGL,6064,13.03,79013.92,PUR-WGL-03,DM-WGL,Depot Manager,2026-03-31 11:18,2026-04-08 13:29,2026-04-27
PO/VSP/25-26/00062,2026-03-31 10:34,V0086,VSP,2300,29.94,68862.00,PUR-VSP-03,DM-VSP,Depot Manager,2026-03-31 13:29,2026-04-01 18:44,2026-04-12
PO/HYD/25-26/00221,2026-03-31 10:35,V0339,HYD,155515,9.08,1412076.20,PUR-HYD-02,CFO-01,CFO,2026-04-01 09:54,,2026-04-21
PO/HBL/25-26/00045,2026-03-31 10:36,V0239,HBL,9515,24.84,236352.60,PUR-HBL-03,FC-01,Finance Controller,2026-04-02 10:06,2026-04-04 10:35,2026-04-12
PO/HYD/25-26/00222,2026-03-31 10:39,V0431,HYD,355,1222.27,433905.85,PUR-HYD-02,FC-01,Finance Controller,2026-04-02 10:29,,2026-04-21
PO/HYD/25-26/00223,2026-03-31 10:39,V0325,HYD,7173,87.85,630148.05,PUR-HYD-03,FC-01,Finance Controller,2026-03-31 18:46,,2026-04-23
PO/BLR/25-26/00112,2026-03-31 10:40,V0327,BLR,35,588.42,20594.70,PUR-BLR-01,DM-BLR,Depot Manager,2026-03-31 12:40,2026-04-04 10:00,2026-04-18
PO/WGL/25-26/00056,2026-03-31 10:40,V0481,WGL,22490,29.17,656033.30,PUR-WGL-03,CFO-01,CFO,2026-04-02 10:00,,2026-04-28
PO/WGL/25-26/00057,2026-03-31 10:43,V0205,WGL,1641,395.83,649557.03,PUR-WGL-02,CFO-01,CFO,2026-04-01 10:32,,2026-04-10
PO/BLR/25-26/00113,2026-03-31 10:46,V0417,BLR,3179,33.62,106877.98,PUR-BLR-03,FC-01,Finance Controller,2026-04-02 10:31,2026-04-10 10:15,2026-04-19
PO/VSP/25-26/00063,2026-03-31 10:47,V0045,VSP,11884,11.43,135834.12,PUR-VSP-02,FC-01,Finance Controller,2026-03-31 13:01,,2026-04-21
PO/HYD/25-26/00224,2026-03-31 10:48,V0020,HYD,13575,56.83,771467.25,PUR-HYD-03,FC-01,Finance Controller,2026-04-01 10:48,,2026-04-13
PO/VSP/25-26/00064,2026-03-31 10:49,V0048,VSP,37488,24.91,933826.08,PUR-VSP-02,CFO-01,CFO,2026-04-02 12:55,,2026-04-11
PO/HYD/25-26/00225,2026-03-31 11:08,V0394,HYD,64772,8.62,558334.64,PUR-HYD-03,CFO-01,CFO,2026-04-02 14:38,,2026-04-16
PO/BLR/25-26/00114,2026-03-31 12:22,V0258,BLR,99776,10.34,1031683.84,PUR-BLR-03,CFO-01,CFO,2026-04-04 10:50,,2026-04-30
PO/HBL/25-26/00046,2026-03-31 12:33,V0239,HBL,4115,362.95,1493539.25,PUR-HBL-02,CFO-01,CFO,2026-04-02 10:16,,2026-04-15
PO/HYD/25-26/00226,2026-03-31 13:53,V0191,HYD,18,762.03,13716.54,PUR-HYD-03,DM-HYD,Depot Manager,2026-04-01 10:06,2026-04-06 10:32,2026-04-12
PO/VJA/25-26/00110,2026-03-31 14:28,V0100,VJA,29091,39.61,1152294.51,PUR-VJA-02,FC-01,Finance Controller,2026-04-02 10:48,,2026-04-13
PO/WGL/25-26/00058,2026-03-31 14:36,V0361,WGL,8909,102.08,909430.72,PUR-WGL-01,CFO-01,CFO,2026-04-04 10:43,,2026-04-30
PO/HBL/25-26/00047,2026-03-31 15:28,V0498,HBL,4184,34.13,142799.92,PUR-HBL-03,FC-01,Finance Controller,2026-04-02 12:43,2026-04-06 10:31,2026-04-20
PO/VJA/25-26/00111,2026-03-31 15:59,V0191,VJA,603,977.24,589275.72,PUR-VJA-02,CFO-01,CFO,2026-04-02 16:34,,2026-04-08
PO/VJA/25-26/00112,2026-03-31 16:40,V0049,VJA,1490,777.01,1157744.90,PUR-VJA-03,CFO-01,CFO,2026-04-01 12:24,,2026-04-26
PO/BLR/25-26/00115,2026-03-31 16:45,V0043,BLR,22,476.68,10486.96,PUR-BLR-02,DM-BLR,Depot Manager,2026-04-01 10:02,2026-04-16 16:34,2026-04-29
PO/HYD/25-26/00227,2026-03-31 17:32,V0123,HYD,21300,10.21,217473.00,PUR-HYD-02,FC-01,Finance Controller,2026-04-02 16:34,,2026-04-26
PO/BLR/26-27/00001,2026-04-01 09:48,V0403,BLR,182,296.35,53935.70,PUR-BLR-02,DM-BLR,Depot Manager,2026-04-02 10:07,,2026-04-28
PO/HYD/26-27/00001,2026-04-01 10:08,V0320,HYD,8115,70.34,570809.10,PUR-HYD-01,CFO-01,CFO,2026-04-01 17:58,,2026-04-26
PO/WGL/26-27/00001,2026-04-01 10:08,V0388,WGL,5652,251.48,1421364.96,PUR-WGL-03,CFO-01,CFO,2026-04-03 10:23,,2026-04-17
PO/VSP/26-27/00001,2026-04-01 10:18,V0168,VSP,1077,237.06,255313.62,PUR-VSP-01,FC-01,Finance Controller,2026-04-02 11:27,2026-04-03 22:32,2026-04-13
PO/VSP/26-27/00002,2026-04-01 10:18,V0023,VSP,1417,972.73,1378358.41,PUR-VSP-02,CFO-01,CFO,2026-04-02 15:53,,2026-04-22
PO/WGL/26-27/00002,2026-04-01 10:19,V0339,WGL,91,276.53,25164.23,PUR-WGL-02,DM-WGL,Depot Manager,2026-04-01 10:57,2026-04-08 10:20,2026-04-12
PO/VSP/26-27/00003,2026-04-01 10:21,V0489,VSP,840,36.66,30794.40,PUR-VSP-03,DM-VSP,Depot Manager,2026-04-02 10:48,2026-04-13 10:12,2026-04-08
PO/WGL/26-27/00003,2026-04-01 10:24,V0097,WGL,2542,237.07,602631.94,PUR-WGL-03,CFO-01,CFO,2026-04-02 14:57,,2026-04-19
PO/VSP/26-27/00004,2026-04-01 10:26,V0033,VSP,66740,20.88,1393531.20,PUR-VSP-01,FC-01,Finance Controller,2026-04-02 10:12,,2026-04-15
PO/HYD/26-27/00002,2026-04-01 10:29,V0353,HYD,8422,175.10,1474692.20,PUR-HYD-01,CFO-01,CFO,2026-04-02 11:19,,2026-04-12
PO/HYD/26-27/00003,2026-04-01 10:31,V0394,HYD,768,13.95,10713.60,PUR-HYD-02,DM-HYD,Depot Manager,2026-04-01 15:00,2026-04-04 16:42,2026-04-24
PO/HYD/26-27/00004,2026-04-01 10:32,V0191,HYD,3654,9.47,34603.38,PUR-HYD-03,DM-HYD,Depot Manager,2026-04-02 10:31,,2026-04-18
PO/HYD/26-27/00005,2026-04-01 10:34,V0149,HYD,1301,981.94,1277503.94,PUR-HYD-03,CFO-01,CFO,2026-04-04 12:42,,2026-04-14
PO/HYD/26-27/00006,2026-04-01 10:36,V0128,HYD,62714,24.39,1529594.46,PUR-HYD-02,CFO-01,CFO,2026-04-02 10:44,,2026-04-12
PO/VJA/26-27/00001,2026-04-01 10:39,V0201,VJA,15015,84.52,1269067.80,PUR-VJA-03,CFO-01,CFO,2026-04-04 10:07,,2026-04-24
PO/HBL/26-27/00001,2026-04-01 10:42,V0033,HBL,24,876.44,21034.56,PUR-HBL-01,DM-HBL,Depot Manager,2026-04-01 12:19,2026-04-03 10:45,2026-04-18
PO/HBL/26-27/00002,2026-04-01 10:43,V0098,HBL,17422,46.21,805070.62,PUR-HBL-03,CFO-01,CFO,2026-04-04 10:49,,2026-04-15
PO/BLR/26-27/00002,2026-04-01 10:44,V0472,BLR,17,678.94,11541.98,PUR-BLR-03,DM-BLR,Depot Manager,2026-04-01 12:29,2026-04-06 10:00,2026-04-09
PO/BLR/26-27/00003,2026-04-01 10:47,V0038,BLR,85,165.43,14061.55,PUR-BLR-02,DM-BLR,Depot Manager,2026-04-02 10:35,2026-04-04 11:08,2026-04-28
PO/HYD/26-27/00007,2026-04-01 10:47,V0165,HYD,5491,247.90,1361218.90,PUR-HYD-03,CFO-01,CFO,2026-04-02 10:27,,2026-04-25
PO/BLR/26-27/00004,2026-04-01 10:48,V0120,BLR,993,1209.31,1200844.83,PUR-BLR-02,CFO-01,CFO,2026-04-04 16:58,,2026-04-12
PO/HYD/26-27/00008,2026-04-01 10:48,V0125,HYD,14,1363.14,19083.96,PUR-HYD-03,DM-HYD,Depot Manager,2026-04-01 12:35,,2026-04-30
PO/VJA/26-27/00002,2026-04-01 12:05,V0176,VJA,2666,315.56,841282.96,PUR-VJA-01,FC-01,Finance Controller,2026-04-03 10:39,,2026-04-13
PO/HYD/26-27/00009,2026-04-01 12:10,V0203,HYD,658,1654.12,1088410.96,PUR-HYD-01,CFO-01,CFO,2026-04-04 10:02,,2026-04-18
PO/BLR/26-27/00005,2026-04-01 13:22,V0136,BLR,62,858.82,53246.84,PUR-BLR-02,DM-BLR,Depot Manager,2026-04-01 16:28,2026-04-02 16:43,2026-04-29
PO/VJA/26-27/00003,2026-04-01 13:25,V0146,VJA,16737,61.63,1031501.31,PUR-VJA-02,CFO-01,CFO,2026-04-03 16:33,,2026-05-01
PO/HYD/26-27/00010,2026-04-01 13:41,V0440,HYD,27340,45.56,1245610.40,PUR-HYD-03,FC-01,Finance Controller,2026-04-03 13:13,,2026-04-22
PO/BLR/26-27/00006,2026-04-01 14:07,V0085,BLR,4270,9.32,39796.40,PUR-BLR-02,DM-BLR,Depot Manager,2026-04-02 10:49,,2026-04-19
PO/BLR/26-27/00007,2026-04-01 14:23,V0204,BLR,9295,141.40,1314313.00,PUR-BLR-03,CFO-01,CFO,2026-04-03 09:53,,2026-04-17
PO/VJA/26-27/00004,2026-04-01 15:39,V0117,VJA,61191,15.08,922760.28,PUR-VJA-03,CFO-01,CFO,2026-04-04 12:36,,
PO/HYD/26-27/00011,2026-04-01 16:26,V0298,HYD,12233,33.45,409193.85,PUR-HYD-01,FC-01,Finance Controller,2026-04-03 10:47,,2026-04-09
PO/HYD/26-27/00012,2026-04-01 16:43,V0138,HYD,9341,66.90,624912.90,PUR-HYD-03,CFO-01,CFO,2026-04-04 10:35,,2026-04-25
PO/HYD/26-27/00013,2026-04-01 17:16,V0211,HYD,452,1292.85,584368.20,PUR-HYD-01,CFO-01,CFO,2026-04-04 14:39,,2026-04-19
PO/BLR/26-27/00008,2026-04-01 18:22,V0345,BLR,971,1247.45,1211273.95,PUR-BLR-01,CFO-01,CFO,2026-04-03 16:52,,2026-04-29
PO/BLR/26-27/00009,2026-04-01 18:26,V0148,BLR,3355,14.62,49050.10,PUR-BLR-01,DM-BLR,Depot Manager,2026-04-02 10:47,,2026-04-29
PO/HBL/26-27/00003,2026-04-02 04:50,V0268,HBL,20934,27.05,566264.70,PUR-HBL-01,CFO-01,CFO,2026-04-05 09:40,,2026-04-12
PO/VJA/26-27/00005,2026-04-02 09:44,V0119,VJA,4080,148.10,604248.00,PUR-VJA-02,CFO-01,CFO,2026-04-06 10:16,,2026-04-09
PO/HYD/26-27/00014,2026-04-02 10:00,V0324,HYD,775,34.22,26520.50,PUR-HYD-03,DM-HYD,Depot Manager,2026-04-02 14:30,,2026-04-17
PO/BLR/26-27/00010,2026-04-02 10:02,V0353,BLR,8383,9.88,82824.04,PUR-BLR-01,DM-BLR,Depot Manager,2026-04-02 15:41,2026-04-14 10:26,2026-04-12
PO/BLR/26-27/00011,2026-04-02 10:06,V0354,BLR,14005,50.85,712154.25,PUR-BLR-02,CFO-01,CFO,2026-04-02 18:02,,2026-04-13
PO/VSP/26-27/00005,2026-04-02 10:06,V0428,VSP,356,960.62,341980.72,PUR-VSP-03,FC-01,Finance Controller,2026-04-04 10:37,,2026-04-23
PO/BLR/26-27/00012,2026-04-02 10:07,V0023,BLR,42,760.17,31927.14,PUR-BLR-03,DM-BLR,Depot Manager,2026-04-02 18:33,2026-04-07 10:11,2026-04-26
PO/HBL/26-27/00004,2026-04-02 10:13,V0495,HBL,145,778.38,112865.10,PUR-HBL-01,FC-01,Finance Controller,2026-04-03 10:49,2026-04-20 10:42,2026-04-24
PO/HYD/26-27/00015,2026-04-02 10:16,V0445,HYD,601,1781.39,1070615.39,PUR-HYD-01,CFO-01,CFO,2026-04-03 15:08,,2026-04-11
PO/WGL/26-27/00004,2026-04-02 10:18,V0307,WGL,15766,37.05,584130.30,PUR-WGL-02,FC-01,Finance Controller,2026-04-03 10:21,,2026-05-02
PO/HYD/26-27/00016,2026-04-02 10:19,V0237,HYD,4106,157.90,648337.40,PUR-HYD-03,CFO-01,CFO,2026-04-04 10:27,,2026-04-23
PO/WGL/26-27/00005,2026-04-02 10:19,V0137,WGL,5420,112.60,610292.00,PUR-WGL-01,CFO-01,CFO,2026-04-03 10:11,,2026-04-17
PO/BLR/26-27/00013,2026-04-02 10:20,V0041,BLR,41,240.47,9859.27,PUR-BLR-03,DM-BLR,Depot Manager,2026-04-02 18:01,2026-04-03 10:00,2026-04-11
PO/VJA/26-27/00006,2026-04-02 10:21,V0229,VJA,123664,10.92,1350410.88,PUR-VJA-01,CFO-01,CFO,2026-04-04 14:22,,2026-04-10
PO/HYD/26-27/00017,2026-04-02 10:21,V0380,HYD,16,1371.70,21947.20,PUR-HYD-02,DM-HYD,Depot Manager,2026-04-02 11:53,,2026-05-01
PO/WGL/26-27/00006,2026-04-02 10:21,V0102,WGL,36,1719.78,61912.08,PUR-WGL-02,DM-WGL,Depot Manager,2026-04-02 10:26,,2026-05-01
PO/WGL/26-27/00007,2026-04-02 10:22,V0367,WGL,9909,90.43,896070.87,PUR-WGL-02,CFO-01,CFO,2026-04-04 10:18,,2026-04-10
PO/VJA/26-27/00007,2026-04-02 10:23,V0489,VJA,33149,8.15,270164.35,PUR-VJA-03,FC-01,Finance Controller,2026-04-02 12:33,,2026-04-25
PO/BLR/26-27/00014,2026-04-02 10:26,V0107,BLR,1548,381.03,589834.44,PUR-BLR-02,FC-01,Finance Controller,2026-04-03 10:50,,2026-04-17
PO/VJA/26-27/00008,2026-04-02 10:26,V0086,VJA,9934,61.26,608556.84,PUR-VJA-02,CFO-01,CFO,2026-04-04 10:00,,2026-04-19
PO/VSP/26-27/00006,2026-04-02 10:27,V0452,VSP,1670,779.85,1302349.50,PUR-VSP-02,FC-01,Finance Controller,2026-04-03 10:02,,2026-05-01
PO/HYD/26-27/00018,2026-04-02 10:32,V0479,HYD,1729,398.03,688193.87,PUR-HYD-03,CFO-01,CFO,2026-04-04 10:33,,2026-04-16
PO/HYD/26-27/00019,2026-04-02 10:36,V0390,HYD,1368,209.77,286965.36,PUR-HYD-01,FC-01,Finance Controller,2026-04-03 16:30,2026-04-10 10:02,2026-04-17
PO/BLR/26-27/00015,2026-04-02 10:38,V0036,BLR,187,341.64,63886.68,PUR-BLR-02,DM-BLR,Depot Manager,2026-04-02 11:54,,2026-04-12
PO/VJA/26-27/00009,2026-04-02 10:38,V0001,VJA,5126,104.47,535513.22,PUR-VJA-03,CFO-01,CFO,2026-04-04 10:15,,2026-04-26
PO/VJA/26-27/00010,2026-04-02 10:45,V0445,VJA,1585,338.86,537093.10,PUR-VJA-03,CFO-01,CFO,2026-04-04 16:12,,
PO/HYD/26-27/00020,2026-04-02 10:46,V0321,HYD,366,543.73,199005.18,PUR-HYD-01,FC-01,Finance Controller,2026-04-03 10:19,2026-04-17 14:59,2026-04-22
PO/HBL/26-27/00005,2026-04-02 10:46,V0379,HBL,24961,41.64,1039376.04,PUR-HBL-01,CFO-01,CFO,2026-04-06 10:25,,2026-04-18
PO/HYD/26-27/00021,2026-04-02 10:48,V0048,HYD,40190,36.83,1480197.70,PUR-HYD-03,CFO-01,CFO,2026-04-04 16:55,,2026-04-17
PO/WGL/26-27/00008,2026-04-02 10:48,V0049,WGL,15613,79.13,1235456.69,PUR-WGL-03,FC-01,Finance Controller,2026-04-02 11:17,,2026-04-29
PO/VSP/26-27/00007,2026-04-02 11:09,V0061,VSP,2637,15.19,40056.03,PUR-VSP-02,DM-VSP,Depot Manager,2026-04-02 18:51,2026-04-04 10:30,2026-04-09
PO/BLR/26-27/00016,2026-04-02 11:11,V0074,BLR,48780,22.72,1108281.60,PUR-BLR-01,CFO-01,CFO,2026-04-03 14:56,,2026-04-28
PO/VJA/26-27/00011,2026-04-02 11:39,V0282,VJA,7,1428.09,9996.63,PUR-VJA-01,DM-VJA,Depot Manager,2026-04-02 15:19,2026-04-08 10:29,2026-04-24
PO/HYD/26-27/00022,2026-04-02 12:49,V0023,HYD,57,313.35,17860.95,PUR-HYD-01,DM-HYD,Depot Manager,2026-04-02 16:21,2026-04-14 17:10,2026-04-27
PO/HYD/26-27/00023,2026-04-02 12:58,V0150,HYD,1549,390.26,604512.74,PUR-HYD-01,CFO-01,CFO,2026-04-04 10:10,,2026-04-13
PO/VSP/26-27/00008,2026-04-02 14:39,V0104,VSP,3640,202.14,735789.60,PUR-VSP-01,CFO-01,CFO,2026-04-06 10:02,,2026-04-16
PO/HYD/26-27/00024,2026-04-02 15:16,V0453,HYD,142,133.11,18901.62,PUR-HYD-01,DM-HYD,Depot Manager,2026-04-03 10:41,2026-04-06 10:50,2026-04-30
PO/HYD/26-27/00025,2026-04-02 16:07,V0295,HYD,421,336.55,141687.55,PUR-HYD-02,FC-01,Finance Controller,2026-04-04 10:13,2026-04-06 10:25,2026-04-12
PO/VJA/26-27/00012,2026-04-02 16:12,V0215,VJA,1535,29.05,44591.75,PUR-VJA-01,DM-VJA,Depot Manager,2026-04-03 10:39,2026-04-07 10:18,2026-04-21
PO/HYD/26-27/00026,2026-04-02 16:32,V0273,HYD,1494,996.74,1489129.56,PUR-HYD-02,CFO-01,CFO,2026-04-04 10:08,,2026-04-14
PO/HBL/26-27/00006,2026-04-02 16:54,V0064,HBL,18028,68.75,1239425.00,PUR-HBL-01,FC-01,Finance Controller,2026-04-03 18:05,,2026-04-14
PO/HYD/26-27/00027,2026-04-02 17:09,V0335,HYD,875,295.41,258483.75,PUR-HYD-02,FC-01,Finance Controller,2026-04-03 10:09,2026-04-10 10:15,2026-04-17
PO/VSP/26-27/00009,2026-04-03 09:38,V0418,VSP,336,404.79,136009.44,PUR-VSP-03,FC-01,Finance Controller,2026-04-04 13:42,2026-04-16 12:45,2026-04-23
PO/VSP/26-27/00010,2026-04-03 09:50,V0364,VSP,1175,1321.27,1552492.25,PUR-VSP-02,CFO-01,CFO,2026-04-06 10:32,,2026-05-02
PO/HYD/26-27/00028,2026-04-03 10:02,V0024,HYD,475,402.99,191420.25,PUR-HYD-01,FC-01,Finance Controller,2026-04-03 12:04,2026-04-22 10:12,2026-04-14
PO/VSP/26-27/00011,2026-04-03 10:03,V0162,VSP,386,534.82,206440.52,PUR-VSP-02,FC-01,Finance Controller,2026-04-04 14:10,2026-04-16 10:26,2026-04-11
PO/VJA/26-27/00013,2026-04-03 10:03,V0462,VJA,32,1069.03,34208.96,PUR-VJA-01,DM-VJA,Depot Manager,2026-04-03 17:50,,2026-04-10
PO/HBL/26-27/00007,2026-04-03 10:06,V0366,HBL,49,311.50,15263.50,PUR-HBL-02,DM-HBL,Depot Manager,2026-04-03 11:32,2026-04-10 10:37,2026-04-19
PO/BLR/26-27/00017,2026-04-03 10:06,V0328,BLR,214,257.47,55098.58,PUR-BLR-02,DM-BLR,Depot Manager,2026-04-03 14:54,2026-04-08 10:05,2026-04-21
PO/HYD/26-27/00029,2026-04-03 10:09,V0154,HYD,23751,34.24,813234.24,PUR-HYD-01,CFO-01,CFO,2026-04-04 10:25,,2026-04-27
PO/VJA/26-27/00014,2026-04-03 10:11,V0107,VJA,12374,74.07,916542.18,PUR-VJA-03,FC-01,Finance Controller,2026-04-06 10:12,,2026-04-11
PO/HYD/26-27/00030,2026-04-03 10:13,V0113,HYD,148,1302.35,192747.80,PUR-HYD-03,FC-01,Finance Controller,2026-04-03 12:02,2026-04-13 10:02,
PO/WGL/26-27/00009,2026-04-03 10:20,V0263,WGL,1397,56.11,78385.67,PUR-WGL-03,DM-WGL,Depot Manager,2026-04-03 17:49,,2026-04-19
PO/HYD/26-27/00031,2026-04-03 10:22,V0106,HYD,4190,367.78,1540998.20,PUR-HYD-03,FC-01,Finance Controller,2026-04-03 10:29,,2026-05-01
PO/VSP/26-27/00012,2026-04-03 10:25,V0039,VSP,6400,88.49,566336.00,PUR-VSP-03,CFO-01,CFO,2026-04-04 10:14,,2026-04-28
PO/HBL/26-27/00008,2026-04-03 10:28,V0380,HBL,12333,113.49,1399672.17,PUR-HBL-02,CFO-01,CFO,2026-04-04 10:11,,2026-04-17
PO/HYD/26-27/00032,2026-04-03 10:29,V0033,HYD,26017,25.84,672279.28,PUR-HYD-02,CFO-01,CFO,2026-04-04 10:02,,2026-04-23
PO/BLR/26-27/00018,2026-04-03 10:29,V0031,BLR,12433,59.22,736282.26,PUR-BLR-02,FC-01,Finance Controller,2026-04-04 10:48,,2026-04-16
PO/HYD/26-27/00033,2026-04-03 10:30,V0080,HYD,55,581.40,31977.00,PUR-HYD-02,DM-HYD,Depot Manager,2026-04-03 18:02,2026-04-06 10:47,2026-04-28
PO/VJA/26-27/00015,2026-04-03 10:33,V0071,VJA,182,657.04,119581.28,PUR-VJA-03,FC-01,Finance Controller,2026-04-04 10:45,,2026-04-29
PO/VJA/26-27/00016,2026-04-03 10:34,V0004,VJA,5994,110.55,662636.70,PUR-VJA-02,FC-01,Finance Controller,2026-04-04 10:47,,2026-04-28
PO/BLR/26-27/00019,2026-04-03 10:36,V0019,BLR,67332,9.87,664566.84,PUR-BLR-02,CFO-01,CFO,2026-04-06 10:15,,2026-04-21
PO/HBL/26-27/00009,2026-04-03 10:36,V0422,HBL,48552,11.57,561746.64,PUR-HBL-03,FC-01,Finance Controller,2026-04-03 13:53,,2026-04-27
PO/BLR/26-27/00020,2026-04-03 10:38,V0436,BLR,1678,9.51,15957.78,PUR-BLR-01,DM-BLR,Depot Manager,2026-04-03 11:26,2026-04-06 09:56,2026-04-24
PO/HYD/26-27/00034,2026-04-03 10:40,V0079,HYD,754,949.12,715636.48,PUR-HYD-02,CFO-01,CFO,2026-04-06 10:37,,2026-04-16
PO/WGL/26-27/00010,2026-04-03 10:42,V0256,WGL,1102,631.78,696221.56,PUR-WGL-01,FC-01,Finance Controller,2026-04-06 10:15,,2026-04-16
PO/BLR/26-27/00021,2026-04-03 10:44,V0382,BLR,2736,99.85,273189.60,PUR-BLR-02,FC-01,Finance Controller,2026-04-03 11:59,,2026-04-21
PO/HYD/26-27/00035,2026-04-03 10:45,V0221,HYD,35961,32.21,1158303.81,PUR-HYD-02,CFO-01,CFO,2026-04-06 10:04,,2026-04-26
PO/VSP/26-27/00013,2026-04-03 11:00,V0123,VSP,487,551.73,268692.51,PUR-VSP-02,FC-01,Finance Controller,2026-04-06 10:04,2026-04-10 13:39,2026-04-14
PO/HYD/26-27/00036,2026-04-03 11:14,V0350,HYD,5687,180.97,1029176.39,PUR-HYD-01,FC-01,Finance Controller,2026-04-06 10:39,,2026-04-21
PO/WGL/26-27/00011,2026-04-03 12:49,V0101,WGL,564,634.18,357677.52,PUR-WGL-02,FC-01,Finance Controller,2026-04-04 16:37,,2026-04-19
PO/HYD/26-27/00037,2026-04-03 13:57,V0452,HYD,4234,173.52,734683.68,PUR-HYD-02,FC-01,Finance Controller,2026-04-06 10:19,,2026-04-14
PO/WGL/26-27/00012,2026-04-03 14:48,V0268,WGL,91334,8.79,802825.86,PUR-WGL-01,CFO-01,CFO,2026-04-06 10:15,,2026-05-01
PO/BLR/26-27/00022,2026-04-03 14:57,V0167,BLR,6270,11.95,74926.50,PUR-BLR-02,DM-BLR,Depot Manager,2026-04-04 10:33,2026-04-05 10:20,2026-04-28
PO/BLR/26-27/00023,2026-04-03 15:05,V0136,BLR,2334,129.97,303349.98,PUR-BLR-02,FC-01,Finance Controller,2026-04-06 10:38,,2026-05-01
PO/BLR/26-27/00024,2026-04-03 15:33,V0036,BLR,854,297.18,253791.72,PUR-BLR-03,FC-01,Finance Controller,2026-04-04 10:06,2026-04-09 14:27,2026-04-12
PO/VSP/26-27/00014,2026-04-03 15:37,V0283,VSP,199,124.02,24679.98,PUR-VSP-03,DM-VSP,Depot Manager,2026-04-04 10:14,2026-04-08 10:50,2026-04-10
PO/HYD/26-27/00038,2026-04-03 16:08,V0095,HYD,7462,82.97,619122.14,PUR-HYD-02,FC-01,Finance Controller,2026-04-04 10:37,,2026-04-19
PO/HYD/26-27/00039,2026-04-03 16:11,V0054,HYD,4885,10.61,51829.85,PUR-HYD-03,DM-HYD,Depot Manager,2026-04-04 10:00,,2026-04-10
PO/VSP/26-27/00015,2026-04-03 16:46,V0232,VSP,21118,10.48,221316.64,PUR-VSP-03,FC-01,Finance Controller,2026-04-04 10:36,2026-04-14 18:45,2026-04-24
PO/WGL/26-27/00013,2026-04-03 17:40,V0336,WGL,12,1071.74,12860.88,PUR-WGL-01,DM-WGL,Depot Manager,2026-04-04 10:20,2026-04-10 13:42,2026-04-28
PO/HBL/26-27/00010,2026-04-03 18:04,V0212,HBL,1471,652.96,960504.16,PUR-HBL-03,CFO-01,CFO,2026-04-06 10:03,,2026-04-25
PO/HYD/26-27/00040,2026-04-03 18:51,V0325,HYD,13653,65.30,891540.90,PUR-HYD-03,FC-01,Finance Controller,2026-04-04 18:40,,2026-04-19
PO/HYD/26-27/00041,2026-04-04 09:52,V0386,HYD,105,254.50,26722.50,PUR-HYD-03,DM-HYD,Depot Manager,2026-04-04 18:32,,2026-05-04
PO/BLR/26-27/00025,2026-04-04 10:07,V0371,BLR,356,202.99,72264.44,PUR-BLR-02,DM-BLR,Depot Manager,2026-04-04 18:08,2026-04-11 09:48,2026-05-02
PO/BLR/26-27/00026,2026-04-04 10:12,V0460,BLR,23,470.44,10820.12,PUR-BLR-01,DM-BLR,Depot Manager,2026-04-04 10:40,2026-04-13 10:22,2026-04-12
PO/HYD/26-27/00042,2026-04-04 10:19,V0190,HYD,7990,8.05,64319.50,PUR-HYD-03,DM-HYD,Depot Manager,2026-04-04 12:38,2026-04-16 10:01,2026-04-15
PO/BLR/26-27/00027,2026-04-04 10:19,V0249,BLR,4489,208.14,934340.46,PUR-BLR-03,CFO-01,CFO,2026-04-06 10:44,,2026-04-24
PO/VJA/26-27/00017,2026-04-04 10:20,V0304,VJA,26974,20.51,553236.74,PUR-VJA-01,FC-01,Finance Controller,2026-04-04 11:17,,2026-04-25
PO/HYD/26-27/00043,2026-04-04 10:24,V0447,HYD,9130,36.64,334523.20,PUR-HYD-03,FC-01,Finance Controller,2026-04-06 10:10,,2026-04-25
PO/WGL/26-27/00014,2026-04-04 10:31,V0056,WGL,1519,28.54,43352.26,PUR-WGL-02,DM-WGL,Depot Manager,2026-04-04 15:12,,2026-05-02
PO/BLR/26-27/00028,2026-04-04 10:33,V0399,BLR,1887,13.67,25795.29,PUR-BLR-02,DM-BLR,Depot Manager,2026-04-04 13:55,,2026-04-16
PO/BLR/26-27/00029,2026-04-04 10:33,V0229,BLR,83240,13.72,1142052.80,PUR-BLR-03,CFO-01,CFO,2026-04-07 10:43,,2026-04-17
PO/VJA/26-27/00018,2026-04-04 10:39,V0042,VJA,50213,13.14,659798.82,PUR-VJA-03,CFO-01,CFO,2026-04-07 10:03,,2026-05-02
PO/BLR/26-27/00030,2026-04-04 10:40,V0252,BLR,74980,19.84,1487603.20,PUR-BLR-01,CFO-01,CFO,2026-04-07 11:50,,2026-04-15
PO/HYD/26-27/00044,2026-04-04 10:44,V0367,HYD,3052,66.33,202439.16,PUR-HYD-03,FC-01,Finance Controller,2026-04-06 10:26,2026-04-06 11:41,2026-04-27
PO/VJA/26-27/00019,2026-04-04 10:47,V0008,VJA,17964,11.52,206945.28,PUR-VJA-01,FC-01,Finance Controller,2026-04-06 10:04,,2026-04-21
PO/HYD/26-27/00045,2026-04-04 10:49,V0147,HYD,2261,434.86,983218.46,PUR-HYD-03,FC-01,Finance Controller,2026-04-06 10:06,,2026-04-18
PO/HYD/26-27/00046,2026-04-04 11:02,V0353,HYD,16992,33.25,564984.00,PUR-HYD-02,CFO-01,CFO,2026-04-08 10:42,,2026-04-26
PO/HYD/26-27/00047,2026-04-04 12:14,V0148,HYD,349,1717.40,599372.60,PUR-HYD-02,CFO-01,CFO,2026-04-06 17:15,,2026-04-29
PO/HYD/26-27/00048,2026-04-04 12:24,V0158,HYD,2611,284.65,743221.15,PUR-HYD-03,CFO-01,CFO,2026-04-08 10:08,,2026-04-19
PO/HBL/26-27/00011,2026-04-04 12:30,V0230,HBL,5710,93.39,533256.90,PUR-HBL-03,CFO-01,CFO,2026-04-06 10:17,,2026-04-14
PO/VSP/26-27/00016,2026-04-04 13:05,V0233,VSP,260,75.22,19557.20,PUR-VSP-01,DM-VSP,Depot Manager,2026-04-06 10:27,2026-04-08 10:36,2026-04-23
PO/HYD/26-27/00049,2026-04-04 13:56,V0372,HYD,8519,117.31,999363.89,PUR-HYD-03,CFO-01,CFO,2026-04-06 10:17,,2026-04-28
PO/BLR/26-27/00031,2026-04-04 14:16,V0136,BLR,84,804.48,67576.32,PUR-BLR-01,DM-BLR,Depot Manager,2026-04-06 10:15,2026-04-11 22:04,2026-04-24
PO/HYD/26-27/00050,2026-04-04 14:49,V0399,HYD,17289,83.01,1435159.89,PUR-HYD-02,CFO-01,CFO,2026-04-06 10:03,,2026-04-28
PO/HYD/26-27/00051,2026-04-04 15:44,V0086,HYD,1928,634.60,1223508.80,PUR-HYD-03,CFO-01,CFO,2026-04-07 10:11,,2026-04-28
PO/HBL/26-27/00012,2026-04-04 16:00,V0352,HBL,9216,78.95,727603.20,PUR-HBL-03,CFO-01,CFO,2026-04-07 10:35,,2026-04-17
PO/HYD/26-27/00052,2026-04-04 16:54,V0108,HYD,1074,41.93,45032.82,PUR-HYD-01,DM-HYD,Depot Manager,2026-04-06 10:37,,2026-04-19
PO/HBL/26-27/00013,2026-04-04 23:44,V0376,HBL,961,73.17,70316.37,PUR-HBL-02,DM-HBL,Depot Manager,2026-04-05 03:19,2026-04-09 16:34,2026-04-27
PO/HBL/26-27/00014,2026-04-05 10:04,V0337,HBL,1166,17.59,20509.94,PUR-HBL-03,DM-HBL,Depot Manager,2026-04-05 12:31,2026-04-13 10:28,2026-04-13
PO/BLR/26-27/00032,2026-04-06 10:00,V0006,BLR,1377,26.44,36407.88,PUR-BLR-02,DM-BLR,Depot Manager,2026-04-06 10:43,2026-04-11 17:10,2026-05-06
PO/HYD/26-27/00053,2026-04-06 10:00,V0326,HYD,10320,108.70,1121784.00,PUR-HYD-03,FC-01,Finance Controller,2026-04-06 18:16,,2026-04-18
PO/VJA/26-27/00020,2026-04-06 10:01,V0002,VJA,62232,9.99,621697.68,PUR-VJA-03,CFO-01,CFO,2026-04-07 10:36,,2026-04-19
PO/VJA/26-27/00021,2026-04-06 10:03,V0047,VJA,8940,91.73,820066.20,PUR-VJA-01,FC-01,Finance Controller,2026-04-07 12:47,,2026-04-25
PO/BLR/26-27/00033,2026-04-06 10:03,V0481,BLR,2161,245.41,530331.01,PUR-BLR-02,CFO-01,CFO,2026-04-08 10:13,,2026-04-19
PO/HYD/26-27/00054,2026-04-06 10:04,V0067,HYD,991,623.61,617997.51,PUR-HYD-01,CFO-01,CFO,2026-04-09 10:24,,2026-05-05
PO/VJA/26-27/00022,2026-04-06 10:05,V0350,VJA,10620,21.96,233215.20,PUR-VJA-01,FC-01,Finance Controller,2026-04-06 10:36,2026-04-13 10:22,2026-04-24
PO/HYD/26-27/00055,2026-04-06 10:05,V0498,HYD,3787,322.56,1221534.72,PUR-HYD-01,CFO-01,CFO,2026-04-07 11:54,,2026-04-23
PO/VSP/26-27/00017,2026-04-06 10:05,V0056,VSP,4370,280.00,1223600.00,PUR-VSP-02,FC-01,Finance Controller,2026-04-06 14:44,,2026-05-05
PO/WGL/26-27/00015,2026-04-06 10:06,V0080,WGL,1905,589.79,1123549.95,PUR-WGL-01,FC-01,Finance Controller,2026-04-06 18:16,,2026-04-28
PO/HYD/26-27/00056,2026-04-06 10:06,V0110,HYD,2752,314.72,866109.44,PUR-HYD-02,CFO-01,CFO,2026-04-08 10:43,,2026-04-21
PO/BLR/26-27/00034,2026-04-06 10:07,V0031,BLR,2382,46.02,109619.64,PUR-BLR-02,FC-01,Finance Controller,2026-04-06 16:57,2026-04-13 10:32,2026-04-14
PO/HYD/26-27/00057,2026-04-06 10:07,V0439,HYD,3152,50.28,158482.56,PUR-HYD-01,FC-01,Finance Controller,2026-04-07 10:29,,2026-04-25
PO/VJA/26-27/00023,2026-04-06 10:07,V0043,VJA,6277,252.46,1584691.42,PUR-VJA-03,CFO-01,CFO,2026-04-08 10:44,,2026-05-06
PO/BLR/26-27/00035,2026-04-06 10:09,V0325,BLR,394,61.08,24065.52,PUR-BLR-02,DM-BLR,Depot Manager,2026-04-06 16:51,,2026-04-21
PO/HYD/26-27/00058,2026-04-06 10:11,V0008,HYD,29366,52.40,1538778.40,PUR-HYD-01,FC-01,Finance Controller,2026-04-07 11:43,,2026-05-01
PO/VJA/26-27/00024,2026-04-06 10:19,V0216,VJA,16,1727.87,27645.92,PUR-VJA-02,DM-VJA,Depot Manager,2026-04-06 11:32,,2026-04-13
PO/VSP/26-27/00018,2026-04-06 10:19,V0370,VSP,8330,156.16,1300812.80,PUR-VSP-01,CFO-01,CFO,2026-04-06 10:40,,2026-05-05
PO/HBL/26-27/00015,2026-04-06 10:20,V0394,HBL,134237,8.12,1090004.44,PUR-HBL-03,CFO-01,CFO,2026-04-08 13:43,,2026-04-17
PO/HBL/26-27/00016,2026-04-06 10:21,V0421,HBL,2982,58.47,174357.54,PUR-HBL-01,FC-01,Finance Controller,2026-04-07 10:49,2026-04-10 10:46,2026-05-03
PO/VSP/26-27/00019,2026-04-06 10:21,V0315,VSP,3737,29.29,109456.73,PUR-VSP-02,FC-01,Finance Controller,2026-04-06 10:36,2026-04-13 10:06,2026-04-16
PO/HYD/26-27/00059,2026-04-06 10:21,V0305,HYD,2595,39.79,103255.05,PUR-HYD-02,FC-01,Finance Controller,2026-04-06 18:27,2026-04-20 10:16,2026-04-14
PO/VJA/26-27/00025,2026-04-06 10:21,V0299,VJA,9367,102.70,961990.90,PUR-VJA-01,CFO-01,CFO,2026-04-08 10:46,,2026-05-01
PO/BLR/26-27/00036,2026-04-06 10:22,V0473,BLR,53,411.48,21808.44,PUR-BLR-01,DM-BLR,Depot Manager,2026-04-06 14:14,,2026-05-06
PO/VJA/26-27/00026,2026-04-06 10:24,V0130,VJA,1411,35.67,50330.37,PUR-VJA-02,DM-VJA,Depot Manager,2026-04-07 10:21,2026-04-08 09:39,2026-04-23
PO/HYD/26-27/00060,2026-04-06 10:24,V0241,HYD,4871,246.83,1202308.93,PUR-HYD-01,CFO-01,CFO,2026-04-08 10:12,,2026-04-20
PO/VSP/26-27/00020,2026-04-06 10:26,V0108,VSP,73,1671.88,122047.24,PUR-VSP-01,FC-01,Finance Controller,2026-04-06 10:37,2026-04-20 10:29,2026-04-28
PO/HYD/26-27/00061,2026-04-06 10:26,V0027,HYD,52,289.88,15073.76,PUR-HYD-01,DM-HYD,Depot Manager,2026-04-06 11:57,2026-04-13 10:18,2026-04-17
PO/VSP/26-27/00021,2026-04-06 10:26,V0479,VSP,5339,155.41,829733.99,PUR-VSP-01,CFO-01,CFO,2026-04-07 12:41,,2026-04-18
PO/BLR/26-27/00037,2026-04-06 10:26,V0358,BLR,87719,10.88,954382.72,PUR-BLR-03,FC-01,Finance Controller,2026-04-07 11:12,,2026-04-22
PO/BLR/26-27/00038,2026-04-06 10:27,V0296,BLR,381,173.37,66053.97,PUR-BLR-03,DM-BLR,Depot Manager,2026-04-06 10:42,2026-04-18 10:06,2026-04-25
PO/BLR/26-27/00039,2026-04-06 10:27,V0405,BLR,6127,174.11,1066771.97,PUR-BLR-03,FC-01,Finance Controller,2026-04-07 14:28,,2026-04-22
PO/WGL/26-27/00016,2026-04-06 10:28,V0128,WGL,259,74.99,19422.41,PUR-WGL-02,DM-WGL,Depot Manager,2026-04-06 11:07,2026-04-16 15:59,2026-04-29
PO/BLR/26-27/00040,2026-04-06 10:29,V0471,BLR,17,1520.15,25842.55,PUR-BLR-02,DM-BLR,Depot Manager,2026-04-06 12:04,,2026-04-30
PO/HYD/26-27/00062,2026-04-06 10:30,V0228,HYD,1504,374.43,563142.72,PUR-HYD-01,CFO-01,CFO,2026-04-08 10:47,,2026-04-17
PO/VSP/26-27/00022,2026-04-06 10:31,V0158,VSP,126194,8.26,1042362.44,PUR-VSP-03,CFO-01,CFO,2026-04-08 10:30,,2026-04-18
PO/BLR/26-27/00041,2026-04-06 10:32,V0035,BLR,537,34.66,18612.42,PUR-BLR-03,DM-BLR,Depot Manager,2026-04-06 17:59,2026-04-18 13:05,2026-04-21
PO/HYD/26-27/00063,2026-04-06 10:33,V0285,HYD,62466,22.82,1425474.12,PUR-HYD-01,FC-01,Finance Controller,2026-04-07 11:34,,2026-05-04
PO/VJA/26-27/00027,2026-04-06 10:35,V0186,VJA,2510,375.85,943383.50,PUR-VJA-01,CFO-01,CFO,2026-04-08 10:11,,2026-04-22
PO/BLR/26-27/00042,2026-04-06 10:36,V0091,BLR,157,274.21,43050.97,PUR-BLR-02,DM-BLR,Depot Manager,2026-04-06 11:19,,2026-04-26
PO/WGL/26-27/00017,2026-04-06 10:36,V0434,WGL,16837,81.38,1370195.06,PUR-WGL-03,CFO-01,CFO,2026-04-07 10:11,,2026-04-25
PO/HYD/26-27/00064,2026-04-06 10:36,V0128,HYD,6425,239.13,1536410.25,PUR-HYD-02,CFO-01,CFO,2026-04-07 09:35,,2026-05-06
PO/VJA/26-27/00028,2026-04-06 10:37,V0316,VJA,1596,516.30,824014.80,PUR-VJA-01,FC-01,Finance Controller,2026-04-07 13:50,,2026-04-18
PO/VJA/26-27/00029,2026-04-06 10:37,V0367,VJA,14168,46.07,652719.76,PUR-VJA-01,FC-01,Finance Controller,2026-04-06 11:36,,2026-04-13
PO/WGL/26-27/00018,2026-04-06 10:38,V0065,WGL,1135,61.57,69881.95,PUR-WGL-03,DM-WGL,Depot Manager,2026-04-07 10:37,2026-04-13 16:09,2026-04-22
PO/VJA/26-27/00030,2026-04-06 10:38,V0041,VJA,74,123.36,9128.64,PUR-VJA-03,DM-VJA,Depot Manager,2026-04-06 12:51,2026-04-11 10:37,2026-04-26
PO/WGL/26-27/00019,2026-04-06 10:38,V0452,WGL,2712,293.00,794616.00,PUR-WGL-03,FC-01,Finance Controller,2026-04-06 10:43,,2026-04-14
PO/VJA/26-27/00031,2026-04-06 10:40,V0497,VJA,4502,9.92,44659.84,PUR-VJA-02,DM-VJA,Depot Manager,2026-04-06 12:38,2026-04-10 10:46,2026-04-28
PO/HYD/26-27/00065,2026-04-06 10:41,V0004,HYD,74015,17.07,1263436.05,PUR-HYD-03,FC-01,Finance Controller,2026-04-06 12:24,,2026-05-04
PO/VJA/26-27/00032,2026-04-06 10:42,V0068,VJA,4318,138.54,598215.72,PUR-VJA-02,CFO-01,CFO,2026-04-06 10:44,,2026-04-21
PO/HYD/26-27/00066,2026-04-06 10:42,V0232,HYD,130334,11.92,1553581.28,PUR-HYD-02,CFO-01,CFO,2026-04-06 18:56,,2026-04-19
PO/BLR/26-27/00043,2026-04-06 10:43,V0266,BLR,127168,8.89,1130523.52,PUR-BLR-03,CFO-01,CFO,2026-04-08 15:08,,2026-05-02
PO/HYD/26-27/00067,2026-04-06 10:43,V0174,HYD,3958,358.09,1417320.22,PUR-HYD-02,CFO-01,CFO,2026-04-07 10:23,,2026-04-16
PO/VJA/26-27/00033,2026-04-06 10:47,V0024,VJA,75,210.70,15802.50,PUR-VJA-02,DM-VJA,Depot Manager,2026-04-06 12:44,,2026-05-02
PO/VJA/26-27/00034,2026-04-06 10:49,V0481,VJA,563,43.20,24321.60,PUR-VJA-03,DM-VJA,Depot Manager,2026-04-06 11:38,2026-04-13 10:34,2026-05-06
PO/HYD/26-27/00068,2026-04-06 10:50,V0262,HYD,1010,84.98,85829.80,PUR-HYD-02,DM-HYD,Depot Manager,2026-04-06 12:40,,2026-05-05
PO/HYD/26-27/00069,2026-04-06 11:18,V0031,HYD,2466,15.15,37359.90,PUR-HYD-02,DM-HYD,Depot Manager,2026-04-06 12:03,,2026-05-04
PO/HBL/26-27/00017,2026-04-06 12:13,V0191,HBL,17222,12.33,212347.26,PUR-HBL-03,FC-01,Finance Controller,2026-04-06 17:23,,2026-04-17
PO/VJA/26-27/00035,2026-04-06 12:37,V0476,VJA,1345,185.82,249927.90,PUR-VJA-02,FC-01,Finance Controller,2026-04-06 13:02,,2026-04-23
PO/BLR/26-27/00044,2026-04-06 13:56,V0390,BLR,6912,181.45,1254182.40,PUR-BLR-03,CFO-01,CFO,2026-04-09 12:36,,2026-04-21
PO/HBL/26-27/00018,2026-04-06 14:01,V0353,HBL,4037,336.66,1359096.42,PUR-HBL-01,CFO-01,CFO,2026-04-07 18:08,,2026-04-18
PO/BLR/26-27/00045,2026-04-06 14:07,V0231,BLR,6450,172.18,1110561.00,PUR-BLR-03,CFO-01,CFO,2026-04-08 10:30,,2026-04-27
PO/WGL/26-27/00020,2026-04-06 14:19,V0264,WGL,6839,58.64,401038.96,PUR-WGL-03,FC-01,Finance Controller,2026-04-08 10:24,,2026-04-19
PO/VJA/26-27/00036,2026-04-06 14:24,V0298,VJA,35,1479.57,51784.95,PUR-VJA-03,DM-VJA,Depot Manager,2026-04-06 15:25,,2026-05-01
PO/BLR/26-27/00046,2026-04-06 15:16,V0364,BLR,19654,30.00,589620.00,PUR-BLR-01,CFO-01,CFO,2026-04-07 12:14,,2026-04-18
PO/HYD/26-27/00070,2026-04-06 15:38,V0311,HYD,2309,31.40,72502.60,PUR-HYD-01,DM-HYD,Depot Manager,2026-04-07 10:28,2026-04-10 10:49,2026-04-24
PO/HYD/26-27/00071,2026-04-06 17:37,V0325,HYD,24,1041.89,25005.36,PUR-HYD-03,DM-HYD,Depot Manager,2026-04-07 09:43,,
PO/WGL/26-27/00021,2026-04-07 09:49,V0316,WGL,25187,35.41,891871.67,PUR-WGL-03,CFO-01,CFO,2026-04-10 16:49,,2026-04-23
PO/HYD/26-27/00072,2026-04-07 10:08,V0124,HYD,1677,77.88,130604.76,PUR-HYD-02,FC-01,Finance Controller,2026-04-09 10:17,,2026-04-28
PO/HYD/26-27/00073,2026-04-07 10:09,V0264,HYD,88347,14.77,1304885.19,PUR-HYD-02,FC-01,Finance Controller,2026-04-08 10:31,,2026-05-03
PO/BLR/26-27/00047,2026-04-07 10:18,V0008,BLR,5608,20.87,117038.96,PUR-BLR-02,FC-01,Finance Controller,2026-04-07 12:02,,2026-04-15
PO/BLR/26-27/00048,2026-04-07 10:19,V0085,BLR,5727,30.17,172783.59,PUR-BLR-01,FC-01,Finance Controller,2026-04-07 15:12,,2026-04-20
PO/VJA/26-27/00037,2026-04-07 10:20,V0020,VJA,1979,484.55,958924.45,PUR-VJA-02,CFO-01,CFO,2026-04-10 12:50,,2026-05-06
PO/VSP/26-27/00023,2026-04-07 10:25,V0027,VSP,1389,260.19,361403.91,PUR-VSP-01,FC-01,Finance Controller,2026-04-07 12:02,,2026-04-24
PO/HYD/26-27/00074,2026-04-07 10:28,V0245,HYD,592,212.35,125711.20,PUR-HYD-01,FC-01,Finance Controller,2026-04-08 10:47,2026-04-11 10:08,2026-04-21
PO/HYD/26-27/00075,2026-04-07 10:28,V0106,HYD,8031,32.99,264942.69,PUR-HYD-02,FC-01,Finance Controller,2026-04-07 13:37,2026-04-13 10:42,2026-05-02
PO/VSP/26-27/00024,2026-04-07 10:28,V0412,VSP,3032,525.19,1592376.08,PUR-VSP-03,CFO-01,CFO,2026-04-10 17:33,,2026-04-21
PO/HYD/26-27/00076,2026-04-07 10:29,V0397,HYD,1644,21.14,34754.16,PUR-HYD-03,DM-HYD,Depot Manager,2026-04-07 16:53,2026-04-08 10:37,2026-04-24
PO/HYD/26-27/00077,2026-04-07 10:35,V0431,HYD,369,38.76,14302.44,PUR-HYD-02,DM-HYD,Depot Manager,2026-04-07 10:58,2026-04-08 10:37,2026-05-03
PO/HYD/26-27/00078,2026-04-07 10:36,V0019,HYD,918,1184.88,1087719.84,PUR-HYD-03,CFO-01,CFO,2026-04-10 10:27,,2026-04-17
PO/HYD/26-27/00079,2026-04-07 10:40,V0321,HYD,8087,175.87,1422260.69,PUR-HYD-02,CFO-01,CFO,2026-04-09 10:02,,2026-04-16
PO/BLR/26-27/00049,2026-04-07 10:41,V0206,BLR,198,75.25,14899.50,PUR-BLR-02,DM-BLR,Depot Manager,2026-04-08 10:30,2026-04-23 09:40,2026-05-04
PO/VJA/26-27/00038,2026-04-07 10:42,V0383,VJA,1455,644.38,937572.90,PUR-VJA-01,CFO-01,CFO,2026-04-08 16:18,,2026-04-24
PO/WGL/26-27/00022,2026-04-07 10:45,V0007,WGL,1057,342.88,362424.16,PUR-WGL-02,FC-01,Finance Controller,2026-04-08 16:07,,2026-04-24
PO/VSP/26-27/00025,2026-04-07 10:47,V0066,VSP,1010,10.61,10716.10,PUR-VSP-02,DM-VSP,Depot Manager,2026-04-07 12:37,2026-04-15 13:14,2026-04-16
PO/HBL/26-27/00019,2026-04-07 10:47,V0128,HBL,16569,54.55,903838.95,PUR-HBL-02,CFO-01,CFO,2026-04-10 10:48,,2026-05-06
PO/VSP/26-27/00026,2026-04-07 10:48,V0337,VSP,5861,89.56,524911.16,PUR-VSP-02,CFO-01,CFO,2026-04-10 10:13,,2026-04-24
PO/HYD/26-27/00080,2026-04-07 10:48,V0005,HYD,9176,22.36,205175.36,PUR-HYD-02,FC-01,Finance Controller,2026-04-08 14:42,,2026-05-04
PO/VJA/26-27/00039,2026-04-07 11:01,V0262,VJA,5581,136.37,761080.97,PUR-VJA-02,CFO-01,CFO,2026-04-08 10:44,,2026-04-20
PO/BLR/26-27/00050,2026-04-07 11:58,V0331,BLR,3136,37.77,118446.72,PUR-BLR-01,FC-01,Finance Controller,2026-04-08 10:25,2026-04-10 10:40,2026-04-16
PO/VJA/26-27/00040,2026-04-07 12:32,V0213,VJA,302,123.80,37387.60,PUR-VJA-03,DM-VJA,Depot Manager,2026-04-08 10:24,,2026-04-15
PO/HBL/26-27/00020,2026-04-07 13:02,V0191,HBL,112,279.99,31358.88,PUR-HBL-03,DM-HBL,Depot Manager,2026-04-08 10:50,,2026-05-03
PO/BLR/26-27/00051,2026-04-07 13:30,V0413,BLR,2805,129.17,362321.85,PUR-BLR-03,FC-01,Finance Controller,2026-04-08 10:20,,2026-05-03
PO/BLR/26-27/00052,2026-04-07 14:13,V0304,BLR,1536,86.88,133447.68,PUR-BLR-03,FC-01,Finance Controller,2026-04-08 10:05,,2026-04-22
PO/VSP/26-27/00027,2026-04-07 14:19,V0095,VSP,733,1301.29,953845.57,PUR-VSP-02,CFO-01,CFO,2026-04-10 10:15,,2026-04-26
PO/HYD/26-27/00081,2026-04-07 14:52,V0148,HYD,30,653.61,19608.30,PUR-HYD-01,DM-HYD,Depot Manager,2026-04-08 10:50,2026-04-10 12:25,2026-04-28
PO/HYD/26-27/00082,2026-04-07 15:08,V0023,HYD,11026,114.73,1265012.98,PUR-HYD-03,CFO-01,CFO,2026-04-09 09:46,,2026-04-28
PO/BLR/26-27/00053,2026-04-07 15:37,V0095,BLR,3708,227.71,844348.68,PUR-BLR-01,CFO-01,CFO,2026-04-09 10:30,,2026-05-03
PO/VJA/26-27/00041,2026-04-07 15:42,V0098,VJA,187,49.29,9217.23,PUR-VJA-02,DM-VJA,Depot Manager,2026-04-08 10:46,2026-04-16 13:35,2026-04-30
PO/HYD/26-27/00083,2026-04-07 15:56,V0029,HYD,479,1295.73,620654.67,PUR-HYD-03,FC-01,Finance Controller,2026-04-08 10:00,,2026-04-20
PO/WGL/26-27/00023,2026-04-07 16:32,V0044,WGL,279,38.06,10618.74,PUR-WGL-03,DM-WGL,Depot Manager,2026-04-08 11:05,2026-04-11 10:35,2026-04-25
PO/HYD/26-27/00084,2026-04-07 16:57,V0130,HYD,250,281.81,70452.50,PUR-HYD-03,DM-HYD,Depot Manager,2026-04-09 10:27,,2026-04-20
PO/HBL/26-27/00021,2026-04-07 17:28,V0051,HBL,6097,99.40,606041.80,PUR-HBL-03,CFO-01,CFO,2026-04-11 10:22,,2026-04-29
PO/WGL/26-27/00024,2026-04-07 17:42,V0283,WGL,464,1504.87,698259.68,PUR-WGL-02,CFO-01,CFO,2026-04-10 10:16,,2026-04-16
PO/BLR/26-27/00054,2026-04-07 17:57,V0041,BLR,995,170.42,169567.90,PUR-BLR-01,FC-01,Finance Controller,2026-04-08 10:04,2026-04-13 10:47,2026-04-30
PO/HYD/26-27/00085,2026-04-07 18:08,V0311,HYD,80,435.49,34839.20,PUR-HYD-02,DM-HYD,Depot Manager,2026-04-08 10:41,,2026-04-27
PO/HYD/26-27/00086,2026-04-07 18:25,V0191,HYD,46341,24.36,1128866.76,PUR-HYD-03,CFO-01,CFO,2026-04-11 10:48,,2026-04-14
PO/HYD/26-27/00087,2026-04-07 18:59,V0207,HYD,1015,261.28,265199.20,PUR-HYD-03,FC-01,Finance Controller,2026-04-08 14:44,,2026-05-04
PO/HYD/26-27/00088,2026-04-08 09:45,V0079,HYD,74,248.89,18417.86,PUR-HYD-01,DM-HYD,Depot Manager,2026-04-09 10:26,,2026-04-30
PO/HBL/26-27/00022,2026-04-08 10:03,V0207,HBL,834,93.53,78004.02,PUR-HBL-03,DM-HBL,Depot Manager,2026-04-09 10:34,2026-04-14 12:26,2026-05-01
PO/HYD/26-27/00089,2026-04-08 10:04,V0113,HYD,134,1084.05,145262.70,PUR-HYD-03,FC-01,Finance Controller,2026-04-09 10:27,,2026-05-03
PO/HBL/26-27/00023,2026-04-08 10:06,V0409,HBL,116252,10.97,1275284.44,PUR-HBL-02,CFO-01,CFO,2026-04-11 10:25,,2026-04-26
PO/VJA/26-27/00042,2026-04-08 10:07,V0388,VJA,36,932.87,33583.32,PUR-VJA-02,DM-VJA,Depot Manager,2026-04-09 10:45,,2026-04-18
PO/HYD/26-27/00090,2026-04-08 10:07,V0334,HYD,2013,8.06,16224.78,PUR-HYD-01,DM-HYD,Depot Manager,2026-04-09 10:04,2026-04-13 12:54,2026-04-23
PO/HYD/26-27/00091,2026-04-08 10:09,V0041,HYD,654,498.30,325888.20,PUR-HYD-01,FC-01,Finance Controller,2026-04-08 17:01,,2026-04-23
PO/HYD/26-27/00092,2026-04-08 10:09,V0443,HYD,593,188.39,111715.27,PUR-HYD-03,FC-01,Finance Controller,2026-04-10 10:24,2026-04-21 10:43,2026-05-07
PO/VJA/26-27/00043,2026-04-08 10:10,V0036,VJA,1155,184.89,213547.95,PUR-VJA-01,FC-01,Finance Controller,2026-04-08 14:51,,2026-05-04
PO/WGL/26-27/00025,2026-04-08 10:11,V0468,WGL,1726,16.63,28703.38,PUR-WGL-02,DM-WGL,Depot Manager,2026-04-08 16:30,,2026-04-20
PO/HYD/26-27/00093,2026-04-08 10:13,V0324,HYD,285,144.50,41182.50,PUR-HYD-02,DM-HYD,Depot Manager,2026-04-08 16:37,,2026-04-19
PO/BLR/26-27/00055,2026-04-08 10:16,V0039,BLR,1783,16.89,30114.87,PUR-BLR-02,DM-BLR,Depot Manager,2026-04-08 11:11,,2026-04-25
PO/HYD/26-27/00094,2026-04-08 10:20,V0451,HYD,8298,190.66,1582096.68,PUR-HYD-03,CFO-01,CFO,2026-04-10 12:12,,2026-04-18
PO/VJA/26-27/00044,2026-04-08 10:24,V0140,VJA,8695,23.80,206941.00,PUR-VJA-02,FC-01,Finance Controller,2026-04-10 10:43,,2026-04-26
PO/VJA/26-27/00045,2026-04-08 10:24,V0099,VJA,1304,243.04,316924.16,PUR-VJA-03,FC-01,Finance Controller,2026-04-09 13:03,,2026-05-02
PO/HYD/26-27/00095,2026-04-08 10:26,V0488,HYD,249,67.30,16757.70,PUR-HYD-01,DM-HYD,Depot Manager,2026-04-08 18:23,,2026-04-29
PO/VSP/26-27/00028,2026-04-08 10:26,V0035,VSP,8841,66.21,585362.61,PUR-VSP-01,CFO-01,CFO,2026-04-09 18:25,,2026-04-19
PO/HYD/26-27/00096,2026-04-08 10:27,V0279,HYD,59,1467.34,86573.06,PUR-HYD-03,DM-HYD,Depot Manager,2026-04-08 10:50,2026-04-20 16:59,2026-05-06
PO/HYD/26-27/00097,2026-04-08 10:27,V0150,HYD,76668,10.16,778946.88,PUR-HYD-02,CFO-01,CFO,2026-04-11 10:21,,2026-04-28
PO/VSP/26-27/00029,2026-04-08 10:35,V0137,VSP,348,56.26,19578.48,PUR-VSP-02,DM-VSP,Depot Manager,2026-04-08 18:53,2026-04-13 17:55,2026-04-17
PO/HBL/26-27/00024,2026-04-08 10:35,V0312,HBL,23238,26.64,619060.32,PUR-HBL-03,CFO-01,CFO,2026-04-11 10:49,,2026-05-04
PO/HYD/26-27/00098,2026-04-08 10:38,V0176,HYD,4234,48.13,203782.42,PUR-HYD-03,FC-01,Finance Controller,2026-04-09 13:55,2026-04-27 10:39,2026-04-17
PO/HYD/26-27/00099,2026-04-08 10:41,V0392,HYD,37367,25.09,937538.03,PUR-HYD-02,FC-01,Finance Controller,2026-04-08 11:40,,2026-04-18
PO/VJA/26-27/00046,2026-04-08 10:44,V0019,VJA,3381,71.31,241099.11,PUR-VJA-02,FC-01,Finance Controller,2026-04-09 14:01,,2026-04-28
PO/HYD/26-27/00100,2026-04-08 10:44,V0063,HYD,28773,45.88,1320105.24,PUR-HYD-01,CFO-01,CFO,2026-04-09 10:03,,2026-04-22
PO/HYD/26-27/00101,2026-04-08 10:46,V0432,HYD,8812,12.43,109533.16,PUR-HYD-02,FC-01,Finance Controller,2026-04-09 12:31,2026-04-15 10:34,2026-04-24
PO/HYD/26-27/00102,2026-04-08 11:16,V0427,HYD,730,270.80,197684.00,PUR-HYD-01,FC-01,Finance Controller,2026-04-09 10:39,2026-04-22 10:24,2026-04-20
PO/VJA/26-27/00047,2026-04-08 11:43,V0207,VJA,14436,23.65,341411.40,PUR-VJA-01,FC-01,Finance Controller,2026-04-10 10:23,,2026-04-23
PO/BLR/26-27/00056,2026-04-08 12:33,V0498,BLR,44858,8.00,358864.00,PUR-BLR-03,FC-01,Finance Controller,2026-04-10 10:04,,2026-04-25
PO/HYD/26-27/00103,2026-04-08 12:58,V0387,HYD,2143,108.26,232001.18,PUR-HYD-02,FC-01,Finance Controller,2026-04-09 13:07,,2026-04-25
PO/VJA/26-27/00048,2026-04-08 13:12,V0083,VJA,1605,90.42,145124.10,PUR-VJA-02,FC-01,Finance Controller,2026-04-09 16:04,2026-04-11 22:20,2026-05-04
PO/BLR/26-27/00057,2026-04-08 13:21,V0161,BLR,830,53.51,44413.30,PUR-BLR-02,DM-BLR,Depot Manager,2026-04-10 10:28,,2026-04-27
PO/HYD/26-27/00104,2026-04-08 13:22,V0041,HYD,26666,53.97,1439164.02,PUR-HYD-03,CFO-01,CFO,2026-04-10 18:48,,2026-05-07
PO/VSP/26-27/00030,2026-04-08 14:38,V0086,VSP,46,707.07,32525.22,PUR-VSP-01,DM-VSP,Depot Manager,2026-04-08 18:54,,2026-04-18
PO/WGL/26-27/00026,2026-04-08 15:02,V0080,WGL,991,1074.99,1065315.09,PUR-WGL-03,CFO-01,CFO,2026-04-10 17:30,,2026-04-29
PO/BLR/26-27/00058,2026-04-08 15:28,V0402,BLR,382,344.99,131786.18,PUR-BLR-02,FC-01,Finance Controller,2026-04-09 14:12,,2026-04-19
PO/VJA/26-27/00049,2026-04-08 15:33,V0091,VJA,263,300.79,79107.77,PUR-VJA-01,DM-VJA,Depot Manager,2026-04-09 10:34,2026-04-14 16:23,2026-05-04
PO/HYD/26-27/00105,2026-04-08 15:38,V0184,HYD,861,1529.38,1316796.18,PUR-HYD-01,FC-01,Finance Controller,2026-04-09 18:02,,2026-05-02
PO/VSP/26-27/00031,2026-04-08 16:07,V0114,VSP,1017,865.69,880406.73,PUR-VSP-01,CFO-01,CFO,2026-04-11 10:36,,2026-04-20
PO/HYD/26-27/00106,2026-04-08 16:42,V0353,HYD,3526,12.57,44321.82,PUR-HYD-01,DM-HYD,Depot Manager,2026-04-09 10:38,,2026-04-21
PO/HYD/26-27/00107,2026-04-08 16:45,V0424,HYD,7054,17.82,125702.28,PUR-HYD-01,FC-01,Finance Controller,2026-04-09 10:07,,2026-05-07
PO/HYD/26-27/00108,2026-04-08 17:41,V0461,HYD,5273,123.52,651320.96,PUR-HYD-02,CFO-01,CFO,2026-04-10 10:08,,2026-04-24
PO/BLR/26-27/00059,2026-04-08 18:16,V0003,BLR,3153,297.27,937292.31,PUR-BLR-03,CFO-01,CFO,2026-04-10 12:02,,2026-05-01
PO/VSP/26-27/00032,2026-04-08 18:43,V0437,VSP,178,187.62,33396.36,PUR-VSP-03,DM-VSP,Depot Manager,2026-04-09 10:24,,2026-04-28
PO/WGL/26-27/00027,2026-04-09 09:48,V0137,WGL,582,63.17,36764.94,PUR-WGL-01,DM-WGL,Depot Manager,2026-04-09 11:48,2026-04-13 15:21,2026-04-21
PO/HYD/26-27/00109,2026-04-09 10:02,V0261,HYD,1124,914.60,1028010.40,PUR-HYD-01,CFO-01,CFO,2026-04-10 18:25,,2026-04-16
PO/VJA/26-27/00050,2026-04-09 10:02,V0023,VJA,68120,12.37,842644.40,PUR-VJA-02,FC-01,Finance Controller,2026-04-09 10:44,,2026-05-02
PO/VSP/26-27/00033,2026-04-09 10:04,V0332,VSP,338,93.02,31440.76,PUR-VSP-01,DM-VSP,Depot Manager,2026-04-09 10:33,,2026-04-20
PO/HYD/26-27/00110,2026-04-09 10:04,V0080,HYD,9363,131.26,1228987.38,PUR-HYD-01,CFO-01,CFO,2026-04-10 17:18,,2026-04-19
PO/VJA/26-27/00051,2026-04-09 10:05,V0019,VJA,8162,15.78,128796.36,PUR-VJA-01,FC-01,Finance Controller,2026-04-11 10:25,,2026-04-29
PO/VJA/26-27/00052,2026-04-09 10:06,V0337,VJA,67,967.95,64852.65,PUR-VJA-01,DM-VJA,Depot Manager,2026-04-09 10:07,2026-04-13 10:32,2026-04-29
PO/HBL/26-27/00025,2026-04-09 10:08,V0361,HBL,25,1404.05,35101.25,PUR-HBL-02,DM-HBL,Depot Manager,2026-04-09 11:08,,2026-05-05
PO/WGL/26-27/00028,2026-04-09 10:08,V0479,WGL,6808,87.06,592704.48,PUR-WGL-03,CFO-01,CFO,2026-04-13 10:14,,2026-04-21
PO/HYD/26-27/00111,2026-04-09 10:09,V0195,HYD,774,507.77,393013.98,PUR-HYD-01,FC-01,Finance Controller,2026-04-10 10:11,,2026-04-27
PO/VSP/26-27/00034,2026-04-09 10:11,V0015,VSP,388,1705.04,661555.52,PUR-VSP-01,CFO-01,CFO,2026-04-10 16:32,,2026-04-17
PO/BLR/26-27/00060,2026-04-09 10:12,V0130,BLR,23,533.20,12263.60,PUR-BLR-01,DM-BLR,Depot Manager,2026-04-09 16:13,2026-04-11 10:20,2026-05-01
PO/BLR/26-27/00061,2026-04-09 10:14,V0043,BLR,36,868.81,31277.16,PUR-BLR-02,DM-BLR,Depot Manager,2026-04-10 10:41,,2026-04-17
PO/WGL/26-27/00029,2026-04-09 10:14,V0304,WGL,7597,178.37,1355076.89,PUR-WGL-01,CFO-01,CFO,2026-04-11 10:24,,2026-04-19
PO/HYD/26-27/00112,2026-04-09 10:17,V0028,HYD,30953,37.75,1168475.75,PUR-HYD-01,CFO-01,CFO,2026-04-13 10:04,,2026-04-20
PO/VJA/26-27/00053,2026-04-09 10:19,V0463,VJA,784,55.75,43708.00,PUR-VJA-01,DM-VJA,Depot Manager,2026-04-10 10:28,,2026-04-16
PO/BLR/26-27/00062,2026-04-09 10:28,V0489,BLR,395,955.58,377454.10,PUR-BLR-01,FC-01,Finance Controller,2026-04-10 14:26,,2026-05-07
PO/WGL/26-27/00030,2026-04-09 10:30,V0023,WGL,656,26.78,17567.68,PUR-WGL-02,DM-WGL,Depot Manager,2026-04-09 11:37,,2026-04-28
PO/VJA/26-27/00054,2026-04-09 10:31,V0108,VJA,1322,675.83,893447.26,PUR-VJA-03,CFO-01,CFO,2026-04-13 10:05,,2026-04-24
PO/VJA/26-27/00055,2026-04-09 10:36,V0491,VJA,734,27.02,19832.68,PUR-VJA-02,DM-VJA,Depot Manager,2026-04-09 12:33,2026-04-21 10:24,2026-04-23
PO/VSP/26-27/00035,2026-04-09 10:37,V0118,VSP,1131,78.81,89134.11,PUR-VSP-01,DM-VSP,Depot Manager,2026-04-09 17:25,,2026-04-20
PO/HBL/26-27/00026,2026-04-09 10:38,V0497,HBL,17708,31.40,556031.20,PUR-HBL-03,CFO-01,CFO,2026-04-13 10:02,,2026-04-17
PO/VSP/26-27/00036,2026-04-09 10:41,V0047,VSP,704,89.43,62958.72,PUR-VSP-01,DM-VSP,Depot Manager,2026-04-10 10:08,2026-04-11 18:58,2026-05-08
PO/VJA/26-27/00056,2026-04-09 10:41,V0054,VJA,34732,18.54,643931.28,PUR-VJA-01,CFO-01,CFO,2026-04-11 10:29,,2026-04-19
PO/VSP/26-27/00037,2026-04-09 10:43,V0083,VSP,101,232.89,23521.89,PUR-VSP-01,DM-VSP,Depot Manager,2026-04-09 11:45,2026-04-11 14:31,2026-05-05
PO/VJA/26-27/00057,2026-04-09 10:46,V0489,VJA,33,865.21,28551.93,PUR-VJA-02,DM-VJA,Depot Manager,2026-04-14 10:50,,2026-05-06
PO/VSP/26-27/00038,2026-04-09 10:47,V0147,VSP,1323,497.41,658073.43,PUR-VSP-02,CFO-01,CFO,2026-04-10 16:31,,2026-05-06
PO/VJA/26-27/00058,2026-04-09 10:49,V0185,VJA,1298,20.19,26206.62,PUR-VJA-03,DM-VJA,Depot Manager,2026-04-09 13:40,2026-04-14 10:42,2026-04-20
PO/VJA/26-27/00059,2026-04-09 10:50,V0028,VJA,489,84.79,41462.31,PUR-VJA-03,DM-VJA,Depot Manager,2026-04-10 10:09,,2026-04-16
PO/BLR/26-27/00063,2026-04-09 11:02,V0498,BLR,8732,8.39,73261.48,PUR-BLR-02,DM-BLR,Depot Manager,2026-04-10 10:22,,2026-04-22
PO/HBL/26-27/00027,2026-04-09 11:18,V0304,HBL,5127,116.31,596321.37,PUR-HBL-02,FC-01,Finance Controller,2026-04-10 10:03,,2026-04-27
PO/HYD/26-27/00113,2026-04-09 11:24,V0164,HYD,128,606.36,77614.08,PUR-HYD-02,DM-HYD,Depot Manager,2026-04-10 10:11,,
PO/HBL/26-27/00028,2026-04-09 11:37,V0068,HBL,1454,135.99,197729.46,PUR-HBL-02,FC-01,Finance Controller,2026-04-09 16:16,,2026-04-17
PO/BLR/26-27/00064,2026-04-09 12:30,V0002,BLR,90897,11.12,1010774.64,PUR-BLR-02,CFO-01,CFO,2026-04-10 15:43,,2026-05-04
PO/VJA/26-27/00060,2026-04-09 13:04,V0080,VJA,530,218.10,115593.00,PUR-VJA-02,FC-01,Finance Controller,2026-04-09 16:29,,2026-04-22
PO/WGL/26-27/00031,2026-04-09 13:23,V0046,WGL,41880,25.73,1077572.40,PUR-WGL-02,FC-01,Finance Controller,2026-04-10 10:26,,2026-04-22
PO/HYD/26-27/00114,2026-04-09 14:39,V0417,HYD,62,164.57,10203.34,PUR-HYD-01,DM-HYD,Depot Manager,2026-04-10 10:27,2026-04-13 10:27,2026-04-30
PO/HYD/26-27/00115,2026-04-09 14:57,V0307,HYD,11065,125.77,1391645.05,PUR-HYD-02,CFO-01,CFO,2026-04-13 10:10,,2026-05-05
PO/HYD/26-27/00116,2026-04-09 15:17,V0030,HYD,6381,42.32,270043.92,PUR-HYD-01,FC-01,Finance Controller,2026-04-10 10:34,,2026-04-23
PO/WGL/26-27/00032,2026-04-09 15:55,V0351,WGL,16,1201.29,19220.64,PUR-WGL-03,DM-WGL,Depot Manager,2026-04-10 10:15,2026-04-22 10:41,2026-04-16
PO/HYD/26-27/00117,2026-04-09 15:56,V0168,HYD,42867,16.59,711163.53,PUR-HYD-03,CFO-01,CFO,2026-04-13 10:37,,2026-05-08
PO/HYD/26-27/00118,2026-04-09 16:14,V0179,HYD,547,39.52,21617.44,PUR-HYD-03,DM-HYD,Depot Manager,2026-04-09 18:24,2026-04-13 15:54,2026-04-27
PO/BLR/26-27/00065,2026-04-09 16:25,V0445,BLR,21587,46.37,1000989.19,PUR-BLR-01,CFO-01,CFO,2026-04-13 10:28,,2026-04-16
PO/WGL/26-27/00033,2026-04-09 16:26,V0346,WGL,375,112.92,42345.00,PUR-WGL-01,DM-WGL,Depot Manager,2026-04-10 10:50,2026-04-11 22:34,2026-04-24
PO/BLR/26-27/00066,2026-04-09 16:59,V0080,BLR,342,1251.23,427920.66,PUR-BLR-02,FC-01,Finance Controller,2026-04-11 10:09,,2026-05-09
PO/VJA/26-27/00061,2026-04-09 17:04,V0317,VJA,54021,10.62,573703.02,PUR-VJA-03,CFO-01,CFO,2026-04-11 17:12,,2026-05-08
PO/VSP/26-27/00039,2026-04-09 17:19,V0100,VSP,28,446.37,12498.36,PUR-VSP-01,DM-VSP,Depot Manager,2026-04-10 10:26,2026-04-12 10:07,2026-04-29
PO/VSP/26-27/00040,2026-04-09 17:32,V0076,VSP,6659,146.17,973346.03,PUR-VSP-02,FC-01,Finance Controller,2026-04-11 10:22,,2026-04-26
PO/HBL/26-27/00029,2026-04-09 17:40,V0451,HBL,1303,871.52,1135590.56,PUR-HBL-01,CFO-01,CFO,2026-04-11 15:52,,2026-04-27
PO/BLR/26-27/00067,2026-04-09 17:56,V0266,BLR,3608,245.95,887387.60,PUR-BLR-01,CFO-01,CFO,2026-04-11 10:12,,2026-04-19
PO/VJA/26-27/00062,2026-04-10 10:01,V0083,VJA,428,587.24,251338.72,PUR-VJA-01,FC-01,Finance Controller,2026-04-10 12:19,,2026-05-03
PO/BLR/26-27/00068,2026-04-10 10:03,V0356,BLR,940,29.14,27391.60,PUR-BLR-02,DM-BLR,Depot Manager,2026-04-11 10:46,,2026-04-22
PO/HYD/26-27/00119,2026-04-10 10:04,V0049,HYD,1076,100.06,107664.56,PUR-HYD-02,FC-01,Finance Controller,2026-04-13 10:39,2026-04-17 10:22,2026-05-06
PO/HYD/26-27/00120,2026-04-10 10:04,V0277,HYD,925,769.20,711510.00,PUR-HYD-01,CFO-01,CFO,2026-04-11 16:56,,2026-04-25
PO/WGL/26-27/00034,2026-04-10 10:06,V0277,WGL,1481,56.68,83943.08,PUR-WGL-03,DM-WGL,Depot Manager,2026-04-11 14:58,,2026-04-30
PO/HYD/26-27/00121,2026-04-10 10:08,V0128,HYD,92,609.74,56096.08,PUR-HYD-03,DM-HYD,Depot Manager,2026-04-10 14:51,,2026-05-05
PO/HBL/26-27/00030,2026-04-10 10:08,V0166,HBL,85,1687.70,143454.50,PUR-HBL-03,FC-01,Finance Controller,2026-04-11 10:27,,2026-04-22
PO/VJA/26-27/00063,2026-04-10 10:08,V0079,VJA,1506,1003.48,1511240.88,PUR-VJA-01,CFO-01,CFO,2026-04-13 10:16,,2026-05-05
PO/HYD/26-27/00122,2026-04-10 10:11,V0011,HYD,87,1621.97,141111.39,PUR-HYD-01,FC-01,Finance Controller,2026-04-13 10:43,,2026-04-22
PO/HYD/26-27/00123,2026-04-10 10:11,V0368,HYD,268,1323.58,354719.44,PUR-HYD-01,FC-01,Finance Controller,2026-04-10 16:31,,2026-04-30
PO/HYD/26-27/00124,2026-04-10 10:12,V0414,HYD,3980,15.55,61889.00,PUR-HYD-01,DM-HYD,Depot Manager,2026-04-10 11:22,2026-04-13 10:28,2026-05-01
PO/HYD/26-27/00125,2026-04-10 10:14,V0106,HYD,295,725.24,213945.80,PUR-HYD-02,FC-01,Finance Controller,2026-04-10 10:46,,2026-04-17
PO/VSP/26-27/00041,2026-04-10 10:16,V0150,VSP,3148,11.41,35918.68,PUR-VSP-01,DM-VSP,Depot Manager,2026-04-11 10:34,,2026-04-22
PO/HYD/26-27/00126,2026-04-10 10:18,V0444,HYD,88,517.04,45499.52,PUR-HYD-02,DM-HYD,Depot Manager,2026-04-10 10:40,,2026-05-08
PO/HYD/26-27/00127,2026-04-10 10:20,V0406,HYD,595,110.95,66015.25,PUR-HYD-02,DM-HYD,Depot Manager,2026-04-10 17:17,,2026-05-05
PO/HYD/26-27/00128,2026-04-10 10:23,V0481,HYD,15250,95.35,1454087.50,PUR-HYD-02,CFO-01,CFO,2026-04-11 10:07,,2026-04-24
PO/HYD/26-27/00129,2026-04-10 10:26,V0005,HYD,286,869.89,248788.54,PUR-HYD-02,FC-01,Finance Controller,2026-04-13 10:02,2026-04-15 11:37,2026-05-02
PO/HYD/26-27/00130,2026-04-10 10:26,V0481,HYD,8064,86.23,695358.72,PUR-HYD-02,FC-01,Finance Controller,2026-04-11 10:44,,2026-05-08
PO/HYD/26-27/00131,2026-04-10 10:28,V0171,HYD,2412,281.90,679942.80,PUR-HYD-01,FC-01,Finance Controller,2026-04-13 10:39,,2026-04-22
PO/HYD/26-27/00132,2026-04-10 10:28,V0130,HYD,1904,204.35,389082.40,PUR-HYD-01,FC-01,Finance Controller,2026-04-11 10:33,,2026-04-28
PO/VJA/26-27/00064,2026-04-10 10:31,V0090,VJA,334,124.79,41679.86,PUR-VJA-02,DM-VJA,Depot Manager,2026-04-11 10:07,,2026-05-10
PO/BLR/26-27/00069,2026-04-10 10:32,V0116,BLR,2337,8.39,19607.43,PUR-BLR-02,DM-BLR,Depot Manager,2026-04-10 12:39,2026-04-28 10:45,2026-04-28
PO/VSP/26-27/00042,2026-04-10 10:33,V0019,VSP,5075,25.90,131442.50,PUR-VSP-01,FC-01,Finance Controller,2026-04-11 10:49,,2026-04-30
PO/BLR/26-27/00070,2026-04-10 10:33,V0474,BLR,19257,30.98,596581.86,PUR-BLR-03,CFO-01,CFO,2026-04-13 10:15,,2026-04-25
PO/HBL/26-27/00031,2026-04-10 10:34,V0449,HBL,1504,67.07,100873.28,PUR-HBL-01,FC-01,Finance Controller,2026-04-13 10:05,,2026-05-02
PO/HYD/26-27/00133,2026-04-10 10:35,V0116,HYD,16936,19.05,322630.80,PUR-HYD-01,FC-01,Finance Controller,2026-04-11 10:42,,2026-04-30
PO/HYD/26-27/00134,2026-04-10 10:37,V0422,HYD,15255,90.36,1378441.80,PUR-HYD-02,FC-01,Finance Controller,2026-04-11 10:45,,2026-04-25
PO/HYD/26-27/00135,2026-04-10 10:38,V0136,HYD,68882,8.33,573787.06,PUR-HYD-01,FC-01,Finance Controller,2026-04-11 10:09,,2026-05-08
PO/BLR/26-27/00071,2026-04-10 10:39,V0379,BLR,2641,79.70,210487.70,PUR-BLR-03,FC-01,Finance Controller,2026-04-13 10:02,,2026-04-28
PO/HYD/26-27/00136,2026-04-10 10:40,V0142,HYD,8446,31.48,265880.08,PUR-HYD-03,FC-01,Finance Controller,2026-04-11 10:08,2026-04-14 18:03,2026-04-18
PO/HYD/26-27/00137,2026-04-10 10:40,V0083,HYD,601,242.41,145688.41,PUR-HYD-03,FC-01,Finance Controller,2026-04-10 10:59,2026-04-21 15:46,2026-04-24
PO/VJA/26-27/00065,2026-04-10 10:45,V0380,VJA,26023,58.46,1521304.58,PUR-VJA-03,CFO-01,CFO,2026-04-13 10:17,,2026-05-04
PO/VSP/26-27/00043,2026-04-10 10:46,V0011,VSP,1688,115.59,195115.92,PUR-VSP-02,FC-01,Finance Controller,2026-04-10 12:06,,2026-04-17
PO/BLR/26-27/00072,2026-04-10 10:48,V0128,BLR,10,1079.00,10790.00,PUR-BLR-02,DM-BLR,Depot Manager,2026-04-10 11:39,2026-04-13 10:13,2026-05-02
PO/HYD/26-27/00138,2026-04-10 10:50,V0148,HYD,1350,179.45,242257.50,PUR-HYD-02,FC-01,Finance Controller,2026-04-11 15:53,2026-04-17 12:46,2026-04-30
PO/BLR/26-27/00073,2026-04-10 11:09,V0331,BLR,7162,109.43,783737.66,PUR-BLR-02,FC-01,Finance Controller,2026-04-13 10:48,,2026-04-26
PO/BLR/26-27/00074,2026-04-10 11:16,V0123,BLR,347,949.70,329545.90,PUR-BLR-02,FC-01,Finance Controller,2026-04-11 10:02,,2026-05-04
PO/HYD/26-27/00139,2026-04-10 11:28,V0223,HYD,1992,55.31,110177.52,PUR-HYD-03,FC-01,Finance Controller,2026-04-11 10:11,,2026-05-09
PO/HYD/26-27/00140,2026-04-10 12:02,V0477,HYD,3671,323.91,1189073.61,PUR-HYD-01,FC-01,Finance Controller,2026-04-11 10:00,,2026-05-03
PO/HYD/26-27/00141,2026-04-10 14:06,V0276,HYD,1381,58.93,81382.33,PUR-HYD-02,DM-HYD,Depot Manager,2026-04-11 09:42,,2026-04-18
PO/VJA/26-27/00066,2026-04-10 14:32,V0414,VJA,5425,39.17,212497.25,PUR-VJA-01,FC-01,Finance Controller,2026-04-11 12:26,,2026-04-26
PO/VJA/26-27/00067,2026-04-10 15:08,V0463,VJA,805,43.91,35347.55,PUR-VJA-03,DM-VJA,Depot Manager,2026-04-10 18:12,,2026-04-19
PO/VJA/26-27/00068,2026-04-10 15:19,V0083,VJA,77,783.58,60335.66,PUR-VJA-03,DM-VJA,Depot Manager,2026-04-10 16:41,2026-04-13 14:34,2026-04-23
PO/HBL/26-27/00032,2026-04-10 15:30,V0027,HBL,8711,23.32,203140.52,PUR-HBL-02,FC-01,Finance Controller,2026-04-11 10:19,,2026-04-29
PO/HYD/26-27/00142,2026-04-10 15:35,V0029,HYD,46,461.76,21240.96,PUR-HYD-01,DM-HYD,Depot Manager,2026-04-14 10:20,,2026-05-08
PO/BLR/26-27/00075,2026-04-10 15:55,V0102,BLR,14979,79.99,1198170.21,PUR-BLR-01,FC-01,Finance Controller,2026-04-13 10:18,,2026-05-07
PO/WGL/26-27/00035,2026-04-10 16:45,V0294,WGL,1556,936.12,1456602.72,PUR-WGL-02,CFO-01,CFO,2026-04-13 10:19,,2026-05-07
PO/VSP/26-27/00044,2026-04-10 17:04,V0053,VSP,32492,10.74,348964.08,PUR-VSP-02,FC-01,Finance Controller,2026-04-13 10:46,,2026-04-27
PO/HBL/26-27/00033,2026-04-10 17:27,V0421,HBL,4952,202.86,1004562.72,PUR-HBL-02,CFO-01,CFO,2026-04-13 10:26,,2026-04-21
PO/VJA/26-27/00069,2026-04-10 17:51,V0245,VJA,2729,140.86,384406.94,PUR-VJA-02,FC-01,Finance Controller,2026-04-11 10:06,,2026-05-09
PO/HYD/26-27/00143,2026-04-10 17:52,V0012,HYD,3631,65.04,236160.24,PUR-HYD-01,FC-01,Finance Controller,2026-04-11 18:08,2026-04-17 10:29,2026-04-22
PO/VJA/26-27/00070,2026-04-10 18:11,V0089,VJA,18748,37.48,702675.04,PUR-VJA-02,CFO-01,CFO,2026-04-13 10:29,,2026-04-25
PO/VSP/26-27/00045,2026-04-10 18:19,V0256,VSP,1162,701.17,814759.54,PUR-VSP-03,CFO-01,CFO,2026-04-13 10:15,,2026-04-17
PO/VSP/26-27/00046,2026-04-10 18:40,V0086,VSP,6277,251.34,1577661.18,PUR-VSP-02,CFO-01,CFO,2026-04-13 10:27,,2026-05-03
PO/WGL/26-27/00036,2026-04-11 10:00,V0023,WGL,50,323.48,16174.00,PUR-WGL-02,DM-WGL,Depot Manager,2026-04-11 10:12,,2026-05-08
PO/VJA/26-27/00071,2026-04-11 10:07,V0020,VJA,58,725.73,42092.34,PUR-VJA-01,DM-VJA,Depot Manager,2026-04-13 10:08,,2026-05-06
PO/BLR/26-27/00076,2026-04-11 10:07,V0166,BLR,766,1435.48,1099577.68,PUR-BLR-02,CFO-01,CFO,2026-04-14 10:08,,2026-04-24
PO/VJA/26-27/00072,2026-04-11 10:08,V0089,VJA,323,61.04,19715.92,PUR-VJA-02,DM-VJA,Depot Manager,2026-04-13 10:29,,2026-05-02
PO/VSP/26-27/00047,2026-04-11 10:09,V0205,VSP,272,729.91,198535.52,PUR-VSP-02,FC-01,Finance Controller,2026-04-11 10:26,2026-04-12 10:15,2026-04-22
PO/HYD/26-27/00144,2026-04-11 10:09,V0103,HYD,21533,62.56,1347104.48,PUR-HYD-03,CFO-01,CFO,2026-04-14 10:12,,2026-05-06
PO/BLR/26-27/00077,2026-04-11 10:10,V0451,BLR,487,171.96,83744.52,PUR-BLR-03,DM-BLR,Depot Manager,2026-04-11 14:12,2026-04-17 10:21,2026-05-05
PO/BLR/26-27/00078,2026-04-11 10:10,V0349,BLR,5507,98.15,540512.05,PUR-BLR-01,CFO-01,CFO,2026-04-14 10:40,,2026-05-03
PO/VJA/26-27/00073,2026-04-11 10:11,V0145,VJA,684,54.14,37031.76,PUR-VJA-01,DM-VJA,Depot Manager,2026-04-11 11:47,2026-04-13 10:10,2026-04-30
PO/HYD/26-27/00145,2026-04-11 10:12,V0173,HYD,93,1356.65,126168.45,PUR-HYD-03,FC-01,Finance Controller,2026-04-13 10:04,,2026-04-23
PO/HYD/26-27/00146,2026-04-11 10:13,V0369,HYD,678,179.78,121890.84,PUR-HYD-02,FC-01,Finance Controller,2026-04-11 15:15,,2026-05-01
PO/HYD/26-27/00147,2026-04-11 10:13,V0025,HYD,91569,14.36,1314930.84,PUR-HYD-03,CFO-01,CFO,2026-04-13 10:05,,2026-04-24
PO/BLR/26-27/00079,2026-04-11 10:14,V0479,BLR,1626,15.37,24991.62,PUR-BLR-03,DM-BLR,Depot Manager,2026-04-11 10:51,2026-04-17 10:40,2026-05-04
PO/VJA/26-27/00074,2026-04-11 10:15,V0438,VJA,12,769.49,9233.88,PUR-VJA-01,DM-VJA,Depot Manager,2026-04-11 12:01,2026-04-13 10:17,2026-04-30
PO/HYD/26-27/00148,2026-04-11 10:18,V0072,HYD,999,66.00,65934.00,PUR-HYD-01,DM-HYD,Depot Manager,2026-04-13 10:22,,2026-05-10
PO/HYD/26-27/00149,2026-04-11 10:19,V0340,HYD,1436,13.88,19931.68,PUR-HYD-03,DM-HYD,Depot Manager,2026-04-11 12:51,,2026-05-05
PO/HYD/26-27/00150,2026-04-11 10:20,V0256,HYD,2077,17.81,36991.37,PUR-HYD-03,DM-HYD,Depot Manager,2026-04-11 12:03,,2026-05-02
PO/HYD/26-27/00151,2026-04-11 10:22,V0425,HYD,13992,55.14,771518.88,PUR-HYD-01,FC-01,Finance Controller,2026-04-13 10:47,,2026-04-22
PO/HYD/26-27/00152,2026-04-11 10:23,V0091,HYD,361,1527.07,551272.27,PUR-HYD-01,CFO-01,CFO,2026-04-14 16:12,,2026-04-23
PO/BLR/26-27/00080,2026-04-11 10:24,V0212,BLR,80,1019.70,81576.00,PUR-BLR-03,DM-BLR,Depot Manager,2026-04-11 10:48,,2026-04-26
PO/HYD/26-27/00153,2026-04-11 10:24,V0158,HYD,163,821.08,133836.04,PUR-HYD-03,FC-01,Finance Controller,2026-04-13 10:45,,2026-04-19
PO/BLR/26-27/00081,2026-04-11 10:24,V0486,BLR,664,171.24,113703.36,PUR-BLR-02,FC-01,Finance Controller,2026-04-11 15:46,,2026-04-22
PO/HYD/26-27/00154,2026-04-11 10:24,V0490,HYD,76434,18.60,1421672.40,PUR-HYD-02,CFO-01,CFO,2026-04-13 10:40,,2026-04-22
PO/HYD/26-27/00155,2026-04-11 10:25,V0439,HYD,7603,13.50,102640.50,PUR-HYD-02,FC-01,Finance Controller,2026-04-11 18:47,,2026-05-05
PO/BLR/26-27/00082,2026-04-11 10:25,V0174,BLR,74367,8.11,603116.37,PUR-BLR-01,FC-01,Finance Controller,2026-04-13 10:41,,2026-05-01
PO/HYD/26-27/00156,2026-04-11 10:26,V0245,HYD,578,99.84,57707.52,PUR-HYD-01,DM-HYD,Depot Manager,2026-04-13 10:50,,2026-04-22
PO/HBL/26-27/00034,2026-04-11 10:26,V0244,HBL,3219,318.59,1025541.21,PUR-HBL-03,CFO-01,CFO,2026-04-13 15:03,,2026-04-21
PO/BLR/26-27/00083,2026-04-11 10:27,V0452,BLR,42,1280.59,53784.78,PUR-BLR-01,DM-BLR,Depot Manager,2026-04-11 11:46,,2026-05-02
PO/HYD/26-27/00157,2026-04-11 10:28,V0018,HYD,1612,52.58,84758.96,PUR-HYD-03,DM-HYD,Depot Manager,2026-04-13 10:01,,2026-05-09
PO/HYD/26-27/00158,2026-04-11 10:28,V0298,HYD,1051,30.27,31813.77,PUR-HYD-02,DM-HYD,Depot Manager,2026-04-11 10:44,,2026-05-07
PO/BLR/26-27/00084,2026-04-11 10:35,V0030,BLR,29074,33.79,982410.46,PUR-BLR-03,CFO-01,CFO,2026-04-13 10:01,,2026-05-05
PO/HYD/26-27/00159,2026-04-11 10:37,V0467,HYD,2018,72.97,147253.46,PUR-HYD-03,FC-01,Finance Controller,2026-04-13 10:19,,2026-04-21
PO/BLR/26-27/00085,2026-04-11 10:38,V0400,BLR,7905,22.15,175095.75,PUR-BLR-03,FC-01,Finance Controller,2026-04-13 10:36,2026-04-15 10:43,2026-04-24
PO/BLR/26-27/00086,2026-04-11 10:41,V0419,BLR,15,1652.05,24780.75,PUR-BLR-02,DM-BLR,Depot Manager,2026-04-11 18:13,,2026-04-29
PO/HBL/26-27/00035,2026-04-11 10:42,V0262,HBL,45,1204.10,54184.50,PUR-HBL-01,DM-HBL,Depot Manager,2026-04-11 17:27,,2026-05-06
PO/WGL/26-27/00037,2026-04-11 10:42,V0473,WGL,6863,227.67,1562499.21,PUR-WGL-02,FC-01,Finance Controller,2026-04-13 10:24,,2026-04-21
PO/VJA/26-27/00075,2026-04-11 10:43,V0204,VJA,80,323.84,25907.20,PUR-VJA-01,DM-VJA,Depot Manager,2026-04-13 10:01,,2026-04-26
PO/HYD/26-27/00160,2026-04-11 10:43,V0381,HYD,1901,444.13,844291.13,PUR-HYD-03,CFO-01,CFO,2026-04-14 12:47,,2026-05-03
PO/BLR/26-27/00087,2026-04-11 10:45,V0336,BLR,83,777.39,64523.37,PUR-BLR-03,DM-BLR,Depot Manager,2026-04-11 16:33,,2026-04-21
PO/WGL/26-27/00038,2026-04-11 10:45,V0452,WGL,507,78.58,39840.06,PUR-WGL-01,DM-WGL,Depot Manager,2026-04-13 10:19,2026-04-21 10:05,2026-04-22
PO/HBL/26-27/00036,2026-04-11 10:46,V0044,HBL,575,1518.35,873051.25,PUR-HBL-02,CFO-01,CFO,2026-04-13 10:50,,2026-04-26
PO/BLR/26-27/00088,2026-04-11 10:47,V0043,BLR,230,217.98,50135.40,PUR-BLR-01,DM-BLR,Depot Manager,2026-04-13 10:24,2026-04-14 10:46,2026-04-29
PO/WGL/26-27/00039,2026-04-11 10:48,V0165,WGL,4104,38.14,156526.56,PUR-WGL-02,FC-01,Finance Controller,2026-04-13 10:03,2026-04-21 10:47,2026-05-07
PO/HBL/26-27/00037,2026-04-11 11:04,V0043,HBL,593,73.96,43858.28,PUR-HBL-03,DM-HBL,Depot Manager,2026-04-13 10:21,,2026-04-25
PO/HYD/26-27/00161,2026-04-11 12:54,V0131,HYD,10574,127.75,1350828.50,PUR-HYD-02,CFO-01,CFO,2026-04-14 10:19,,2026-05-09
PO/HYD/26-27/00162,2026-04-11 12:57,V0417,HYD,41345,12.59,520533.55,PUR-HYD-01,CFO-01,CFO,2026-04-14 13:12,,2026-04-26
PO/BLR/26-27/00089,2026-04-11 14:01,V0308,BLR,13845,19.09,264301.05,PUR-BLR-02,FC-01,Finance Controller,2026-04-13 10:28,,2026-04-26
PO/VJA/26-27/00076,2026-04-11 15:19,V0080,VJA,97,202.95,19686.15,PUR-VJA-01,DM-VJA,Depot Manager,2026-04-13 10:36,2026-04-20 10:19,2026-04-18
PO/VJA/26-27/00077,2026-04-11 15:43,V0246,VJA,70,1055.28,73869.60,PUR-VJA-03,DM-VJA,Depot Manager,2026-04-13 10:12,2026-04-18 10:44,2026-05-02
PO/HYD/26-27/00163,2026-04-11 16:07,V0302,HYD,52,627.06,32607.12,PUR-HYD-01,DM-HYD,Depot Manager,2026-04-13 10:22,2026-04-14 10:20,2026-05-04
PO/HYD/26-27/00164,2026-04-11 16:27,V0033,HYD,1630,73.00,118990.00,PUR-HYD-02,FC-01,Finance Controller,2026-04-13 10:25,2026-04-17 14:15,2026-04-29
PO/BLR/26-27/00090,2026-04-11 16:27,V0436,BLR,30863,31.50,972184.50,PUR-BLR-02,CFO-01,CFO,2026-04-14 15:58,,2026-04-19
PO/HYD/26-27/00165,2026-04-11 16:38,V0138,HYD,29663,20.46,606904.98,PUR-HYD-03,CFO-01,CFO,2026-04-15 10:25,,2026-05-07
PO/VSP/26-27/00048,2026-04-11 17:28,V0063,VSP,1250,35.24,44050.00,PUR-VSP-01,DM-VSP,Depot Manager,2026-04-13 10:41,2026-04-15 10:29,2026-05-03
PO/HYD/26-27/00166,2026-04-12 04:53,V0020,HYD,9337,118.17,1103353.29,PUR-HYD-03,FC-01,Finance Controller,2026-04-12 16:02,,2026-04-27
PO/HYD/26-27/00167,2026-04-12 16:51,V0251,HYD,9,1644.34,14799.06,PUR-HYD-02,DM-HYD,Depot Manager,2026-04-12 18:59,,2026-04-25
PO/BLR/26-27/00091,2026-04-13 09:34,V0327,BLR,57,1010.70,57609.90,PUR-BLR-02,DM-BLR,Depot Manager,2026-04-13 14:03,2026-04-17 10:11,2026-04-22
PO/HYD/26-27/00168,2026-04-13 09:50,V0273,HYD,96,1585.76,152232.96,PUR-HYD-02,FC-01,Finance Controller,2026-04-15 10:31,2026-04-25 13:41,2026-04-30
PO/WGL/26-27/00040,2026-04-13 10:00,V0261,WGL,9536,37.86,361032.96,PUR-WGL-03,FC-01,Finance Controller,2026-04-13 10:46,,2026-05-05
PO/HYD/26-27/00169,2026-04-13 10:00,V0487,HYD,1140,12.40,14136.00,PUR-HYD-02,DM-HYD,Depot Manager,2026-04-13 10:33,2026-04-14 10:02,2026-04-20
PO/VSP/26-27/00049,2026-04-13 10:00,V0130,VSP,1680,26.19,43999.20,PUR-VSP-03,DM-VSP,Depot Manager,2026-04-13 17:54,,2026-05-08
PO/HYD/26-27/00170,2026-04-13 10:00,V0388,HYD,11,1575.39,17329.29,PUR-HYD-02,DM-HYD,Depot Manager,2026-04-13 14:41,,2026-05-08
PO/HYD/26-27/00171,2026-04-13 10:01,V0372,HYD,185,125.66,23247.10,PUR-HYD-01,DM-HYD,Depot Manager,2026-04-13 10:38,,2026-05-10
PO/VJA/26-27/00078,2026-04-13 10:01,V0478,VJA,7517,26.86,201906.62,PUR-VJA-02,FC-01,Finance Controller,2026-04-14 10:32,,2026-05-11
PO/VSP/26-27/00050,2026-04-13 10:02,V0246,VSP,18587,53.36,991802.32,PUR-VSP-02,CFO-01,CFO,2026-04-16 10:41,,2026-05-12
PO/VJA/26-27/00079,2026-04-13 10:02,V0425,VJA,1221,89.10,108791.10,PUR-VJA-03,FC-01,Finance Controller,2026-04-13 10:46,,2026-04-26
PO/HYD/26-27/00172,2026-04-13 10:03,V0358,HYD,6981,18.91,132010.71,PUR-HYD-01,FC-01,Finance Controller,2026-04-14 17:43,,2026-04-24
PO/WGL/26-27/00041,2026-04-13 10:03,V0441,WGL,45,359.47,16176.15,PUR-WGL-02,DM-WGL,Depot Manager,2026-04-14 10:07,,2026-05-09
PO/HYD/26-27/00173,2026-04-13 10:03,V0165,HYD,553,67.28,37205.84,PUR-HYD-01,DM-HYD,Depot Manager,2026-04-13 10:52,,2026-05-08
PO/HBL/26-27/00038,2026-04-13 10:03,V0099,HBL,22775,42.83,975453.25,PUR-HBL-01,CFO-01,CFO,2026-04-15 16:35,,2026-05-09
PO/WGL/26-27/00042,2026-04-13 10:03,V0105,WGL,71798,8.54,613154.92,PUR-WGL-03,CFO-01,CFO,2026-04-13 10:14,,2026-05-11
PO/VJA/26-27/00080,2026-04-13 10:04,V0055,VJA,43349,15.90,689249.10,PUR-VJA-01,CFO-01,CFO,2026-04-16 10:12,,2026-05-11
PO/VSP/26-27/00051,2026-04-13 10:06,V0262,VSP,47929,15.78,756319.62,PUR-VSP-02,CFO-01,CFO,2026-04-14 14:34,,2026-05-06
PO/VJA/26-27/00081,2026-04-13 10:06,V0187,VJA,7199,9.57,68894.43,PUR-VJA-01,DM-VJA,Depot Manager,2026-04-13 10:13,,2026-05-01
PO/VJA/26-27/00082,2026-04-13 10:07,V0005,VJA,124275,11.91,1480115.25,PUR-VJA-01,CFO-01,CFO,2026-04-15 10:32,,2026-05-04
PO/HYD/26-27/00174,2026-04-13 10:07,V0023,HYD,17212,44.04,758016.48,PUR-HYD-03,FC-01,Finance Controller,2026-04-15 10:04,,2026-05-11
PO/HYD/26-27/00175,2026-04-13 10:08,V0098,HYD,623,487.27,303569.21,PUR-HYD-01,FC-01,Finance Controller,2026-04-13 12:36,2026-04-27 10:11,2026-05-02
PO/WGL/26-27/00043,2026-04-13 10:08,V0419,WGL,5962,198.60,1184053.20,PUR-WGL-01,CFO-01,CFO,2026-04-15 11:59,,2026-05-02
PO/BLR/26-27/00092,2026-04-13 10:11,V0150,BLR,15862,13.75,218102.50,PUR-BLR-01,FC-01,Finance Controller,2026-04-13 10:27,,2026-04-29
PO/VJA/26-27/00083,2026-04-13 10:12,V0222,VJA,71,1214.78,86249.38,PUR-VJA-01,DM-VJA,Depot Manager,2026-04-13 12:05,,2026-04-26
PO/HYD/26-27/00176,2026-04-13 10:12,V0187,HYD,74673,9.49,708646.77,PUR-HYD-02,CFO-01,CFO,2026-04-14 10:37,,2026-05-09
PO/BLR/26-27/00093,2026-04-13 10:13,V0143,BLR,813,38.90,31625.70,PUR-BLR-03,DM-BLR,Depot Manager,2026-04-13 10:36,,2026-05-02
PO/VSP/26-27/00052,2026-04-13 10:13,V0186,VSP,47,621.87,29227.89,PUR-VSP-02,DM-VSP,Depot Manager,2026-04-13 11:21,,2026-05-09
PO/VJA/26-27/00084,2026-04-13 10:13,V0106,VJA,18873,53.54,1010460.42,PUR-VJA-02,CFO-01,CFO,2026-04-14 14:05,,2026-05-05
PO/BLR/26-27/00094,2026-04-13 10:14,V0230,BLR,1187,59.59,70733.33,PUR-BLR-02,DM-BLR,Depot Manager,2026-04-13 10:41,,2026-05-06
PO/HBL/26-27/00039,2026-04-13 10:14,V0086,HBL,34909,35.39,1235429.51,PUR-HBL-03,CFO-01,CFO,2026-04-14 10:20,,2026-05-04
PO/HYD/26-27/00177,2026-04-13 10:14,V0448,HYD,102130,8.37,854828.10,PUR-HYD-02,CFO-01,CFO,2026-04-15 10:43,,2026-04-29
PO/VSP/26-27/00053,2026-04-13 10:15,V0073,VSP,1280,195.41,250124.80,PUR-VSP-03,FC-01,Finance Controller,2026-04-13 10:38,,2026-04-29
PO/WGL/26-27/00044,2026-04-13 10:15,V0042,WGL,2347,444.92,1044227.24,PUR-WGL-02,FC-01,Finance Controller,2026-04-13 11:42,,2026-04-27
PO/HYD/26-27/00178,2026-04-13 10:16,V0043,HYD,28,662.84,18559.52,PUR-HYD-02,DM-HYD,Depot Manager,2026-04-13 12:52,2026-04-18 10:31,2026-05-09
PO/BLR/26-27/00095,2026-04-13 10:16,V0461,BLR,8393,139.38,1169816.34,PUR-BLR-02,CFO-01,CFO,2026-04-16 10:38,,2026-05-03
PO/VSP/26-27/00054,2026-04-13 10:16,V0073,VSP,10643,53.69,571422.67,PUR-VSP-02,CFO-01,CFO,2026-04-14 10:18,,2026-04-30
PO/VSP/26-27/00055,2026-04-13 10:17,V0326,VSP,768,90.84,69765.12,PUR-VSP-03,DM-VSP,Depot Manager,2026-04-13 18:15,2026-04-27 10:36,2026-04-26
PO/VSP/26-27/00056,2026-04-13 10:17,V0037,VSP,1368,8.18,11190.24,PUR-VSP-03,DM-VSP,Depot Manager,2026-04-13 10:35,2026-04-15 15:32,2026-04-30
PO/HYD/26-27/00179,2026-04-13 10:17,V0103,HYD,29188,25.04,730867.52,PUR-HYD-02,CFO-01,CFO,2026-04-15 18:12,,2026-05-06
PO/VSP/26-27/00057,2026-04-13 10:18,V0357,VSP,58,312.42,18120.36,PUR-VSP-02,DM-VSP,Depot Manager,2026-04-14 11:11,,2026-05-05
PO/BLR/26-27/00096,2026-04-13 10:18,V0366,BLR,1659,346.80,575341.20,PUR-BLR-02,CFO-01,CFO,2026-04-14 10:19,,2026-04-30
PO/HYD/26-27/00180,2026-04-13 10:18,V0104,HYD,4172,126.88,529343.36,PUR-HYD-02,FC-01,Finance Controller,2026-04-13 16:16,,2026-05-03
PO/BLR/26-27/00097,2026-04-13 10:19,V0128,BLR,1682,210.12,353421.84,PUR-BLR-02,FC-01,Finance Controller,2026-04-13 10:45,,2026-05-02
PO/HYD/26-27/00181,2026-04-13 10:19,V0207,HYD,633,1246.86,789262.38,PUR-HYD-02,CFO-01,CFO,2026-04-15 10:46,,2026-04-24
PO/BLR/26-27/00098,2026-04-13 10:20,V0146,BLR,601,142.98,85930.98,PUR-BLR-02,DM-BLR,Depot Manager,2026-04-13 11:21,,2026-04-27
PO/BLR/26-27/00099,2026-04-13 10:20,V0163,BLR,269,104.58,28132.02,PUR-BLR-01,DM-BLR,Depot Manager,2026-04-13 12:16,2026-04-17 10:21,2026-05-11
PO/VJA/26-27/00085,2026-04-13 10:21,V0245,VJA,1108,117.52,130212.16,PUR-VJA-01,FC-01,Finance Controller,2026-04-14 10:03,,2026-05-10
PO/VJA/26-27/00086,2026-04-13 10:21,V0411,VJA,268,146.00,39128.00,PUR-VJA-01,DM-VJA,Depot Manager,2026-04-13 10:28,2026-04-17 10:17,2026-05-07
PO/HYD/26-27/00182,2026-04-13 10:21,V0008,HYD,165,63.12,10414.80,PUR-HYD-02,DM-HYD,Depot Manager,2026-04-13 10:49,2026-04-14 10:40,2026-04-20
PO/VJA/26-27/00087,2026-04-13 10:22,V0422,VJA,23504,17.01,399803.04,PUR-VJA-03,FC-01,Finance Controller,2026-04-13 10:29,,2026-05-05
PO/HBL/26-27/00040,2026-04-13 10:23,V0368,HBL,56821,11.49,652873.29,PUR-HBL-01,FC-01,Finance Controller,2026-04-13 10:48,,2026-04-21
PO/HBL/26-27/00041,2026-04-13 10:23,V0409,HBL,529,276.33,146178.57,PUR-HBL-01,FC-01,Finance Controller,2026-04-14 10:39,,2026-05-05
PO/HYD/26-27/00183,2026-04-13 10:24,V0097,HYD,151,359.13,54228.63,PUR-HYD-01,DM-HYD,Depot Manager,2026-04-13 10:50,2026-04-16 15:54,2026-05-03
PO/HBL/26-27/00042,2026-04-13 10:24,V0195,HBL,4709,270.25,1272607.25,PUR-HBL-03,CFO-01,CFO,2026-04-13 10:48,,2026-04-29
PO/HYD/26-27/00184,2026-04-13 10:24,V0395,HYD,415,88.57,36756.55,PUR-HYD-03,DM-HYD,Depot Manager,2026-04-13 10:32,,2026-04-27
PO/WGL/26-27/00045,2026-04-13 10:25,V0317,WGL,2160,345.76,746841.60,PUR-WGL-02,FC-01,Finance Controller,2026-04-13 18:03,,2026-04-30
PO/BLR/26-27/00100,2026-04-13 10:25,V0407,BLR,1564,347.58,543615.12,PUR-BLR-01,CFO-01,CFO,2026-04-14 10:41,,2026-04-20
PO/VJA/26-27/00088,2026-04-13 10:25,V0033,VJA,768,1363.41,1047098.88,PUR-VJA-03,FC-01,Finance Controller,2026-04-14 10:33,,2026-05-01
PO/HYD/26-27/00185,2026-04-13 10:25,V0004,HYD,259,222.29,57573.11,PUR-HYD-01,DM-HYD,Depot Manager,2026-04-13 11:50,,2026-05-06
PO/BLR/26-27/00101,2026-04-13 10:26,V0107,BLR,30,662.75,19882.50,PUR-BLR-02,DM-BLR,Depot Manager,2026-04-13 10:30,,2026-04-26
PO/VSP/26-27/00058,2026-04-13 10:26,V0095,VSP,62773,18.74,1176366.02,PUR-VSP-01,CFO-01,CFO,2026-04-13 11:49,,2026-05-03
PO/BLR/26-27/00102,2026-04-13 10:26,V0385,BLR,550,695.41,382475.50,PUR-BLR-03,FC-01,Finance Controller,2026-04-14 10:05,,2026-04-22
PO/HYD/26-27/00186,2026-04-13 10:27,V0339,HYD,112,1556.19,174293.28,PUR-HYD-02,FC-01,Finance Controller,2026-04-14 10:52,,2026-04-21
PO/VJA/26-27/00089,2026-04-13 10:28,V0256,VJA,82,395.60,32439.20,PUR-VJA-03,DM-VJA,Depot Manager,2026-04-13 10:45,,2026-05-12
PO/VJA/26-27/00090,2026-04-13 10:28,V0293,VJA,212,78.77,16699.24,PUR-VJA-01,DM-VJA,Depot Manager,2026-04-14 10:48,,2026-04-20
PO/HYD/26-27/00187,2026-04-13 10:29,V0467,HYD,218,245.06,53423.08,PUR-HYD-03,DM-HYD,Depot Manager,2026-04-13 10:50,,2026-04-28
PO/HYD/26-27/00188,2026-04-13 10:30,V0146,HYD,5693,8.49,48333.57,PUR-HYD-03,DM-HYD,Depot Manager,2026-04-13 14:53,,2026-05-07
PO/WGL/26-27/00046,2026-04-13 10:30,V0445,WGL,67924,14.89,1011388.36,PUR-WGL-03,FC-01,Finance Controller,2026-04-13 10:46,,2026-04-23
PO/VJA/26-27/00091,2026-04-13 10:30,V0058,VJA,166,96.52,16022.32,PUR-VJA-03,DM-VJA,Depot Manager,2026-04-13 10:42,,2026-05-05
PO/HYD/26-27/00189,2026-04-13 10:31,V0312,HYD,3471,69.84,242414.64,PUR-HYD-01,FC-01,Finance Controller,2026-04-13 11:04,2026-04-16 11:48,2026-05-06
PO/HYD/26-27/00190,2026-04-13 10:31,V0197,HYD,6705,144.68,970079.40,PUR-HYD-01,CFO-01,CFO,2026-04-15 10:40,,2026-04-26
PO/VSP/26-27/00059,2026-04-13 10:33,V0131,VSP,8868,90.14,799361.52,PUR-VSP-01,CFO-01,CFO,2026-04-15 12:11,,2026-04-23
PO/VJA/26-27/00092,2026-04-13 10:34,V0048,VJA,47,719.15,33800.05,PUR-VJA-02,DM-VJA,Depot Manager,2026-04-13 10:43,,2026-05-13
PO/VJA/26-27/00093,2026-04-13 10:34,V0068,VJA,308,826.99,254712.92,PUR-VJA-02,FC-01,Finance Controller,2026-04-14 10:47,2026-04-22 16:42,2026-05-05
PO/VSP/26-27/00060,2026-04-13 10:35,V0294,VSP,2057,196.87,404961.59,PUR-VSP-01,FC-01,Finance Controller,2026-04-13 11:55,,2026-05-06
PO/HBL/26-27/00043,2026-04-13 10:37,V0066,HBL,11604,121.97,1415339.88,PUR-HBL-03,CFO-01,CFO,2026-04-14 18:23,,2026-05-06
PO/VJA/26-27/00094,2026-04-13 10:38,V0002,VJA,257,67.81,17427.17,PUR-VJA-03,DM-VJA,Depot Manager,2026-04-13 12:39,,2026-05-11
PO/HYD/26-27/00191,2026-04-13 10:38,V0488,HYD,134,1542.47,206690.98,PUR-HYD-03,FC-01,Finance Controller,2026-04-14 10:07,,2026-04-27
PO/HYD/26-27/00192,2026-04-13 10:39,V0329,HYD,95,1650.50,156797.50,PUR-HYD-01,FC-01,Finance Controller,2026-04-13 16:11,2026-04-16 10:46,2026-04-29
PO/HYD/26-27/00193,2026-04-13 10:40,V0138,HYD,245,1531.12,375124.40,PUR-HYD-03,FC-01,Finance Controller,2026-04-13 10:50,,2026-05-07
PO/VJA/26-27/00095,2026-04-13 10:40,V0424,VJA,1334,694.16,926009.44,PUR-VJA-01,FC-01,Finance Controller,2026-04-14 12:44,,2026-04-23
PO/BLR/26-27/00103,2026-04-13 10:41,V0145,BLR,1578,231.41,365164.98,PUR-BLR-01,FC-01,Finance Controller,2026-04-13 11:17,,2026-04-26
PO/VSP/26-27/00061,2026-04-13 10:43,V0399,VSP,9167,35.35,324053.45,PUR-VSP-01,FC-01,Finance Controller,2026-04-14 11:35,,2026-05-11
PO/HYD/26-27/00194,2026-04-13 10:43,V0031,HYD,38399,25.29,971110.71,PUR-HYD-02,CFO-01,CFO,2026-04-16 10:22,,2026-04-29
PO/BLR/26-27/00104,2026-04-13 10:44,V0150,BLR,574,604.04,346718.96,PUR-BLR-02,FC-01,Finance Controller,2026-04-14 10:00,,2026-04-21
PO/WGL/26-27/00047,2026-04-13 10:44,V0144,WGL,12755,20.84,265814.20,PUR-WGL-02,FC-01,Finance Controller,2026-04-14 10:33,2026-04-18 10:36,2026-04-21
PO/VJA/26-27/00096,2026-04-13 10:44,V0042,VJA,60,1735.36,104121.60,PUR-VJA-03,FC-01,Finance Controller,2026-04-14 10:23,2026-04-20 10:41,2026-05-08
PO/VJA/26-27/00097,2026-04-13 10:44,V0361,VJA,42,901.62,37868.04,PUR-VJA-02,DM-VJA,Depot Manager,2026-04-13 11:45,,2026-04-26
PO/HYD/26-27/00195,2026-04-13 10:44,V0361,HYD,866,684.69,592941.54,PUR-HYD-01,CFO-01,CFO,2026-04-16 10:01,,2026-05-12
PO/HYD/26-27/00196,2026-04-13 10:45,V0043,HYD,114,1025.49,116905.86,PUR-HYD-03,FC-01,Finance Controller,2026-04-14 10:21,,2026-04-21
PO/VJA/26-27/00098,2026-04-13 10:46,V0224,VJA,107154,12.16,1302992.64,PUR-VJA-01,CFO-01,CFO,2026-04-15 15:19,,2026-04-28
PO/HYD/26-27/00197,2026-04-13 10:47,V0232,HYD,17240,11.68,201363.20,PUR-HYD-02,FC-01,Finance Controller,2026-04-13 12:31,,2026-05-03
PO/HYD/26-27/00198,2026-04-13 10:48,V0262,HYD,22595,11.21,253289.95,PUR-HYD-01,FC-01,Finance Controller,2026-04-13 12:11,,2026-05-09
PO/VJA/26-27/00099,2026-04-13 10:48,V0277,VJA,221,372.66,82357.86,PUR-VJA-02,DM-VJA,Depot Manager,2026-04-13 12:32,2026-04-18 13:15,2026-05-12
PO/WGL/26-27/00048,2026-04-13 10:48,V0020,WGL,14614,37.25,544371.50,PUR-WGL-01,CFO-01,CFO,2026-04-15 16:17,,2026-04-27
PO/HYD/26-27/00199,2026-04-13 10:49,V0027,HYD,2803,53.69,150493.07,PUR-HYD-03,FC-01,Finance Controller,2026-04-14 15:22,,2026-05-07
PO/HYD/26-27/00200,2026-04-13 10:49,V0007,HYD,6109,90.29,551581.61,PUR-HYD-03,CFO-01,CFO,2026-04-15 16:15,,2026-04-24
PO/BLR/26-27/00105,2026-04-13 10:50,V0152,BLR,9215,133.89,1233796.35,PUR-BLR-03,CFO-01,CFO,2026-04-16 10:22,,2026-04-20
PO/HYD/26-27/00201,2026-04-13 10:57,V0062,HYD,1475,939.42,1385644.50,PUR-HYD-02,CFO-01,CFO,2026-04-16 10:50,,2026-05-03
PO/BLR/26-27/00106,2026-04-13 11:10,V0325,BLR,8249,97.93,807824.57,PUR-BLR-01,CFO-01,CFO,2026-04-15 10:11,,2026-04-22
PO/BLR/26-27/00107,2026-04-13 11:33,V0299,BLR,546,85.05,46437.30,PUR-BLR-01,DM-BLR,Depot Manager,2026-04-13 13:05,,2026-05-02
PO/BLR/26-27/00108,2026-04-13 12:04,V0312,BLR,5023,22.72,114122.56,PUR-BLR-02,FC-01,Finance Controller,2026-04-13 13:08,,2026-05-12
PO/VJA/26-27/00100,2026-04-13 12:08,V0114,VJA,183,121.20,22179.60,PUR-VJA-03,DM-VJA,Depot Manager,2026-04-13 14:57,2026-04-21 09:31,2026-05-06
PO/VJA/26-27/00101,2026-04-13 12:08,V0274,VJA,56013,14.77,827312.01,PUR-VJA-01,CFO-01,CFO,2026-04-15 10:00,,2026-04-29
PO/HYD/26-27/00202,2026-04-13 12:42,V0040,HYD,1047,865.02,905675.94,PUR-HYD-02,CFO-01,CFO,2026-04-16 16:34,,2026-05-08
PO/HYD/26-27/00203,2026-04-13 12:53,V0022,HYD,14,1585.25,22193.50,PUR-HYD-03,DM-HYD,Depot Manager,2026-04-14 10:44,,2026-04-20
PO/VJA/26-27/00102,2026-04-13 12:58,V0106,VJA,3836,31.39,120412.04,PUR-VJA-03,FC-01,Finance Controller,2026-04-13 13:47,,2026-05-12
PO/BLR/26-27/00109,2026-04-13 13:11,V0237,BLR,130,599.79,77972.70,PUR-BLR-01,DM-BLR,Depot Manager,2026-04-13 14:36,,2026-05-01
PO/HBL/26-27/00044,2026-04-13 13:50,V0018,HBL,147,244.55,35948.85,PUR-HBL-02,DM-HBL,Depot Manager,2026-04-14 10:11,2026-04-20 11:22,2026-04-27
PO/HYD/26-27/00204,2026-04-13 14:15,V0145,HYD,6394,37.31,238560.14,PUR-HYD-01,FC-01,Finance Controller,2026-04-15 10:05,2026-04-16 15:04,2026-05-13
PO/VJA/26-27/00103,2026-04-13 14:17,V0236,VJA,9902,8.49,84067.98,PUR-VJA-02,DM-VJA,Depot Manager,2026-04-14 10:02,,2026-05-07
PO/BLR/26-27/00110,2026-04-13 14:57,V0245,BLR,71,138.44,9829.24,PUR-BLR-03,DM-BLR,Depot Manager,2026-04-14 10:25,2026-04-16 12:16,2026-05-13
PO/VSP/26-27/00062,2026-04-13 15:49,V0065,VSP,5862,44.53,261034.86,PUR-VSP-01,FC-01,Finance Controller,2026-04-14 18:36,,2026-05-01
PO/HYD/26-27/00205,2026-04-13 15:51,V0245,HYD,1886,83.61,157688.46,PUR-HYD-03,FC-01,Finance Controller,2026-04-15 10:41,,2026-05-12
PO/VSP/26-27/00063,2026-04-13 16:07,V0464,VSP,471,36.77,17318.67,PUR-VSP-02,DM-VSP,Depot Manager,2026-04-14 10:49,,2026-05-05
PO/BLR/26-27/00111,2026-04-13 16:20,V0193,BLR,577,117.08,67555.16,PUR-BLR-01,DM-BLR,Depot Manager,2026-04-14 10:04,,2026-04-25
PO/VJA/26-27/00104,2026-04-13 16:41,V0255,VJA,4682,142.82,668683.24,PUR-VJA-01,CFO-01,CFO,2026-04-15 10:31,,2026-05-08
PO/VSP/26-27/00064,2026-04-13 16:51,V0438,VSP,161,106.40,17130.40,PUR-VSP-02,DM-VSP,Depot Manager,2026-04-14 10:09,2026-04-21 10:37,2026-05-02
PO/BLR/26-27/00112,2026-04-13 17:12,V0004,BLR,189,117.88,22279.32,PUR-BLR-03,DM-BLR,Depot Manager,2026-04-14 10:44,2026-04-18 13:06,2026-05-08
PO/VJA/26-27/00105,2026-04-13 17:49,V0049,VJA,6504,123.12,800772.48,PUR-VJA-01,CFO-01,CFO,2026-04-15 10:33,,2026-05-11
PO/VSP/26-27/00065,2026-04-13 17:58,V0262,VSP,251,811.17,203603.67,PUR-VSP-01,FC-01,Finance Controller,2026-04-15 13:24,2026-04-20 10:28,2026-05-03
PO/HYD/26-27/00206,2026-04-13 18:31,V0386,HYD,2129,63.28,134723.12,PUR-HYD-03,FC-01,Finance Controller,2026-04-15 10:30,,2026-05-01
PO/VJA/26-27/00106,2026-04-13 18:37,V0471,VJA,9226,17.14,158133.64,PUR-VJA-03,FC-01,Finance Controller,2026-04-15 17:21,2026-04-27 10:21,2026-04-30
PO/HYD/26-27/00207,2026-04-13 18:44,V0310,HYD,13213,120.22,1588466.86,PUR-HYD-02,CFO-01,CFO,2026-04-17 10:20,,2026-05-09
PO/BLR/26-27/00113,2026-04-14 09:41,V0176,BLR,1946,10.07,19596.22,PUR-BLR-01,DM-BLR,Depot Manager,2026-04-14 12:13,2026-04-15 10:28,2026-05-04
PO/HBL/26-27/00045,2026-04-14 10:01,V0449,HBL,42,1626.96,68332.32,PUR-HBL-01,DM-HBL,Depot Manager,2026-04-14 10:33,2026-04-23 17:05,2026-04-28
PO/BLR/26-27/00114,2026-04-14 10:03,V0262,BLR,1115,228.58,254866.70,PUR-BLR-01,FC-01,Finance Controller,2026-04-15 10:18,,2026-04-23
PO/HYD/26-27/00208,2026-04-14 10:03,V0495,HYD,9,1707.85,15370.65,PUR-HYD-03,DM-HYD,Depot Manager,2026-04-14 18:51,,2026-04-22
PO/VSP/26-27/00066,2026-04-14 10:04,V0108,VSP,62,276.34,17133.08,PUR-VSP-01,DM-VSP,Depot Manager,2026-04-14 10:17,,2026-05-07
PO/HYD/26-27/00209,2026-04-14 10:05,V0312,HYD,4400,187.56,825264.00,PUR-HYD-03,CFO-01,CFO,2026-04-16 10:24,,2026-05-04
PO/WGL/26-27/00049,2026-04-14 10:12,V0440,WGL,336,96.25,32340.00,PUR-WGL-02,DM-WGL,Depot Manager,2026-04-14 15:54,,2026-04-24
PO/BLR/26-27/00115,2026-04-14 10:14,V0340,BLR,58621,9.20,539313.20,PUR-BLR-02,CFO-01,CFO,2026-04-17 13:11,,2026-04-21
PO/VSP/26-27/00067,2026-04-14 10:15,V0409,VSP,5539,32.60,180571.40,PUR-VSP-03,FC-01,Finance Controller,2026-04-15 10:46,,2026-05-06
PO/BLR/26-27/00116,2026-04-14 10:19,V0080,BLR,2795,15.61,43629.95,PUR-BLR-02,DM-BLR,Depot Manager,2026-04-15 10:21,,2026-04-27
PO/VSP/26-27/00068,2026-04-14 10:25,V0370,VSP,39,1499.51,58480.89,PUR-VSP-02,DM-VSP,Depot Manager,2026-04-15 10:44,2026-04-22 10:25,2026-05-10
PO/VSP/26-27/00069,2026-04-14 10:29,V0232,VSP,13,1489.23,19359.99,PUR-VSP-02,DM-VSP,Depot Manager,2026-04-15 10:05,,2026-04-30
PO/HYD/26-27/00210,2026-04-14 10:31,V0380,HYD,1005,132.94,133604.70,PUR-HYD-02,FC-01,Finance Controller,2026-04-14 16:52,,2026-05-02
PO/HYD/26-27/00211,2026-04-14 10:32,V0466,HYD,19608,13.35,261766.80,PUR-HYD-01,FC-01,Finance Controller,2026-04-16 10:18,,2026-05-08
PO/WGL/26-27/00050,2026-04-14 10:33,V0481,WGL,188,546.89,102815.32,PUR-WGL-03,FC-01,Finance Controller,2026-04-16 10:45,2026-04-20 16:51,2026-05-01
PO/WGL/26-27/00051,2026-04-14 10:34,V0323,WGL,877,133.84,117377.68,PUR-WGL-02,FC-01,Finance Controller,2026-04-15 13:18,,2026-05-09
PO/HYD/26-27/00212,2026-04-14 10:35,V0276,HYD,812,958.38,778204.56,PUR-HYD-02,CFO-01,CFO,2026-04-16 10:10,,2026-05-01
PO/VSP/26-27/00070,2026-04-14 10:35,V0217,VSP,46645,15.83,738390.35,PUR-VSP-01,CFO-01,CFO,2026-04-15 10:12,,2026-04-29
PO/WGL/26-27/00052,2026-04-14 10:38,V0006,WGL,2920,24.16,70547.20,PUR-WGL-02,DM-WGL,Depot Manager,2026-04-15 10:02,,2026-04-26
PO/HYD/26-27/00213,2026-04-14 10:38,V0082,HYD,457,1244.86,568901.02,PUR-HYD-03,CFO-01,CFO,2026-04-16 10:02,,2026-05-13
PO/BLR/26-27/00117,2026-04-14 10:39,V0194,BLR,4676,176.38,824752.88,PUR-BLR-03,CFO-01,CFO,2026-04-15 10:20,,2026-04-30
PO/VJA/26-27/00107,2026-04-14 10:40,V0388,VJA,16639,93.61,1557576.79,PUR-VJA-01,CFO-01,CFO,2026-04-16 10:50,,2026-05-12
PO/WGL/26-27/00053,2026-04-14 10:41,V0056,WGL,912,178.01,162345.12,PUR-WGL-02,FC-01,Finance Controller,2026-04-15 10:27,,2026-04-25
PO/HBL/26-27/00046,2026-04-14 10:43,V0171,HBL,47048,28.81,1355452.88,PUR-HBL-01,CFO-01,CFO,2026-04-16 10:02,,2026-05-02
PO/BLR/26-27/00118,2026-04-14 10:44,V0250,BLR,6301,42.54,268044.54,PUR-BLR-03,FC-01,Finance Controller,2026-04-15 10:04,2026-04-25 10:22,2026-05-13
PO/BLR/26-27/00119,2026-04-14 10:44,V0326,BLR,1424,30.47,43389.28,PUR-BLR-02,DM-BLR,Depot Manager,2026-04-14 11:20,2026-04-19 12:27,2026-05-08
PO/HYD/26-27/00214,2026-04-14 10:45,V0043,HYD,365,49.03,17895.95,PUR-HYD-02,DM-HYD,Depot Manager,2026-04-15 10:28,2026-04-20 10:34,2026-05-06
PO/VJA/26-27/00108,2026-04-14 10:45,V0383,VJA,1517,70.64,107160.88,PUR-VJA-01,FC-01,Finance Controller,2026-04-15 18:24,,2026-05-14
PO/HYD/26-27/00215,2026-04-14 10:50,V0407,HYD,1741,191.57,333523.37,PUR-HYD-03,FC-01,Finance Controller,2026-04-14 17:40,,2026-04-27
PO/HYD/26-27/00216,2026-04-14 10:50,V0352,HYD,645,36.35,23445.75,PUR-HYD-03,DM-HYD,Depot Manager,2026-04-14 11:56,2026-04-16 13:06,2026-04-24
PO/BLR/26-27/00120,2026-04-14 10:51,V0186,BLR,32,352.24,11271.68,PUR-BLR-03,DM-BLR,Depot Manager,2026-04-15 10:26,2026-04-16 10:26,2026-05-12
PO/BLR/26-27/00121,2026-04-14 11:20,V0079,BLR,3111,26.28,81757.08,PUR-BLR-01,DM-BLR,Depot Manager,2026-04-15 10:43,,2026-04-23
PO/HYD/26-27/00217,2026-04-14 11:36,V0045,HYD,212,1798.12,381201.44,PUR-HYD-03,FC-01,Finance Controller,2026-04-14 15:25,,
PO/HYD/26-27/00218,2026-04-14 12:13,V0107,HYD,25,819.21,20480.25,PUR-HYD-02,DM-HYD,Depot Manager,2026-04-14 13:56,,2026-05-07
PO/WGL/26-27/00054,2026-04-14 12:30,V0042,WGL,39918,16.97,677408.46,PUR-WGL-01,CFO-01,CFO,2026-04-17 10:08,,2026-04-28
PO/VJA/26-27/00109,2026-04-14 12:38,V0081,VJA,90,790.10,71109.00,PUR-VJA-02,DM-VJA,Depot Manager,2026-04-15 10:11,,2026-05-06
PO/HBL/26-27/00047,2026-04-14 12:41,V0174,HBL,81678,16.42,1341152.76,PUR-HBL-03,CFO-01,CFO,2026-04-16 10:31,,2026-04-26
PO/VSP/26-27/00071,2026-04-14 13:04,V0027,VSP,3119,76.10,237355.90,PUR-VSP-01,FC-01,Finance Controller,2026-04-15 10:32,,2026-05-05
PO/BLR/26-27/00122,2026-04-14 13:34,V0142,BLR,162,188.13,30477.06,PUR-BLR-01,DM-BLR,Depot Manager,2026-04-15 10:17,2026-04-22 10:44,2026-04-24
PO/HYD/26-27/00219,2026-04-14 14:06,V0456,HYD,7,1620.76,11345.32,PUR-HYD-03,DM-HYD,Depot Manager,2026-04-15 10:45,2026-04-20 10:38,2026-04-26
PO/BLR/26-27/00123,2026-04-14 15:03,V0497,BLR,2363,53.28,125900.64,PUR-BLR-01,FC-01,Finance Controller,2026-04-17 10:44,,2026-04-29
PO/HYD/26-27/00220,2026-04-14 15:26,V0007,HYD,138,68.65,9473.70,PUR-HYD-03,DM-HYD,Depot Manager,2026-04-15 10:07,2026-04-18 18:22,2026-04-23
PO/VSP/26-27/00072,2026-04-14 16:07,V0347,VSP,630,67.59,42581.70,PUR-VSP-01,DM-VSP,Depot Manager,2026-04-15 10:21,2026-04-18 14:55,2026-04-25
PO/WGL/26-27/00055,2026-04-14 16:24,V0409,WGL,13,1772.77,23046.01,PUR-WGL-03,DM-WGL,Depot Manager,2026-04-15 10:10,,2026-05-03
PO/WGL/26-27/00056,2026-04-14 16:50,V0193,WGL,2620,73.76,193251.20,PUR-WGL-01,FC-01,Finance Controller,2026-04-15 14:55,,2026-05-04
PO/VSP/26-27/00073,2026-04-14 17:59,V0407,VSP,13787,65.41,901807.67,PUR-VSP-01,CFO-01,CFO,2026-04-17 14:34,,2026-05-08
PO/BLR/26-27/00124,2026-04-14 18:17,V0128,BLR,1546,14.31,22123.26,PUR-BLR-01,DM-BLR,Depot Manager,2026-04-15 10:13,2026-04-20 10:45,2026-05-01
PO/BLR/26-27/00125,2026-04-14 18:38,V0273,BLR,18098,76.52,1384858.96,PUR-BLR-03,CFO-01,CFO,2026-04-18 10:15,,2026-04-23
PO/VJA/26-27/00110,2026-04-15 10:01,V0343,VJA,302,1100.30,332290.60,PUR-VJA-01,FC-01,Finance Controller,2026-04-15 18:43,,2026-05-06
PO/VSP/26-27/00074,2026-04-15 10:04,V0347,VSP,65376,13.47,880614.72,PUR-VSP-01,CFO-01,CFO,2026-04-18 10:47,,2026-04-23
PO/HYD/26-27/00221,2026-04-15 10:07,V0018,HYD,1192,20.87,24877.04,PUR-HYD-03,DM-HYD,Depot Manager,2026-04-15 10:10,2026-05-02 18:51,2026-04-24
PO/WGL/26-27/00057,2026-04-15 10:07,V0469,WGL,22551,52.82,1191143.82,PUR-WGL-03,CFO-01,CFO,2026-04-16 14:48,,2026-04-25
PO/VSP/26-27/00075,2026-04-15 10:08,V0145,VSP,19,1619.37,30768.03,PUR-VSP-03,DM-VSP,Depot Manager,2026-04-15 10:56,2026-04-21 11:54,2026-05-06
PO/VJA/26-27/00111,2026-04-15 10:13,V0237,VJA,12951,10.73,138964.23,PUR-VJA-02,FC-01,Finance Controller,2026-04-16 10:32,2026-04-18 10:47,2026-04-28
PO/BLR/26-27/00126,2026-04-15 10:16,V0230,BLR,2754,276.11,760406.94,PUR-BLR-02,CFO-01,CFO,2026-04-17 12:26,,2026-05-08
PO/BLR/26-27/00127,2026-04-15 10:17,V0277,BLR,3185,422.52,1345726.20,PUR-BLR-01,CFO-01,CFO,2026-04-17 10:09,,2026-05-03
PO/VSP/26-27/00076,2026-04-15 10:19,V0446,VSP,3168,56.84,180069.12,PUR-VSP-03,FC-01,Finance Controller,2026-04-18 10:13,,2026-05-04
PO/BLR/26-27/00128,2026-04-15 10:22,V0149,BLR,41055,13.81,566969.55,PUR-BLR-02,CFO-01,CFO,2026-04-18 10:30,,2026-04-22
PO/HYD/26-27/00222,2026-04-15 10:22,V0478,HYD,29072,39.86,1158809.92,PUR-HYD-03,CFO-01,CFO,2026-04-17 15:01,,2026-04-28
PO/HYD/26-27/00223,2026-04-15 10:23,V0430,HYD,614,73.36,45043.04,PUR-HYD-01,DM-HYD,Depot Manager,2026-04-15 10:47,,2026-05-05
PO/VJA/26-27/00112,2026-04-15 10:25,V0079,VJA,144,569.96,82074.24,PUR-VJA-02,DM-VJA,Depot Manager,2026-04-15 16:08,,2026-05-15
PO/VSP/26-27/00077,2026-04-15 10:25,V0171,VSP,36744,41.85,1537736.40,PUR-VSP-02,FC-01,Finance Controller,2026-04-16 10:14,,2026-04-29
PO/VJA/26-27/00113,2026-04-15 10:27,V0020,VJA,2806,52.29,146725.74,PUR-VJA-01,FC-01,Finance Controller,2026-04-16 10:14,2026-04-18 17:15,2026-05-14
PO/HYD/26-27/00224,2026-04-15 10:30,V0009,HYD,7156,35.48,253894.88,PUR-HYD-02,FC-01,Finance Controller,2026-04-17 10:13,,2026-05-11
PO/VSP/26-27/00078,2026-04-15 10:33,V0297,VSP,145,154.08,22341.60,PUR-VSP-03,DM-VSP,Depot Manager,2026-04-15 14:01,,2026-05-15
PO/VJA/26-27/00114,2026-04-15 10:34,V0042,VJA,376,63.78,23981.28,PUR-VJA-03,DM-VJA,Depot Manager,2026-04-16 10:29,2026-04-16 22:04,2026-04-23
PO/HYD/26-27/00225,2026-04-15 10:34,V0481,HYD,12416,56.30,699020.80,PUR-HYD-03,FC-01,Finance Controller,2026-04-16 09:55,,2026-04-30
PO/VSP/26-27/00079,2026-04-15 10:35,V0258,VSP,170,126.27,21465.90,PUR-VSP-02,DM-VSP,Depot Manager,2026-04-15 12:13,,2026-05-02
PO/BLR/26-27/00129,2026-04-15 10:35,V0276,BLR,10454,10.34,108094.36,PUR-BLR-02,FC-01,Finance Controller,2026-04-17 10:23,,2026-04-25
PO/HBL/26-27/00048,2026-04-15 10:39,V0424,HBL,3291,37.32,122820.12,PUR-HBL-02,FC-01,Finance Controller,2026-04-16 10:11,,2026-05-08
PO/BLR/26-27/00130,2026-04-15 10:39,V0336,BLR,156,206.46,32207.76,PUR-BLR-01,DM-BLR,Depot Manager,2026-04-15 11:41,2026-04-16 10:24,2026-04-24
PO/BLR/26-27/00131,2026-04-15 10:40,V0011,BLR,3441,325.73,1120836.93,PUR-BLR-02,FC-01,Finance Controller,2026-04-15 16:38,,2026-05-14
PO/BLR/26-27/00132,2026-04-15 10:42,V0467,BLR,4180,169.12,706921.60,PUR-BLR-02,FC-01,Finance Controller,2026-04-17 10:40,,2026-04-26
PO/VSP/26-27/00080,2026-04-15 10:43,V0085,VSP,10,1714.09,17140.90,PUR-VSP-01,DM-VSP,Depot Manager,2026-04-15 16:52,2026-04-16 15:33,2026-04-28
PO/HYD/26-27/00226,2026-04-15 10:45,V0441,HYD,969,18.51,17936.19,PUR-HYD-03,DM-HYD,Depot Manager,2026-04-17 10:21,,2026-04-27
PO/BLR/26-27/00133,2026-04-15 10:45,V0048,BLR,152,400.70,60906.40,PUR-BLR-01,DM-BLR,Depot Manager,2026-04-15 18:52,,2026-05-08
PO/HYD/26-27/00227,2026-04-15 10:47,V0020,HYD,133,211.39,28114.87,PUR-HYD-03,DM-HYD,Depot Manager,2026-04-18 15:57,,2026-04-22
PO/BLR/26-27/00134,2026-04-15 10:59,V0057,BLR,12936,17.26,223275.36,PUR-BLR-01,FC-01,Finance Controller,2026-04-16 10:16,,2026-05-08
PO/HBL/26-27/00049,2026-04-15 11:08,V0361,HBL,772,20.48,15810.56,PUR-HBL-01,DM-HBL,Depot Manager,2026-04-16 10:41,,2026-05-13
PO/HBL/26-27/00050,2026-04-15 12:56,V0091,HBL,6464,65.32,422228.48,PUR-HBL-02,FC-01,Finance Controller,2026-04-16 11:15,,2026-04-22
PO/HYD/26-27/00228,2026-04-15 13:03,V0033,HYD,296,750.77,222227.92,PUR-HYD-03,FC-01,Finance Controller,2026-04-16 10:17,,2026-05-09
PO/VJA/26-27/00115,2026-04-15 13:21,V0230,VJA,34397,36.86,1267873.42,PUR-VJA-03,FC-01,Finance Controller,2026-04-17 10:27,,2026-04-26
PO/HYD/26-27/00229,2026-04-15 13:35,V0463,HYD,4367,264.46,1154896.82,PUR-HYD-03,FC-01,Finance Controller,2026-04-16 14:49,,2026-04-30
PO/WGL/26-27/00058,2026-04-15 14:25,V0353,WGL,7052,21.14,149079.28,PUR-WGL-01,FC-01,Finance Controller,2026-04-17 10:28,,2026-05-08
PO/VJA/26-27/00116,2026-04-15 15:13,V0042,VJA,65,353.51,22978.15,PUR-VJA-02,DM-VJA,Depot Manager,2026-04-16 10:06,,2026-04-24
PO/HBL/26-27/00051,2026-04-15 15:29,V0193,HBL,994,54.12,53795.28,PUR-HBL-03,DM-HBL,Depot Manager,2026-04-16 10:05,2026-04-20 10:20,2026-05-15
PO/VSP/26-27/00081,2026-04-15 15:46,V0462,VSP,35781,16.24,581083.44,PUR-VSP-02,CFO-01,CFO,2026-04-18 12:51,,2026-04-24
PO/HYD/26-27/00230,2026-04-15 16:46,V0031,HYD,101,192.84,19476.84,PUR-HYD-03,DM-HYD,Depot Manager,2026-04-16 10:08,,2026-05-06
PO/WGL/26-27/00059,2026-04-15 17:15,V0236,WGL,1777,211.68,376155.36,PUR-WGL-01,FC-01,Finance Controller,2026-04-16 12:41,,2026-05-11
PO/HYD/26-27/00231,2026-04-15 17:16,V0423,HYD,723,1553.81,1123404.63,PUR-HYD-01,CFO-01,CFO,2026-04-18 09:47,,2026-04-28
PO/BLR/26-27/00135,2026-04-15 18:08,V0100,BLR,16954,32.47,550496.38,PUR-BLR-01,FC-01,Finance Controller,2026-04-17 14:02,,2026-04-27
PO/WGL/26-27/00060,2026-04-16 09:36,V0397,WGL,30339,20.80,631051.20,PUR-WGL-02,CFO-01,CFO,2026-04-18 10:03,,2026-04-29
PO/HYD/26-27/00232,2026-04-16 10:03,V0005,HYD,9565,59.75,571508.75,PUR-HYD-02,CFO-01,CFO,2026-04-17 10:47,,2026-04-26
PO/VSP/26-27/00082,2026-04-16 10:10,V0031,VSP,2489,31.28,77855.92,PUR-VSP-02,DM-VSP,Depot Manager,2026-04-16 17:14,2026-04-22 16:33,2026-04-23
PO/HYD/26-27/00233,2026-04-16 10:10,V0030,HYD,201,101.56,20413.56,PUR-HYD-03,DM-HYD,Depot Manager,2026-04-16 11:15,,2026-04-27
PO/HYD/26-27/00234,2026-04-16 10:10,V0063,HYD,170,232.63,39547.10,PUR-HYD-01,DM-HYD,Depot Manager,2026-04-16 10:44,,2026-05-01
PO/HYD/26-27/00235,2026-04-16 10:11,V0422,HYD,9854,69.23,682192.42,PUR-HYD-01,CFO-01,CFO,2026-04-18 10:23,,2026-05-13
PO/VSP/26-27/00083,2026-04-16 10:15,V0108,VSP,79204,15.43,1222117.72,PUR-VSP-03,CFO-01,CFO,2026-04-20 10:40,,2026-04-30
PO/HYD/26-27/00236,2026-04-16 10:16,V0158,HYD,285,196.74,56070.90,PUR-HYD-03,DM-HYD,Depot Manager,2026-04-16 10:25,,2026-05-09
PO/BLR/26-27/00136,2026-04-16 10:18,V0027,BLR,662,43.95,29094.90,PUR-BLR-03,DM-BLR,Depot Manager,2026-04-16 16:24,,2026-05-08
PO/HYD/26-27/00237,2026-04-16 10:20,V0027,HYD,434,1373.11,595929.74,PUR-HYD-01,FC-01,Finance Controller,2026-04-17 10:57,,2026-05-04
PO/WGL/26-27/00061,2026-04-16 10:25,V0098,WGL,9983,102.23,1020562.09,PUR-WGL-03,CFO-01,CFO,2026-04-17 10:29,,2026-04-30
PO/VJA/26-27/00117,2026-04-16 10:26,V0023,VJA,1912,35.48,67837.76,PUR-VJA-01,DM-VJA,Depot Manager,2026-04-17 10:34,2026-05-04 10:43,2026-05-09
PO/VSP/26-27/00084,2026-04-16 10:27,V0395,VSP,1911,200.76,383652.36,PUR-VSP-03,FC-01,Finance Controller,2026-04-17 10:30,,2026-04-29
PO/BLR/26-27/00137,2026-04-16 10:28,V0293,BLR,11571,132.45,1532578.95,PUR-BLR-03,FC-01,Finance Controller,2026-04-17 10:09,,2026-05-14
PO/HYD/26-27/00238,2026-04-16 10:29,V0067,HYD,55714,13.95,777210.30,PUR-HYD-01,CFO-01,CFO,2026-04-20 10:02,,2026-04-24
PO/VJA/26-27/00118,2026-04-16 10:31,V0351,VJA,220,221.65,48763.00,PUR-VJA-02,DM-VJA,Depot Manager,2026-04-17 10:07,,2026-05-13
PO/VJA/26-27/00119,2026-04-16 10:31,V0114,VJA,650,54.82,35633.00,PUR-VJA-01,DM-VJA,Depot Manager,2026-04-17 10:06,,2026-04-29
PO/BLR/26-27/00138,2026-04-16 10:32,V0432,BLR,21,1604.89,33702.69,PUR-BLR-02,DM-BLR,Depot Manager,2026-04-17 10:10,,2026-05-06
PO/BLR/26-27/00139,2026-04-16 10:33,V0273,BLR,71,523.55,37172.05,PUR-BLR-02,DM-BLR,Depot Manager,2026-04-16 18:08,,2026-04-26
PO/HBL/26-27/00052,2026-04-16 10:34,V0337,HBL,2338,9.76,22818.88,PUR-HBL-03,DM-HBL,Depot Manager,2026-04-16 13:10,,2026-04-27
PO/VJA/26-27/00120,2026-04-16 10:35,V0452,VJA,805,1690.26,1360659.30,PUR-VJA-01,CFO-01,CFO,2026-04-20 10:06,,2026-05-12
PO/HBL/26-27/00053,2026-04-16 10:37,V0036,HBL,122,621.75,75853.50,PUR-HBL-03,DM-HBL,Depot Manager,2026-04-18 10:33,,2026-05-05
PO/VJA/26-27/00121,2026-04-16 10:38,V0087,VJA,607,58.73,35649.11,PUR-VJA-02,DM-VJA,Depot Manager,2026-04-16 11:03,2026-04-21 16:56,2026-05-14
PO/VJA/26-27/00122,2026-04-16 10:38,V0030,VJA,2937,496.86,1459277.82,PUR-VJA-02,CFO-01,CFO,2026-04-18 18:25,,2026-05-14
PO/BLR/26-27/00140,2026-04-16 10:40,V0103,BLR,1972,9.44,18615.68,PUR-BLR-03,DM-BLR,Depot Manager,2026-04-16 11:59,,2026-05-08
PO/WGL/26-27/00062,2026-04-16 10:40,V0027,WGL,295,132.76,39164.20,PUR-WGL-02,DM-WGL,Depot Manager,2026-04-16 11:33,2026-04-27 10:27,2026-05-12
PO/VJA/26-27/00123,2026-04-16 10:41,V0387,VJA,1666,43.15,71887.90,PUR-VJA-01,DM-VJA,Depot Manager,2026-04-17 10:15,,2026-05-09
PO/HYD/26-27/00239,2026-04-16 10:44,V0029,HYD,200,247.69,49538.00,PUR-HYD-01,DM-HYD,Depot Manager,2026-04-16 10:48,2026-04-17 13:54,2026-05-02
PO/VJA/26-27/00124,2026-04-16 10:46,V0097,VJA,14054,28.33,398149.82,PUR-VJA-01,FC-01,Finance Controller,2026-04-17 10:08,,2026-05-06
PO/VSP/26-27/00085,2026-04-16 10:47,V0244,VSP,324,97.52,31596.48,PUR-VSP-03,DM-VSP,Depot Manager,2026-04-17 10:12,,2026-04-26
PO/BLR/26-27/00141,2026-04-16 10:49,V0084,BLR,336,548.91,184433.76,PUR-BLR-02,FC-01,Finance Controller,2026-04-16 16:08,2026-04-20 10:01,2026-04-25
PO/VJA/26-27/00125,2026-04-16 10:50,V0313,VJA,1690,9.22,15581.80,PUR-VJA-02,DM-VJA,Depot Manager,2026-04-16 17:04,2026-04-27 14:05,2026-05-03
PO/BLR/26-27/00142,2026-04-16 10:50,V0430,BLR,37826,36.50,1380649.00,PUR-BLR-03,CFO-01,CFO,2026-04-17 12:33,,2026-05-08
PO/BLR/26-27/00143,2026-04-16 10:56,V0381,BLR,12896,120.05,1548164.80,PUR-BLR-02,CFO-01,CFO,2026-04-20 10:13,,2026-04-26
PO/BLR/26-27/00144,2026-04-16 11:14,V0125,BLR,5428,247.46,1343212.88,PUR-BLR-01,CFO-01,CFO,2026-04-17 09:46,,2026-05-10
PO/VJA/26-27/00126,2026-04-16 11:51,V0134,VJA,30858,39.22,1210250.76,PUR-VJA-01,CFO-01,CFO,2026-04-20 10:48,,2026-05-13
PO/VJA/26-27/00127,2026-04-16 12:03,V0266,VJA,328,410.16,134532.48,PUR-VJA-03,FC-01,Finance Controller,2026-04-16 16:08,,2026-05-13
PO/VJA/26-27/00128,2026-04-16 12:39,V0097,VJA,18,1363.70,24546.60,PUR-VJA-01,DM-VJA,Depot Manager,2026-04-16 13:54,,2026-05-07
PO/HYD/26-27/00240,2026-04-16 13:04,V0280,HYD,2169,8.84,19173.96,PUR-HYD-02,DM-HYD,Depot Manager,2026-04-18 10:24,,2026-05-02
PO/VSP/26-27/00086,2026-04-16 13:32,V0009,VSP,469,147.88,69355.72,PUR-VSP-02,DM-VSP,Depot Manager,2026-04-17 10:36,,2026-05-09
PO/WGL/26-27/00063,2026-04-16 13:56,V0482,WGL,1788,193.28,345584.64,PUR-WGL-01,FC-01,Finance Controller,2026-04-17 17:37,,2026-05-16
PO/HYD/26-27/00241,2026-04-16 15:07,V0080,HYD,2178,9.99,21758.22,PUR-HYD-01,DM-HYD,Depot Manager,2026-04-17 10:04,2026-04-30 10:28,2026-05-03
PO/HYD/26-27/00242,2026-04-16 15:57,V0137,HYD,5543,269.49,1493783.07,PUR-HYD-03,CFO-01,CFO,2026-04-20 10:22,,2026-05-02
PO/HYD/26-27/00243,2026-04-16 15:57,V0331,HYD,41,1243.80,50995.80,PUR-HYD-03,DM-HYD,Depot Manager,2026-04-17 10:41,,2026-04-25
PO/HYD/26-27/00244,2026-04-16 16:22,V0114,HYD,86,186.03,15998.58,PUR-HYD-02,DM-HYD,Depot Manager,2026-04-17 10:00,,2026-05-15
PO/WGL/26-27/00064,2026-04-16 18:03,V0130,WGL,1099,23.66,26002.34,PUR-WGL-03,DM-WGL,Depot Manager,2026-04-18 10:00,,2026-05-02
PO/HYD/26-27/00245,2026-04-16 18:06,V0083,HYD,1898,371.22,704575.56,PUR-HYD-01,FC-01,Finance Controller,2026-04-17 10:41,,2026-04-25
PO/VJA/26-27/00129,2026-04-16 18:39,V0118,VJA,39350,8.65,340377.50,PUR-VJA-02,FC-01,Finance Controller,2026-04-17 16:57,,2026-04-24
PO/HYD/26-27/00246,2026-04-16 18:48,V0079,HYD,95474,9.01,860220.74,PUR-HYD-01,CFO-01,CFO,2026-04-17 17:04,,2026-05-07
PO/HYD/26-27/00247,2026-04-17 09:48,V0182,HYD,4894,160.13,783676.22,PUR-HYD-02,CFO-01,CFO,2026-04-20 16:05,,2026-05-12
PO/VJA/26-27/00130,2026-04-17 10:00,V0276,VJA,42,1026.70,43121.40,PUR-VJA-02,DM-VJA,Depot Manager,2026-04-17 10:31,2026-04-27 10:22,2026-05-04
PO/WGL/26-27/00065,2026-04-17 10:03,V0179,WGL,11263,35.05,394768.15,PUR-WGL-03,FC-01,Finance Controller,2026-04-18 10:11,,2026-05-12
PO/WGL/26-27/00066,2026-04-17 10:11,V0067,WGL,461,67.54,31135.94,PUR-WGL-01,DM-WGL,Depot Manager,2026-04-18 10:47,,2026-05-01
PO/HYD/26-27/00248,2026-04-17 10:13,V0051,HYD,26494,47.35,1254490.90,PUR-HYD-02,CFO-01,CFO,2026-04-18 10:30,,2026-05-11
PO/BLR/26-27/00145,2026-04-17 10:14,V0041,BLR,8065,28.43,229287.95,PUR-BLR-03,FC-01,Finance Controller,2026-04-17 14:01,,2026-05-13
PO/HYD/26-27/00249,2026-04-17 10:18,V0211,HYD,10034,35.05,351691.70,PUR-HYD-03,FC-01,Finance Controller,2026-04-20 10:18,,2026-05-12
PO/BLR/26-27/00146,2026-04-17 10:19,V0479,BLR,15699,73.43,1152777.57,PUR-BLR-01,FC-01,Finance Controller,2026-04-18 10:22,,2026-05-09
PO/WGL/26-27/00067,2026-04-17 10:21,V0046,WGL,50465,26.86,1355489.90,PUR-WGL-01,CFO-01,CFO,2026-04-20 10:34,,2026-05-13
PO/BLR/26-27/00147,2026-04-17 10:22,V0125,BLR,1261,8.55,10781.55,PUR-BLR-03,DM-BLR,Depot Manager,2026-04-17 10:44,2026-05-04 10:07,2026-04-28
PO/HYD/26-27/00250,2026-04-17 10:22,V0305,HYD,229,1145.36,262287.44,PUR-HYD-01,FC-01,Finance Controller,2026-04-18 10:42,,2026-05-05
PO/WGL/26-27/00068,2026-04-17 10:24,V0434,WGL,383,105.48,40398.84,PUR-WGL-01,DM-WGL,Depot Manager,2026-04-22 10:26,,2026-05-15
PO/VJA/26-27/00131,2026-04-17 10:25,V0179,VJA,8164,9.49,77476.36,PUR-VJA-03,DM-VJA,Depot Manager,2026-04-18 13:40,,2026-04-26
PO/VJA/26-27/00132,2026-04-17 10:26,V0081,VJA,179,200.21,35837.59,PUR-VJA-01,DM-VJA,Depot Manager,2026-04-20 10:19,,2026-05-12
PO/VJA/26-27/00133,2026-04-17 10:27,V0091,VJA,3262,36.08,117692.96,PUR-VJA-02,FC-01,Finance Controller,2026-04-18 10:39,,2026-05-13
PO/WGL/26-27/00069,2026-04-17 10:30,V0244,WGL,5549,117.78,653561.22,PUR-WGL-03,FC-01,Finance Controller,2026-04-17 10:39,,2026-05-01
PO/VJA/26-27/00134,2026-04-17 10:32,V0288,VJA,35,1301.37,45547.95,PUR-VJA-02,DM-VJA,Depot Manager,2026-04-18 10:37,,2026-05-15
PO/HYD/26-27/00251,2026-04-17 10:34,V0145,HYD,3669,154.55,567043.95,PUR-HYD-01,FC-01,Finance Controller,2026-04-18 10:19,,2026-05-11
PO/VSP/26-27/00087,2026-04-17 10:35,V0233,VSP,114,713.91,81385.74,PUR-VSP-01,DM-VSP,Depot Manager,2026-04-18 10:47,,2026-04-28
PO/HYD/26-27/00252,2026-04-17 10:37,V0428,HYD,1257,231.82,291397.74,PUR-HYD-02,FC-01,Finance Controller,2026-04-20 10:28,,2026-04-29
PO/BLR/26-27/00148,2026-04-17 10:38,V0308,BLR,1982,29.91,59281.62,PUR-BLR-03,DM-BLR,Depot Manager,2026-04-18 10:31,2026-04-23 10:35,2026-05-06
PO/VJA/26-27/00135,2026-04-17 10:38,V0004,VJA,1879,8.80,16535.20,PUR-VJA-02,DM-VJA,Depot Manager,2026-04-17 11:06,2026-05-01 14:21,2026-04-24
PO/VJA/26-27/00136,2026-04-17 10:39,V0029,VJA,12044,24.57,295921.08,PUR-VJA-03,FC-01,Finance Controller,2026-04-18 10:05,,2026-05-15
PO/HYD/26-27/00253,2026-04-17 10:40,V0401,HYD,555,199.17,110539.35,PUR-HYD-03,FC-01,Finance Controller,2026-04-18 10:32,,
PO/BLR/26-27/00149,2026-04-17 10:41,V0465,BLR,4302,27.68,119079.36,PUR-BLR-01,FC-01,Finance Controller,2026-04-18 10:04,,2026-04-29
PO/HYD/26-27/00254,2026-04-17 10:42,V0158,HYD,43,607.61,26127.23,PUR-HYD-02,DM-HYD,Depot Manager,2026-04-18 10:38,,2026-05-11
PO/WGL/26-27/00070,2026-04-17 10:43,V0079,WGL,159,224.49,35693.91,PUR-WGL-01,DM-WGL,Depot Manager,2026-04-17 12:11,2026-04-22 16:50,2026-05-06
PO/VJA/26-27/00137,2026-04-17 10:43,V0249,VJA,3453,178.28,615600.84,PUR-VJA-01,FC-01,Finance Controller,2026-04-17 17:12,,2026-05-11
PO/HYD/26-27/00255,2026-04-17 10:43,V0244,HYD,616,1092.13,672752.08,PUR-HYD-03,CFO-01,CFO,2026-04-18 10:04,,2026-05-07
PO/BLR/26-27/00150,2026-04-17 10:47,V0116,BLR,7573,19.89,150626.97,PUR-BLR-01,FC-01,Finance Controller,2026-04-18 12:13,,2026-05-16
PO/HBL/26-27/00054,2026-04-17 10:47,V0411,HBL,184,208.46,38356.64,PUR-HBL-01,DM-HBL,Depot Manager,2026-04-17 11:42,,2026-05-05
PO/VJA/26-27/00138,2026-04-17 10:48,V0011,VJA,2355,49.97,117679.35,PUR-VJA-03,FC-01,Finance Controller,2026-04-17 11:41,2026-04-24 10:25,2026-05-11
PO/WGL/26-27/00071,2026-04-17 10:49,V0186,WGL,161,1725.68,277834.48,PUR-WGL-02,FC-01,Finance Controller,2026-04-17 11:31,2026-04-30 18:07,2026-05-04
PO/VJA/26-27/00139,2026-04-17 10:50,V0008,VJA,92,1646.87,151512.04,PUR-VJA-03,FC-01,Finance Controller,2026-04-17 11:12,,2026-04-30
PO/BLR/26-27/00151,2026-04-17 11:04,V0092,BLR,7075,89.97,636537.75,PUR-BLR-01,CFO-01,CFO,2026-04-18 18:48,,2026-05-12
PO/BLR/26-27/00152,2026-04-17 11:46,V0208,BLR,20058,9.35,187542.30,PUR-BLR-02,FC-01,Finance Controller,2026-04-20 10:05,,2026-05-10
PO/BLR/26-27/00153,2026-04-17 11:52,V0041,BLR,3005,454.30,1365171.50,PUR-BLR-02,CFO-01,CFO,2026-04-18 13:13,,2026-05-14
PO/HBL/26-27/00055,2026-04-17 11:59,V0191,HBL,42,524.36,22023.12,PUR-HBL-01,DM-HBL,Depot Manager,2026-04-17 14:53,,2026-05-07
PO/HYD/26-27/00256,2026-04-17 12:06,V0367,HYD,2530,343.30,868549.00,PUR-HYD-01,CFO-01,CFO,2026-04-18 10:01,,2026-05-08
PO/HYD/26-27/00257,2026-04-17 13:02,V0293,HYD,111,386.11,42858.21,PUR-HYD-03,DM-HYD,Depot Manager,2026-04-18 09:54,,2026-05-05
PO/HYD/26-27/00258,2026-04-17 13:28,V0100,HYD,1300,44.28,57564.00,PUR-HYD-03,DM-HYD,Depot Manager,2026-04-18 10:26,2026-04-24 22:15,2026-04-24
PO/HYD/26-27/00259,2026-04-17 13:52,V0465,HYD,6115,19.32,118141.80,PUR-HYD-03,FC-01,Finance Controller,2026-04-18 11:40,,2026-05-10
PO/VSP/26-27/00088,2026-04-17 14:12,V0085,VSP,1415,580.95,822044.25,PUR-VSP-01,CFO-01,CFO,2026-04-20 10:04,,2026-04-28
PO/HYD/26-27/00260,2026-04-17 14:47,V0256,HYD,1395,8.73,12178.35,PUR-HYD-01,DM-HYD,Depot Manager,2026-04-18 10:33,2026-04-27 10:05,2026-05-14
PO/VJA/26-27/00140,2026-04-17 14:52,V0207,VJA,3691,20.32,75001.12,PUR-VJA-02,DM-VJA,Depot Manager,2026-04-18 10:21,2026-04-27 10:02,2026-05-12
PO/HYD/26-27/00261,2026-04-17 15:38,V0190,HYD,27479,56.97,1565478.63,PUR-HYD-02,CFO-01,CFO,2026-04-20 10:23,,2026-05-03
PO/HYD/26-27/00262,2026-04-17 16:12,V0067,HYD,5461,95.98,524146.78,PUR-HYD-01,CFO-01,CFO,2026-04-21 10:44,,2026-05-14
PO/WGL/26-27/00072,2026-04-17 16:26,V0193,WGL,20542,26.95,553606.90,PUR-WGL-01,FC-01,Finance Controller,2026-04-18 18:23,,2026-05-04
PO/VSP/26-27/00089,2026-04-17 16:49,V0216,VSP,510,52.17,26606.70,PUR-VSP-03,DM-VSP,Depot Manager,2026-04-18 10:41,2026-05-07 10:47,2026-05-03
PO/HBL/26-27/00056,2026-04-17 17:43,V0080,HBL,1010,235.26,237612.60,PUR-HBL-01,FC-01,Finance Controller,2026-04-18 10:44,2026-04-22 10:24,2026-04-28
PO/VSP/26-27/00090,2026-04-17 18:22,V0011,VSP,47,486.50,22865.50,PUR-VSP-01,DM-VSP,Depot Manager,2026-04-20 10:02,,2026-05-14
PO/VSP/26-27/00091,2026-04-17 18:25,V0080,VSP,765,1197.56,916133.40,PUR-VSP-03,CFO-01,CFO,2026-04-20 10:13,,2026-05-06
PO/VJA/26-27/00141,2026-04-17 18:40,V0227,VJA,8848,62.30,551230.40,PUR-VJA-02,CFO-01,CFO,2026-04-20 11:37,,2026-05-07
PO/BLR/26-27/00154,2026-04-18 00:22,V0136,BLR,332,1586.47,526708.04,PUR-BLR-02,CFO-01,CFO,2026-04-19 17:42,,2026-05-01
PO/HBL/26-27/00057,2026-04-18 09:33,V0195,HBL,527,143.12,75424.24,PUR-HBL-03,DM-HBL,Depot Manager,2026-04-18 16:40,,
PO/HYD/26-27/00263,2026-04-18 10:00,V0053,HYD,1992,52.99,105556.08,PUR-HYD-03,FC-01,Finance Controller,2026-04-20 10:31,,2026-05-16
PO/WGL/26-27/00073,2026-04-18 10:00,V0050,WGL,1755,61.65,108195.75,PUR-WGL-01,FC-01,Finance Controller,2026-04-18 13:11,,2026-04-25
PO/BLR/26-27/00155,2026-04-18 10:02,V0359,BLR,680,200.70,136476.00,PUR-BLR-03,FC-01,Finance Controller,2026-04-18 14:56,,2026-04-25
PO/HYD/26-27/00264,2026-04-18 10:02,V0076,HYD,1369,175.28,239958.32,PUR-HYD-03,FC-01,Finance Controller,2026-04-20 10:01,2026-04-30 14:18,2026-04-26
PO/HYD/26-27/00265,2026-04-18 10:03,V0128,HYD,34925,10.84,378587.00,PUR-HYD-03,FC-01,Finance Controller,2026-04-20 10:33,,2026-04-29
PO/HYD/26-27/00266,2026-04-18 10:05,V0011,HYD,593,81.75,48477.75,PUR-HYD-02,DM-HYD,Depot Manager,2026-04-18 10:43,2026-04-25 11:20,2026-04-26
PO/BLR/26-27/00156,2026-04-18 10:05,V0069,BLR,1990,405.19,806328.10,PUR-BLR-03,CFO-01,CFO,2026-04-20 10:06,,2026-05-17
PO/BLR/26-27/00157,2026-04-18 10:07,V0440,BLR,1027,677.68,695977.36,PUR-BLR-03,CFO-01,CFO,2026-04-20 10:24,,2026-05-05
PO/HYD/26-27/00267,2026-04-18 10:10,V0347,HYD,36388,35.24,1282313.12,PUR-HYD-03,CFO-01,CFO,2026-04-20 10:50,,2026-04-27
PO/BLR/26-27/00158,2026-04-18 10:10,V0484,BLR,286,292.41,83629.26,PUR-BLR-03,DM-BLR,Depot Manager,2026-04-18 15:28,,2026-05-16
PO/VJA/26-27/00142,2026-04-18 10:15,V0210,VJA,994,603.34,599719.96,PUR-VJA-03,CFO-01,CFO,2026-04-21 10:07,,2026-05-05
PO/HYD/26-27/00268,2026-04-18 10:20,V0193,HYD,161,1201.72,193476.92,PUR-HYD-01,FC-01,Finance Controller,2026-04-18 10:25,2026-04-23 11:02,2026-05-15
PO/VJA/26-27/00143,2026-04-18 10:21,V0008,VJA,5432,50.31,273283.92,PUR-VJA-02,FC-01,Finance Controller,2026-04-20 10:50,2026-04-27 10:23,2026-05-07
PO/HYD/26-27/00269,2026-04-18 10:24,V0426,HYD,404,742.90,300131.60,PUR-HYD-02,FC-01,Finance Controller,2026-04-20 10:25,2026-04-30 10:52,2026-05-10
PO/BLR/26-27/00159,2026-04-18 10:25,V0136,BLR,2221,16.55,36757.55,PUR-BLR-02,DM-BLR,Depot Manager,2026-04-20 10:37,,2026-05-18
PO/HYD/26-27/00270,2026-04-18 10:25,V0479,HYD,932,10.02,9338.64,PUR-HYD-03,DM-HYD,Depot Manager,2026-04-18 16:14,2026-04-23 10:26,2026-05-01
PO/WGL/26-27/00074,2026-04-18 10:28,V0436,WGL,35642,17.07,608408.94,PUR-WGL-02,CFO-01,CFO,2026-04-20 10:35,,2026-04-27
PO/BLR/26-27/00160,2026-04-18 10:30,V0175,BLR,29558,9.99,295284.42,PUR-BLR-02,FC-01,Finance Controller,2026-04-20 10:39,,2026-05-16
PO/HYD/26-27/00271,2026-04-18 10:32,V0033,HYD,133,490.69,65261.77,PUR-HYD-01,DM-HYD,Depot Manager,2026-04-20 10:23,,2026-04-28
PO/HYD/26-27/00272,2026-04-18 10:35,V0058,HYD,808,790.97,639103.76,PUR-HYD-01,CFO-01,CFO,2026-04-20 10:04,,2026-05-10
PO/WGL/26-27/00075,2026-04-18 10:40,V0499,WGL,1784,225.60,402470.40,PUR-WGL-01,FC-01,Finance Controller,2026-04-20 10:16,,2026-05-13
PO/VJA/26-27/00144,2026-04-18 10:43,V0145,VJA,9216,95.22,877547.52,PUR-VJA-03,CFO-01,CFO,2026-04-20 10:46,,2026-05-07
PO/VSP/26-27/00092,2026-04-18 10:50,V0191,VSP,76990,18.62,1433553.80,PUR-VSP-01,CFO-01,CFO,2026-04-20 10:24,,2026-05-06
PO/HYD/26-27/00273,2026-04-18 11:19,V0331,HYD,24599,25.07,616696.93,PUR-HYD-01,FC-01,Finance Controller,2026-04-20 10:47,,2026-05-02
PO/HYD/26-27/00274,2026-04-18 11:41,V0353,HYD,7174,29.71,213139.54,PUR-HYD-02,FC-01,Finance Controller,2026-04-20 10:26,2026-04-21 10:01,2026-05-10
PO/HYD/26-27/00275,2026-04-18 12:47,V0058,HYD,1833,861.95,1579954.35,PUR-HYD-02,FC-01,Finance Controller,2026-04-20 12:33,,2026-05-13
PO/HYD/26-27/00276,2026-04-18 12:50,V0112,HYD,565,117.65,66472.25,PUR-HYD-01,DM-HYD,Depot Manager,2026-04-20 10:10,2026-04-22 12:32,2026-05-09
PO/HYD/26-27/00277,2026-04-18 13:02,V0262,HYD,212,1380.80,292729.60,PUR-HYD-01,FC-01,Finance Controller,2026-04-20 10:43,,2026-05-08
PO/HYD/26-27/00278,2026-04-18 13:04,V0486,HYD,234,855.79,200254.86,PUR-HYD-03,FC-01,Finance Controller,2026-04-20 10:07,,2026-05-01
PO/BLR/26-27/00161,2026-04-18 13:23,V0359,BLR,337,157.21,52979.77,PUR-BLR-01,DM-BLR,Depot Manager,2026-04-18 16:48,2026-04-20 10:47,2026-05-05
PO/BLR/26-27/00162,2026-04-18 13:27,V0226,BLR,1428,998.48,1425829.44,PUR-BLR-02,CFO-01,CFO,2026-04-20 18:50,,2026-05-09
PO/HBL/26-27/00058,2026-04-18 13:40,V0061,HBL,178,64.86,11545.08,PUR-HBL-02,DM-HBL,Depot Manager,2026-04-18 23:43,2026-04-19 16:53,2026-05-01
PO/HYD/26-27/00279,2026-04-18 14:21,V0429,HYD,31,523.03,16213.93,PUR-HYD-01,DM-HYD,Depot Manager,2026-04-20 10:06,2026-04-21 10:31,2026-05-05
PO/BLR/26-27/00163,2026-04-18 14:52,V0158,BLR,347,145.87,50616.89,PUR-BLR-01,DM-BLR,Depot Manager,2026-04-22 10:26,,2026-05-04
PO/BLR/26-27/00164,2026-04-18 14:53,V0023,BLR,4829,47.79,230777.91,PUR-BLR-02,FC-01,Finance Controller,2026-04-20 10:48,,2026-04-28
PO/VSP/26-27/00093,2026-04-18 15:32,V0245,VSP,11062,36.99,409183.38,PUR-VSP-01,FC-01,Finance Controller,2026-04-24 10:34,,2026-05-13
PO/VJA/26-27/00145,2026-04-18 15:37,V0232,VJA,2280,28.66,65344.80,PUR-VJA-02,DM-VJA,Depot Manager,2026-04-20 10:18,,2026-04-26
PO/HYD/26-27/00280,2026-04-18 16:07,V0096,HYD,5436,63.68,346164.48,PUR-HYD-03,FC-01,Finance Controller,2026-04-22 15:31,,2026-05-17
PO/VJA/26-27/00146,2026-04-18 16:30,V0023,VJA,2120,176.37,373904.40,PUR-VJA-02,FC-01,Finance Controller,2026-04-20 10:14,,2026-05-03
PO/HYD/26-27/00281,2026-04-18 17:12,V0186,HYD,35,597.89,20926.15,PUR-HYD-03,DM-HYD,Depot Manager,2026-04-20 10:24,,2026-04-27
PO/WGL/26-27/00076,2026-04-18 17:35,V0327,WGL,4429,9.99,44245.71,PUR-WGL-01,DM-WGL,Depot Manager,2026-04-20 10:02,,2026-05-07
PO/HBL/26-27/00059,2026-04-18 18:12,V0115,HBL,116,687.23,79718.68,PUR-HBL-03,DM-HBL,Depot Manager,2026-04-20 10:25,,2026-04-30
PO/HBL/26-27/00060,2026-04-18 18:24,V0150,HBL,2589,8.33,21566.37,PUR-HBL-03,DM-HBL,Depot Manager,2026-04-20 10:44,,2026-05-10
PO/VSP/26-27/00094,2026-04-18 18:45,V0090,VSP,37038,15.48,573348.24,PUR-VSP-01,CFO-01,CFO,2026-04-20 15:41,,2026-05-02
PO/VSP/26-27/00095,2026-04-20 10:00,V0288,VSP,40,535.79,21431.60,PUR-VSP-02,DM-VSP,Depot Manager,2026-04-20 10:39,2026-04-24 18:26,2026-05-06
PO/BLR/26-27/00165,2026-04-20 10:00,V0495,BLR,12,804.99,9659.88,PUR-BLR-01,DM-BLR,Depot Manager,2026-04-20 10:23,2026-05-04 10:43,2026-04-29
PO/HYD/26-27/00282,2026-04-20 10:00,V0339,HYD,911,64.89,59114.79,PUR-HYD-02,DM-HYD,Depot Manager,2026-04-20 15:57,,2026-04-30
PO/VSP/26-27/00096,2026-04-20 10:04,V0077,VSP,37,1455.41,53850.17,PUR-VSP-02,DM-VSP,Depot Manager,2026-04-20 18:00,2026-04-24 10:26,2026-05-18
PO/HYD/26-27/00283,2026-04-20 10:04,V0153,HYD,29303,23.11,677192.33,PUR-HYD-01,CFO-01,CFO,2026-04-21 10:50,,2026-04-29
PO/VJA/26-27/00147,2026-04-20 10:05,V0008,VJA,949,115.10,109229.90,PUR-VJA-03,FC-01,Finance Controller,2026-04-20 10:49,,2026-04-29
PO/WGL/26-27/00077,2026-04-20 10:08,V0320,WGL,1837,15.76,28951.12,PUR-WGL-02,DM-WGL,Depot Manager,2026-04-20 10:32,2026-04-25 10:26,2026-05-19
PO/HBL/26-27/00061,2026-04-20 10:09,V0479,HBL,1057,968.82,1024042.74,PUR-HBL-03,FC-01,Finance Controller,2026-04-20 11:30,,2026-05-20
PO/VSP/26-27/00097,2026-04-20 10:11,V0369,VSP,6876,11.64,80036.64,PUR-VSP-02,DM-VSP,Depot Manager,2026-04-20 10:43,,
PO/HYD/26-27/00284,2026-04-20 10:12,V0443,HYD,6273,33.18,208138.14,PUR-HYD-03,FC-01,Finance Controller,2026-04-20 10:36,,2026-05-12
PO/VJA/26-27/00148,2026-04-20 10:12,V0183,VJA,5805,127.69,741240.45,PUR-VJA-02,CFO-01,CFO,2026-04-22 16:45,,2026-05-18
PO/WGL/26-27/00078,2026-04-20 10:13,V0029,WGL,264,85.65,22611.60,PUR-WGL-01,DM-WGL,Depot Manager,2026-04-20 12:12,,2026-04-27
PO/HYD/26-27/00285,2026-04-20 10:14,V0123,HYD,823,277.55,228423.65,PUR-HYD-02,FC-01,Finance Controller,2026-04-21 15:53,2026-05-06 11:18,2026-05-10
PO/HYD/26-27/00286,2026-04-20 10:14,V0423,HYD,110495,11.17,1234229.15,PUR-HYD-01,FC-01,Finance Controller,2026-04-20 13:07,,2026-05-11
PO/HYD/26-27/00287,2026-04-20 10:15,V0125,HYD,18,935.96,16847.28,PUR-HYD-02,DM-HYD,Depot Manager,2026-04-21 10:21,,2026-05-02
PO/HYD/26-27/00288,2026-04-20 10:15,V0344,HYD,282,81.70,23039.40,PUR-HYD-01,DM-HYD,Depot Manager,2026-04-20 10:21,2026-04-27 10:33,2026-05-19
PO/WGL/26-27/00079,2026-04-20 10:16,V0250,WGL,501,28.41,14233.41,PUR-WGL-03,DM-WGL,Depot Manager,2026-04-20 11:50,2026-04-22 15:59,2026-05-18
PO/VJA/26-27/00149,2026-04-20 10:16,V0019,VJA,556,1207.93,671609.08,PUR-VJA-02,FC-01,Finance Controller,2026-04-21 10:50,,2026-05-13
PO/WGL/26-27/00080,2026-04-20 10:17,V0030,WGL,108,280.44,30287.52,PUR-WGL-02,DM-WGL,Depot Manager,2026-04-20 10:38,,2026-05-17
PO/WGL/26-27/00081,2026-04-20 10:17,V0397,WGL,870,363.09,315888.30,PUR-WGL-02,FC-01,Finance Controller,2026-04-20 10:31,,2026-05-10
PO/HYD/26-27/00289,2026-04-20 10:17,V0040,HYD,6071,187.54,1138555.34,PUR-HYD-01,FC-01,Finance Controller,2026-04-21 10:01,,2026-05-08
PO/VSP/26-27/00098,2026-04-20 10:18,V0429,VSP,6047,106.84,646061.48,PUR-VSP-02,CFO-01,CFO,2026-04-21 10:37,,2026-05-14
PO/BLR/26-27/00166,2026-04-20 10:18,V0233,BLR,28766,21.15,608400.90,PUR-BLR-02,CFO-01,CFO,2026-04-21 16:43,,2026-05-07
PO/HYD/26-27/00290,2026-04-20 10:19,V0350,HYD,266,67.19,17872.54,PUR-HYD-01,DM-HYD,Depot Manager,2026-04-20 14:34,2026-04-23 10:06,2026-05-04
PO/HYD/26-27/00291,2026-04-20 10:21,V0250,HYD,230,95.12,21877.60,PUR-HYD-02,DM-HYD,Depot Manager,2026-04-20 13:03,,2026-05-03
PO/HYD/26-27/00292,2026-04-20 10:21,V0017,HYD,5050,13.26,66963.00,PUR-HYD-02,DM-HYD,Depot Manager,2026-04-21 10:50,,2026-05-14
PO/BLR/26-27/00167,2026-04-20 10:21,V0021,BLR,18953,56.63,1073308.39,PUR-BLR-02,CFO-01,CFO,2026-04-21 13:55,,2026-05-20
PO/HYD/26-27/00293,2026-04-20 10:23,V0283,HYD,207,220.58,45660.06,PUR-HYD-03,DM-HYD,Depot Manager,2026-04-20 10:36,2026-04-27 10:38,2026-05-13
PO/HYD/26-27/00294,2026-04-20 10:23,V0028,HYD,1309,25.16,32934.44,PUR-HYD-01,DM-HYD,Depot Manager,2026-04-20 11:15,,2026-05-16
PO/HYD/26-27/00295,2026-04-20 10:23,V0349,HYD,3559,149.64,532568.76,PUR-HYD-02,CFO-01,CFO,2026-04-21 10:01,,2026-05-02
PO/WGL/26-27/00082,2026-04-20 10:26,V0145,WGL,60,633.26,37995.60,PUR-WGL-02,DM-WGL,Depot Manager,2026-04-20 11:11,2026-04-24 10:42,2026-05-16
PO/BLR/26-27/00168,2026-04-20 10:27,V0056,BLR,329,393.16,129349.64,PUR-BLR-03,FC-01,Finance Controller,2026-04-20 14:46,,2026-05-17
PO/WGL/26-27/00083,2026-04-20 10:27,V0240,WGL,20946,28.23,591305.58,PUR-WGL-01,CFO-01,CFO,2026-04-22 10:47,,2026-05-06
PO/VJA/26-27/00150,2026-04-20 10:29,V0384,VJA,1740,19.03,33112.20,PUR-VJA-03,DM-VJA,Depot Manager,2026-04-20 10:46,,2026-05-02
PO/VSP/26-27/00099,2026-04-20 10:30,V0248,VSP,37264,15.68,584299.52,PUR-VSP-02,CFO-01,CFO,2026-04-22 10:22,,2026-05-01
PO/BLR/26-27/00169,2026-04-20 10:31,V0171,BLR,655,43.01,28171.55,PUR-BLR-03,DM-BLR,Depot Manager,2026-04-20 11:49,2026-05-02 10:34,2026-05-15
PO/BLR/26-27/00170,2026-04-20 10:31,V0106,BLR,17771,45.88,815333.48,PUR-BLR-01,CFO-01,CFO,2026-04-21 10:41,,2026-05-20
PO/WGL/26-27/00084,2026-04-20 10:33,V0445,WGL,1301,19.92,25915.92,PUR-WGL-01,DM-WGL,Depot Manager,2026-04-21 10:27,,2026-05-01
PO/HYD/26-27/00296,2026-04-20 10:34,V0039,HYD,4727,10.40,49160.80,PUR-HYD-01,DM-HYD,Depot Manager,2026-04-21 17:09,,2026-05-12
PO/HYD/26-27/00297,2026-04-20 10:34,V0014,HYD,513,26.72,13707.36,PUR-HYD-03,DM-HYD,Depot Manager,2026-04-20 18:57,2026-05-02 12:29,2026-05-18
PO/VJA/26-27/00151,2026-04-20 10:34,V0200,VJA,21800,55.43,1208374.00,PUR-VJA-02,CFO-01,CFO,2026-04-20 12:34,,2026-05-06
PO/VJA/26-27/00152,2026-04-20 10:35,V0130,VJA,2291,13.82,31661.62,PUR-VJA-03,DM-VJA,Depot Manager,2026-04-20 10:43,2026-04-27 10:00,2026-05-07
PO/WGL/26-27/00085,2026-04-20 10:37,V0011,WGL,27,926.54,25016.58,PUR-WGL-01,DM-WGL,Depot Manager,2026-04-20 10:43,,2026-04-30
PO/VSP/26-27/00100,2026-04-20 10:40,V0074,VSP,2628,41.75,109719.00,PUR-VSP-03,FC-01,Finance Controller,2026-04-21 10:43,,2026-05-16
PO/HYD/26-27/00298,2026-04-20 10:40,V0319,HYD,102,605.73,61784.46,PUR-HYD-02,DM-HYD,Depot Manager,2026-04-20 12:20,2026-04-27 10:27,2026-05-08
PO/HBL/26-27/00062,2026-04-20 10:40,V0189,HBL,181,295.84,53547.04,PUR-HBL-02,DM-HBL,Depot Manager,2026-04-21 10:23,,2026-05-19
PO/VJA/26-27/00153,2026-04-20 10:40,V0081,VJA,42824,21.11,904014.64,PUR-VJA-03,FC-01,Finance Controller,2026-04-20 11:44,,2026-05-15
PO/VSP/26-27/00101,2026-04-20 10:41,V0337,VSP,17675,37.33,659807.75,PUR-VSP-01,CFO-01,CFO,2026-04-20 10:57,,2026-05-16
PO/HYD/26-27/00299,2026-04-20 10:41,V0068,HYD,21704,38.13,827573.52,PUR-HYD-02,CFO-01,CFO,2026-04-21 10:44,,2026-05-09
PO/BLR/26-27/00171,2026-04-20 10:41,V0018,BLR,881,293.55,258617.55,PUR-BLR-03,FC-01,Finance Controller,2026-04-20 12:45,,
PO/BLR/26-27/00172,2026-04-20 10:43,V0090,BLR,21,1391.81,29228.01,PUR-BLR-03,DM-BLR,Depot Manager,2026-04-20 12:08,2026-04-23 10:19,2026-05-07
PO/VJA/26-27/00154,2026-04-20 10:43,V0395,VJA,1437,43.26,62164.62,PUR-VJA-01,DM-VJA,Depot Manager,2026-04-20 12:39,2026-04-27 10:17,2026-05-11
PO/HYD/26-27/00300,2026-04-20 10:43,V0189,HYD,7050,130.95,923197.50,PUR-HYD-03,FC-01,Finance Controller,2026-04-22 10:13,,2026-05-20
PO/VJA/26-27/00155,2026-04-20 10:43,V0056,VJA,559,1128.80,630999.20,PUR-VJA-02,CFO-01,CFO,2026-04-20 15:17,,2026-05-18
PO/BLR/26-27/00173,2026-04-20 10:44,V0079,BLR,49,1271.03,62280.47,PUR-BLR-01,DM-BLR,Depot Manager,2026-04-22 10:38,,2026-05-20
PO/HYD/26-27/00301,2026-04-20 10:47,V0385,HYD,237,1588.51,376476.87,PUR-HYD-01,FC-01,Finance Controller,2026-04-21 10:27,,2026-05-13
PO/HYD/26-27/00302,2026-04-20 10:47,V0079,HYD,7992,16.84,134585.28,PUR-HYD-03,FC-01,Finance Controller,2026-04-21 10:22,2026-04-27 10:35,2026-05-15
PO/VJA/26-27/00156,2026-04-20 10:48,V0477,VJA,32,1388.32,44426.24,PUR-VJA-03,DM-VJA,Depot Manager,2026-04-20 12:40,2026-05-01 10:08,2026-05-15
PO/HYD/26-27/00303,2026-04-20 10:48,V0183,HYD,1029,505.58,520241.82,PUR-HYD-01,FC-01,Finance Controller,2026-04-20 11:09,,2026-05-20
PO/WGL/26-27/00086,2026-04-20 10:49,V0031,WGL,667,90.50,60363.50,PUR-WGL-03,DM-WGL,Depot Manager,2026-04-20 11:30,2026-05-04 10:10,2026-05-13
PO/BLR/26-27/00174,2026-04-20 10:54,V0042,BLR,8112,25.89,210019.68,PUR-BLR-03,FC-01,Finance Controller,2026-04-21 10:46,,2026-04-30
PO/VJA/26-27/00157,2026-04-20 10:58,V0083,VJA,1546,133.43,206282.78,PUR-VJA-03,FC-01,Finance Controller,2026-04-20 12:03,,2026-05-08
PO/HYD/26-27/00304,2026-04-20 11:19,V0183,HYD,528,65.01,34325.28,PUR-HYD-03,DM-HYD,Depot Manager,2026-04-24 10:09,,2026-05-18
PO/BLR/26-27/00175,2026-04-20 11:30,V0498,BLR,120,473.26,56791.20,PUR-BLR-01,DM-BLR,Depot Manager,2026-04-23 10:13,,2026-05-10
PO/HYD/26-27/00305,2026-04-20 11:39,V0029,HYD,38,440.65,16744.70,PUR-HYD-02,DM-HYD,Depot Manager,2026-04-21 10:39,,2026-04-28
PO/BLR/26-27/00176,2026-04-20 11:45,V0115,BLR,1837,449.28,825327.36,PUR-BLR-02,FC-01,Finance Controller,2026-04-21 18:34,,2026-05-17
PO/VSP/26-27/00102,2026-04-20 11:51,V0423,VSP,3948,20.24,79907.52,PUR-VSP-02,DM-VSP,Depot Manager,2026-04-21 10:12,,2026-04-30
PO/VSP/26-27/00103,2026-04-20 12:01,V0029,VSP,3996,80.83,322996.68,PUR-VSP-01,FC-01,Finance Controller,2026-04-20 13:56,,2026-05-18
PO/HYD/26-27/00306,2026-04-20 12:09,V0128,HYD,26,857.15,22285.90,PUR-HYD-01,DM-HYD,Depot Manager,2026-04-21 10:25,,2026-05-15
PO/WGL/26-27/00087,2026-04-20 12:22,V0142,WGL,294,283.61,83381.34,PUR-WGL-01,DM-WGL,Depot Manager,2026-04-21 10:43,,2026-04-27
PO/HYD/26-27/00307,2026-04-20 12:29,V0018,HYD,3036,20.63,62632.68,PUR-HYD-03,DM-HYD,Depot Manager,2026-04-21 10:42,,2026-05-11
PO/HYD/26-27/00308,2026-04-20 12:49,V0159,HYD,107968,13.85,1495356.80,PUR-HYD-02,CFO-01,CFO,2026-04-23 10:19,,2026-05-05
PO/BLR/26-27/00177,2026-04-20 13:14,V0005,BLR,501,105.71,52960.71,PUR-BLR-01,DM-BLR,Depot Manager,2026-04-22 16:11,,2026-04-29
PO/HYD/26-27/00309,2026-04-20 13:25,V0465,HYD,1113,99.13,110331.69,PUR-HYD-03,FC-01,Finance Controller,2026-04-20 15:00,,2026-04-29
PO/HYD/26-27/00310,2026-04-20 13:34,V0091,HYD,586,33.87,19847.82,PUR-HYD-02,DM-HYD,Depot Manager,2026-04-21 10:06,2026-04-25 13:27,2026-05-20
PO/HYD/26-27/00311,2026-04-20 13:36,V0095,HYD,895,299.32,267891.40,PUR-HYD-03,FC-01,Finance Controller,2026-04-21 10:19,,2026-05-08
PO/VSP/26-27/00104,2026-04-20 14:09,V0197,VSP,162642,8.61,1400347.62,PUR-VSP-02,CFO-01,CFO,2026-04-22 18:34,,2026-05-06
PO/BLR/26-27/00178,2026-04-20 14:26,V0361,BLR,4484,272.77,1223100.68,PUR-BLR-03,CFO-01,CFO,2026-04-21 16:14,,2026-05-02
PO/VJA/26-27/00158,2026-04-20 14:59,V0400,VJA,3104,210.75,654168.00,PUR-VJA-03,FC-01,Finance Controller,2026-04-22 10:40,,2026-04-27
PO/BLR/26-27/00179,2026-04-20 15:17,V0057,BLR,13285,86.77,1152739.45,PUR-BLR-03,CFO-01,CFO,2026-04-22 16:10,,2026-05-11
PO/WGL/26-27/00088,2026-04-20 16:05,V0224,WGL,8745,9.33,81590.85,PUR-WGL-03,DM-WGL,Depot Manager,2026-04-21 10:19,,2026-05-18
PO/VSP/26-27/00105,2026-04-20 16:45,V0438,VSP,11588,56.35,652983.80,PUR-VSP-03,CFO-01,CFO,2026-04-21 15:32,,2026-05-01
PO/HYD/26-27/00312,2026-04-20 17:02,V0480,HYD,107,161.24,17252.68,PUR-HYD-01,DM-HYD,Depot Manager,2026-04-21 10:04,,2026-05-14
PO/HYD/26-27/00313,2026-04-20 17:13,V0363,HYD,12521,15.69,196454.49,PUR-HYD-01,FC-01,Finance Controller,2026-04-22 10:13,2026-04-23 10:29,2026-05-14
PO/VSP/26-27/00106,2026-04-20 17:17,V0059,VSP,486,692.97,336783.42,PUR-VSP-01,FC-01,Finance Controller,2026-04-22 10:26,,2026-05-16
PO/BLR/26-27/00180,2026-04-20 17:24,V0262,BLR,180,1707.45,307341.00,PUR-BLR-01,FC-01,Finance Controller,2026-04-22 17:22,,2026-05-03
PO/WGL/26-27/00089,2026-04-20 17:43,V0225,WGL,1059,683.56,723890.04,PUR-WGL-02,CFO-01,CFO,2026-04-23 10:14,,2026-05-17
PO/BLR/26-27/00181,2026-04-21 10:00,V0328,BLR,1127,230.38,259638.26,PUR-BLR-02,FC-01,Finance Controller,2026-04-23 10:03,,2026-05-10
PO/HBL/26-27/00063,2026-04-21 10:01,V0045,HBL,1088,31.12,33858.56,PUR-HBL-02,DM-HBL,Depot Manager,2026-04-22 10:47,,2026-05-07
PO/BLR/26-27/00182,2026-04-21 10:01,V0408,BLR,812,1174.66,953823.92,PUR-BLR-03,CFO-01,CFO,2026-04-24 16:18,,2026-05-16
PO/WGL/26-27/00090,2026-04-21 10:01,V0267,WGL,1798,125.38,225433.24,PUR-WGL-01,FC-01,Finance Controller,2026-04-22 10:42,,2026-05-05
PO/VSP/26-27/00107,2026-04-21 10:02,V0245,VSP,13,785.74,10214.62,PUR-VSP-03,DM-VSP,Depot Manager,2026-04-21 10:08,2026-04-28 10:34,2026-05-06
PO/WGL/26-27/00091,2026-04-21 10:02,V0052,WGL,27372,10.46,286311.12,PUR-WGL-01,FC-01,Finance Controller,2026-04-21 15:49,,2026-05-01
PO/HYD/26-27/00314,2026-04-21 10:04,V0136,HYD,1842,20.87,38442.54,PUR-HYD-02,DM-HYD,Depot Manager,2026-04-21 17:15,,2026-05-08
PO/VJA/26-27/00159,2026-04-21 10:05,V0243,VJA,24997,41.78,1044374.66,PUR-VJA-02,CFO-01,CFO,2026-04-23 17:08,,2026-05-17
PO/BLR/26-27/00183,2026-04-21 10:09,V0471,BLR,278,87.75,24394.50,PUR-BLR-02,DM-BLR,Depot Manager,2026-04-21 10:30,2026-04-24 10:36,2026-05-14
PO/HYD/26-27/00315,2026-04-21 10:09,V0490,HYD,1941,65.78,127678.98,PUR-HYD-03,FC-01,Finance Controller,2026-04-22 13:26,2026-04-24 10:42,2026-05-05
PO/BLR/26-27/00184,2026-04-21 10:10,V0380,BLR,7736,13.63,105441.68,PUR-BLR-01,FC-01,Finance Controller,2026-04-23 17:41,,2026-04-30
PO/VJA/26-27/00160,2026-04-21 10:11,V0183,VJA,1237,41.12,50865.44,PUR-VJA-03,DM-VJA,Depot Manager,2026-04-21 10:42,,2026-04-28
PO/HYD/26-27/00316,2026-04-21 10:11,V0217,HYD,1612,35.62,57419.44,PUR-HYD-02,DM-HYD,Depot Manager,2026-04-22 10:37,2026-05-13 10:34,2026-05-01
PO/BLR/26-27/00185,2026-04-21 10:13,V0042,BLR,120,1249.60,149952.00,PUR-BLR-03,FC-01,Finance Controller,2026-04-21 18:47,,2026-05-01
PO/VJA/26-27/00161,2026-04-21 10:15,V0338,VJA,599,142.17,85159.83,PUR-VJA-01,DM-VJA,Depot Manager,2026-04-21 13:24,2026-04-30 10:18,2026-05-20
PO/WGL/26-27/00092,2026-04-21 10:22,V0145,WGL,1217,158.13,192444.21,PUR-WGL-02,FC-01,Finance Controller,2026-04-21 11:51,2026-05-04 14:40,2026-05-07
PO/WGL/26-27/00093,2026-04-21 10:27,V0208,WGL,2272,49.31,112032.32,PUR-WGL-02,FC-01,Finance Controller,2026-04-21 14:12,,2026-05-05
PO/VSP/26-27/00108,2026-04-21 10:27,V0029,VSP,118,241.14,28454.52,PUR-VSP-02,DM-VSP,Depot Manager,2026-04-21 12:21,2026-04-22 10:25,2026-05-03
PO/HYD/26-27/00317,2026-04-21 10:29,V0084,HYD,5604,20.68,115890.72,PUR-HYD-02,FC-01,Finance Controller,2026-04-21 12:52,,2026-05-01
PO/VJA/26-27/00162,2026-04-21 10:31,V0405,VJA,275,386.10,106177.50,PUR-VJA-02,FC-01,Finance Controller,2026-04-21 10:45,,2026-05-13
PO/BLR/26-27/00186,2026-04-21 10:32,V0100,BLR,3163,8.20,25936.60,PUR-BLR-03,DM-BLR,Depot Manager,2026-04-21 15:59,,2026-05-04
PO/HBL/26-27/00064,2026-04-21 10:32,V0307,HBL,6035,242.67,1464513.45,PUR-HBL-03,CFO-01,CFO,2026-04-24 10:36,,2026-05-16
PO/HYD/26-27/00318,2026-04-21 10:33,V0045,HYD,10393,38.45,399610.85,PUR-HYD-03,FC-01,Finance Controller,2026-04-22 11:59,,2026-05-07
PO/HYD/26-27/00319,2026-04-21 10:36,V0098,HYD,23770,25.18,598528.60,PUR-HYD-02,CFO-01,CFO,2026-04-23 10:47,,2026-05-21
PO/VJA/26-27/00163,2026-04-21 10:37,V0486,VJA,137310,10.08,1384084.80,PUR-VJA-03,CFO-01,CFO,2026-04-22 10:17,,2026-05-15
PO/VSP/26-27/00109,2026-04-21 10:39,V0213,VSP,293,669.08,196040.44,PUR-VSP-03,FC-01,Finance Controller,2026-04-22 11:17,,2026-05-09
PO/BLR/26-27/00187,2026-04-21 10:41,V0417,BLR,21,751.74,15786.54,PUR-BLR-02,DM-BLR,Depot Manager,2026-04-21 11:02,2026-05-01 18:40,2026-04-29
PO/HBL/26-27/00065,2026-04-21 10:42,V0293,HBL,997,16.95,16899.15,PUR-HBL-01,DM-HBL,Depot Manager,2026-04-21 11:06,,2026-05-18
PO/HBL/26-27/00066,2026-04-21 10:44,V0229,HBL,332,65.34,21692.88,PUR-HBL-02,DM-HBL,Depot Manager,2026-04-21 11:49,2026-04-25 10:09,2026-04-29
PO/HYD/26-27/00320,2026-04-21 10:46,V0068,HYD,478,301.12,143935.36,PUR-HYD-02,FC-01,Finance Controller,2026-04-22 12:36,2026-04-29 10:32,2026-05-08
PO/VSP/26-27/00110,2026-04-21 10:46,V0092,VSP,8465,16.29,137894.85,PUR-VSP-03,FC-01,Finance Controller,2026-04-22 10:00,2026-05-06 13:24,2026-05-01
PO/VJA/26-27/00164,2026-04-21 10:49,V0239,VJA,5784,34.98,202324.32,PUR-VJA-01,FC-01,Finance Controller,2026-04-22 10:43,2026-04-25 10:26,2026-04-30
PO/BLR/26-27/00188,2026-04-21 11:20,V0466,BLR,98,352.55,34549.90,PUR-BLR-02,DM-BLR,Depot Manager,2026-04-22 10:11,2026-05-07 12:52,2026-05-20
PO/HYD/26-27/00321,2026-04-21 12:33,V0290,HYD,133,1067.15,141930.95,PUR-HYD-03,FC-01,Finance Controller,2026-04-22 10:14,,2026-05-05
PO/HYD/26-27/00322,2026-04-21 12:40,V0070,HYD,12,1511.89,18142.68,PUR-HYD-01,DM-HYD,Depot Manager,2026-04-21 14:01,2026-04-25 10:20,2026-05-15
PO/BLR/26-27/00189,2026-04-21 13:08,V0317,BLR,94,337.95,31767.30,PUR-BLR-02,DM-BLR,Depot Manager,2026-04-21 18:28,2026-05-01 11:09,2026-05-12
PO/HYD/26-27/00323,2026-04-21 13:15,V0244,HYD,18657,43.46,810833.22,PUR-HYD-03,CFO-01,CFO,2026-04-24 16:12,,2026-05-17
PO/BLR/26-27/00190,2026-04-21 13:26,V0474,BLR,275,948.34,260793.50,PUR-BLR-01,FC-01,Finance Controller,2026-04-22 10:26,2026-04-30 10:17,2026-05-14
PO/HYD/26-27/00324,2026-04-21 13:32,V0382,HYD,343,1570.43,538657.49,PUR-HYD-02,CFO-01,CFO,2026-04-23 10:14,,2026-05-14
PO/VSP/26-27/00111,2026-04-21 13:46,V0443,VSP,42,866.14,36377.88,PUR-VSP-02,DM-VSP,Depot Manager,2026-04-22 10:19,2026-05-05 10:18,2026-05-08
PO/VJA/26-27/00165,2026-04-21 13:58,V0014,VJA,47862,11.49,549934.38,PUR-VJA-03,CFO-01,CFO,2026-04-22 16:12,,2026-05-04
PO/WGL/26-27/00094,2026-04-21 14:52,V0273,WGL,9899,19.23,190357.77,PUR-WGL-02,FC-01,Finance Controller,2026-04-23 14:47,2026-04-27 10:32,2026-05-11
PO/VJA/26-27/00166,2026-04-21 15:39,V0326,VJA,135,201.61,27217.35,PUR-VJA-02,DM-VJA,Depot Manager,2026-04-21 18:46,,2026-05-03
PO/BLR/26-27/00191,2026-04-21 15:40,V0319,BLR,298,236.84,70578.32,PUR-BLR-02,DM-BLR,Depot Manager,2026-04-22 10:14,,2026-05-03
PO/HYD/26-27/00325,2026-04-21 17:53,V0135,HYD,54,634.60,34268.40,PUR-HYD-01,DM-HYD,Depot Manager,2026-04-22 10:36,,2026-05-16
PO/HYD/26-27/00326,2026-04-21 18:02,V0403,HYD,1575,47.34,74560.50,PUR-HYD-03,DM-HYD,Depot Manager,2026-04-22 10:37,,2026-05-01
PO/HYD/26-27/00327,2026-04-21 18:27,V0436,HYD,2302,657.10,1512644.20,PUR-HYD-01,CFO-01,CFO,2026-04-23 17:57,,2026-05-04
PO/HYD/26-27/00328,2026-04-21 18:56,V0464,HYD,10628,29.91,317883.48,PUR-HYD-01,FC-01,Finance Controller,2026-04-23 10:13,2026-04-27 10:28,2026-05-09
PO/BLR/26-27/00192,2026-04-22 10:07,V0044,BLR,2797,41.86,117082.42,PUR-BLR-01,FC-01,Finance Controller,2026-04-24 10:03,2026-04-27 10:16,2026-05-15
PO/VJA/26-27/00167,2026-04-22 10:08,V0262,VJA,187,100.53,18799.11,PUR-VJA-02,DM-VJA,Depot Manager,2026-04-22 10:50,2026-04-27 10:32,2026-05-10
PO/WGL/26-27/00095,2026-04-22 10:11,V0342,WGL,3658,32.37,118409.46,PUR-WGL-01,FC-01,Finance Controller,2026-04-24 10:26,,2026-04-30
PO/BLR/26-27/00193,2026-04-22 10:14,V0381,BLR,17466,12.35,215705.10,PUR-BLR-01,FC-01,Finance Controller,2026-04-24 10:05,,2026-05-09
PO/WGL/26-27/00096,2026-04-22 10:14,V0098,WGL,113211,11.18,1265698.98,PUR-WGL-02,CFO-01,CFO,2026-04-25 10:48,,2026-05-07
PO/BLR/26-27/00194,2026-04-22 10:17,V0058,BLR,490,1543.31,756221.90,PUR-BLR-03,CFO-01,CFO,2026-04-24 10:23,,2026-05-04
PO/WGL/26-27/00097,2026-04-22 10:18,V0204,WGL,843,229.21,193224.03,PUR-WGL-01,FC-01,Finance Controller,2026-04-24 10:06,,2026-05-08
PO/HYD/26-27/00329,2026-04-22 10:18,V0399,HYD,107,227.83,24377.81,PUR-HYD-02,DM-HYD,Depot Manager,2026-04-23 12:43,,2026-05-08
PO/BLR/26-27/00195,2026-04-22 10:20,V0045,BLR,35,1396.54,48878.90,PUR-BLR-02,DM-BLR,Depot Manager,2026-04-22 11:53,,2026-05-16
PO/VJA/26-27/00168,2026-04-22 10:23,V0300,VJA,1170,184.84,216262.80,PUR-VJA-02,FC-01,Finance Controller,2026-04-22 16:56,,2026-05-13
PO/HYD/26-27/00330,2026-04-22 10:24,V0287,HYD,189,309.64,58521.96,PUR-HYD-01,DM-HYD,Depot Manager,2026-04-22 10:30,,2026-04-30
PO/BLR/26-27/00196,2026-04-22 10:25,V0322,BLR,1139,96.92,110391.88,PUR-BLR-02,FC-01,Finance Controller,2026-04-22 10:53,,2026-05-09
PO/VSP/26-27/00112,2026-04-22 10:27,V0202,VSP,408,360.04,146896.32,PUR-VSP-01,FC-01,Finance Controller,2026-04-24 10:11,2026-05-02 10:15,2026-05-04
PO/HYD/26-27/00331,2026-04-22 10:27,V0178,HYD,35671,39.05,1392952.55,PUR-HYD-01,FC-01,Finance Controller,2026-04-24 10:05,,2026-05-10
PO/HBL/26-27/00067,2026-04-22 10:28,V0394,HBL,1624,234.07,380129.68,PUR-HBL-01,FC-01,Finance Controller,2026-04-23 10:14,,2026-05-20
PO/BLR/26-27/00197,2026-04-22 10:28,V0091,BLR,5778,225.54,1303170.12,PUR-BLR-02,CFO-01,CFO,2026-04-25 10:48,,2026-05-05
PO/WGL/26-27/00098,2026-04-22 10:29,V0096,WGL,12782,14.94,190963.08,PUR-WGL-01,FC-01,Finance Controller,2026-04-23 10:43,2026-04-27 10:33,2026-05-03
PO/BLR/26-27/00198,2026-04-22 10:29,V0230,BLR,3615,78.06,282186.90,PUR-BLR-01,FC-01,Finance Controller,2026-04-23 16:06,,2026-05-09
PO/HBL/26-27/00068,2026-04-22 10:30,V0191,HBL,72,1593.80,114753.60,PUR-HBL-03,FC-01,Finance Controller,2026-04-22 11:06,,2026-05-10
PO/VSP/26-27/00113,2026-04-22 10:30,V0168,VSP,9063,20.48,185610.24,PUR-VSP-03,FC-01,Finance Controller,2026-04-22 10:46,2026-04-25 10:26,2026-05-15
PO/VSP/26-27/00114,2026-04-22 10:30,V0113,VSP,3753,75.04,281625.12,PUR-VSP-01,FC-01,Finance Controller,2026-04-23 10:44,,2026-04-29
PO/WGL/26-27/00099,2026-04-22 10:31,V0072,WGL,1721,29.12,50115.52,PUR-WGL-02,DM-WGL,Depot Manager,2026-04-23 10:06,,2026-05-08
PO/VJA/26-27/00169,2026-04-22 10:32,V0174,VJA,49,941.63,46139.87,PUR-VJA-03,DM-VJA,Depot Manager,2026-04-22 16:26,,2026-05-16
PO/VSP/26-27/00115,2026-04-22 10:37,V0226,VSP,1080,96.88,104630.40,PUR-VSP-03,FC-01,Finance Controller,2026-04-23 15:14,,2026-05-17
PO/HYD/26-27/00332,2026-04-22 10:37,V0117,HYD,1699,353.49,600579.51,PUR-HYD-01,CFO-01,CFO,2026-04-23 17:05,,2026-05-03
PO/WGL/26-27/00100,2026-04-22 10:40,V0424,WGL,32169,19.59,630190.71,PUR-WGL-01,CFO-01,CFO,2026-04-24 12:56,,2026-05-09
PO/HYD/26-27/00333,2026-04-22 10:42,V0412,HYD,37710,13.92,524923.20,PUR-HYD-01,FC-01,Finance Controller,2026-04-23 11:32,,2026-05-09
PO/VSP/26-27/00116,2026-04-22 10:42,V0005,VSP,1198,1135.14,1359897.72,PUR-VSP-01,CFO-01,CFO,2026-04-23 10:21,,2026-05-17
PO/VSP/26-27/00117,2026-04-22 10:44,V0412,VSP,14379,79.88,1148594.52,PUR-VSP-02,CFO-01,CFO,2026-04-25 10:01,,2026-05-21
PO/VJA/26-27/00170,2026-04-22 10:45,V0226,VJA,158,644.99,101908.42,PUR-VJA-01,FC-01,Finance Controller,2026-04-23 10:38,,2026-05-03
PO/VSP/26-27/00118,2026-04-22 10:46,V0049,VSP,2990,12.53,37464.70,PUR-VSP-03,DM-VSP,Depot Manager,2026-04-24 10:44,,2026-05-06
PO/BLR/26-27/00199,2026-04-22 10:47,V0274,BLR,1470,93.15,136930.50,PUR-BLR-01,FC-01,Finance Controller,2026-04-23 10:41,,2026-05-01
PO/VJA/26-27/00171,2026-04-22 10:49,V0101,VJA,4867,54.14,263499.38,PUR-VJA-01,FC-01,Finance Controller,2026-04-23 10:15,,2026-05-21
PO/HBL/26-27/00069,2026-04-22 10:49,V0113,HBL,10,986.69,9866.90,PUR-HBL-01,DM-HBL,Depot Manager,2026-04-22 11:05,2026-05-02 10:15,2026-05-06
PO/WGL/26-27/00101,2026-04-22 10:49,V0216,WGL,348,72.44,25209.12,PUR-WGL-01,DM-WGL,Depot Manager,2026-04-22 15:02,,2026-05-08
PO/BLR/26-27/00200,2026-04-22 10:50,V0311,BLR,1195,14.00,16730.00,PUR-BLR-02,DM-BLR,Depot Manager,2026-04-22 12:40,,2026-05-09
PO/HYD/26-27/00334,2026-04-22 10:50,V0382,HYD,2009,108.71,218398.39,PUR-HYD-03,FC-01,Finance Controller,2026-04-24 10:08,2026-05-04 14:54,2026-05-07
PO/VJA/26-27/00172,2026-04-22 12:09,V0085,VJA,925,43.06,39830.50,PUR-VJA-01,DM-VJA,Depot Manager,2026-04-23 11:31,,2026-05-12
PO/WGL/26-27/00102,2026-04-22 13:54,V0438,WGL,1223,70.83,86625.09,PUR-WGL-03,DM-WGL,Depot Manager,2026-04-22 18:24,,2026-05-19
PO/BLR/26-27/00201,2026-04-22 13:59,V0224,BLR,2705,11.12,30079.60,PUR-BLR-01,DM-BLR,Depot Manager,2026-04-23 10:41,,2026-05-21
PO/HYD/26-27/00335,2026-04-22 14:29,V0171,HYD,2916,128.34,374239.44,PUR-HYD-03,FC-01,Finance Controller,2026-04-23 13:02,,2026-05-11
PO/HYD/26-27/00336,2026-04-22 15:30,V0438,HYD,2936,10.92,32061.12,PUR-HYD-02,DM-HYD,Depot Manager,2026-04-23 10:26,2026-04-27 10:26,2026-05-10
PO/BLR/26-27/00202,2026-04-22 15:35,V0326,BLR,898,155.83,139935.34,PUR-BLR-03,FC-01,Finance Controller,2026-04-24 10:19,,2026-05-01
PO/WGL/26-27/00103,2026-04-22 16:41,V0166,WGL,12778,27.04,345517.12,PUR-WGL-03,FC-01,Finance Controller,2026-04-24 12:26,,2026-05-19
PO/HYD/26-27/00337,2026-04-22 17:14,V0193,HYD,365,81.96,29915.40,PUR-HYD-01,DM-HYD,Depot Manager,2026-04-23 10:46,2026-04-25 09:41,2026-05-08
PO/HYD/26-27/00338,2026-04-22 18:08,V0154,HYD,889,16.63,14784.07,PUR-HYD-01,DM-HYD,Depot Manager,2026-04-23 09:44,2026-04-25 10:38,2026-05-21
PO/HBL/26-27/00070,2026-04-22 18:15,V0038,HBL,303,167.61,50785.83,PUR-HBL-02,DM-HBL,Depot Manager,2026-04-23 10:29,2026-04-25 10:23,2026-05-07
PO/VSP/26-27/00119,2026-04-22 18:26,V0148,VSP,27804,54.76,1522547.04,PUR-VSP-03,FC-01,Finance Controller,2026-04-24 10:05,,2026-05-11
PO/HBL/26-27/00071,2026-04-22 18:58,V0128,HBL,147,115.38,16960.86,PUR-HBL-03,DM-HBL,Depot Manager,2026-04-23 10:31,,2026-05-21
PO/HYD/26-27/00339,2026-04-23 07:18,V0260,HYD,826,776.39,641298.14,PUR-HYD-01,CFO-01,CFO,2026-04-25 20:42,,2026-05-02
PO/WGL/26-27/00104,2026-04-23 09:56,V0080,WGL,28,907.37,25406.36,PUR-WGL-03,DM-WGL,Depot Manager,2026-04-23 16:05,2026-04-28 10:05,2026-05-15
PO/HYD/26-27/00340,2026-04-23 10:01,V0409,HYD,554,592.02,327979.08,PUR-HYD-03,FC-01,Finance Controller,2026-04-24 10:33,,2026-04-30
PO/BLR/26-27/00203,2026-04-23 10:01,V0011,BLR,2389,321.33,767657.37,PUR-BLR-02,CFO-01,CFO,2026-04-24 10:38,,2026-05-13
PO/WGL/26-27/00105,2026-04-23 10:03,V0377,WGL,10,1720.10,17201.00,PUR-WGL-01,DM-WGL,Depot Manager,2026-04-23 10:08,,2026-04-30
PO/HYD/26-27/00341,2026-04-23 10:06,V0128,HYD,13617,8.54,116289.18,PUR-HYD-02,FC-01,Finance Controller,2026-04-25 10:33,,2026-05-15
PO/HYD/26-27/00342,2026-04-23 10:09,V0474,HYD,4731,209.10,989252.10,PUR-HYD-01,CFO-01,CFO,2026-04-27 10:45,,2026-05-08
PO/BLR/26-27/00204,2026-04-23 10:10,V0261,BLR,840,65.81,55280.40,PUR-BLR-03,DM-BLR,Depot Manager,2026-04-24 17:33,,2026-05-14
PO/HBL/26-27/00072,2026-04-23 10:10,V0187,HBL,766,1099.36,842109.76,PUR-HBL-03,CFO-01,CFO,2026-04-27 10:05,,2026-05-20
PO/WGL/26-27/00106,2026-04-23 10:11,V0008,WGL,821,53.24,43710.04,PUR-WGL-02,DM-WGL,Depot Manager,2026-04-23 14:00,2026-05-04 10:12,2026-05-08
PO/HYD/26-27/00343,2026-04-23 10:14,V0396,HYD,43,609.57,26211.51,PUR-HYD-03,DM-HYD,Depot Manager,2026-04-23 10:43,,2026-05-18
PO/BLR/26-27/00205,2026-04-23 10:17,V0419,BLR,760,1378.52,1047675.20,PUR-BLR-02,CFO-01,CFO,2026-04-24 13:57,,
PO/BLR/26-27/00206,2026-04-23 10:18,V0237,BLR,410,610.95,250489.50,PUR-BLR-03,FC-01,Finance Controller,2026-04-24 11:20,2026-04-27 10:38,2026-05-10
PO/HYD/26-27/00344,2026-04-23 10:19,V0478,HYD,1127,864.85,974685.95,PUR-HYD-02,FC-01,Finance Controller,2026-04-23 17:47,,2026-05-14
PO/HYD/26-27/00345,2026-04-23 10:22,V0310,HYD,8980,27.27,244884.60,PUR-HYD-03,FC-01,Finance Controller,2026-04-24 16:43,2026-05-05 10:28,2026-05-02
PO/VSP/26-27/00120,2026-04-23 10:24,V0216,VSP,34,963.11,32745.74,PUR-VSP-02,DM-VSP,Depot Manager,2026-04-23 10:31,2026-05-07 10:20,2026-05-14
PO/HYD/26-27/00346,2026-04-23 10:25,V0407,HYD,1419,126.41,179375.79,PUR-HYD-01,FC-01,Finance Controller,2026-04-24 10:49,,2026-05-05
PO/BLR/26-27/00207,2026-04-23 10:27,V0007,BLR,749,1229.56,920940.44,PUR-BLR-01,CFO-01,CFO,2026-04-24 10:35,,2026-05-08
PO/VJA/26-27/00173,2026-04-23 10:29,V0137,VJA,435,57.74,25116.90,PUR-VJA-02,DM-VJA,Depot Manager,2026-04-23 11:25,,2026-05-23
PO/HYD/26-27/00347,2026-04-23 10:29,V0223,HYD,649,1490.75,967496.75,PUR-HYD-02,CFO-01,CFO,2026-04-24 16:37,,2026-05-11
PO/BLR/26-27/00208,2026-04-23 10:30,V0417,BLR,5546,18.91,104874.86,PUR-BLR-03,FC-01,Finance Controller,2026-04-23 17:20,2026-04-27 10:41,2026-05-23
PO/BLR/26-27/00209,2026-04-23 10:32,V0276,BLR,7956,126.06,1002933.36,PUR-BLR-02,CFO-01,CFO,2026-04-27 10:43,,2026-05-17
PO/VJA/26-27/00174,2026-04-23 10:34,V0004,VJA,705,537.52,378951.60,PUR-VJA-01,FC-01,Finance Controller,2026-04-27 10:07,,2026-05-04
PO/HYD/26-27/00348,2026-04-23 10:34,V0080,HYD,17546,59.79,1049075.34,PUR-HYD-03,CFO-01,CFO,2026-04-24 10:20,,2026-05-03
PO/BLR/26-27/00210,2026-04-23 10:35,V0101,BLR,258,338.98,87456.84,PUR-BLR-03,DM-BLR,Depot Manager,2026-04-23 15:36,,2026-05-04
PO/HYD/26-27/00349,2026-04-23 10:36,V0395,HYD,2599,44.80,116435.20,PUR-HYD-02,FC-01,Finance Controller,2026-04-23 11:03,2026-05-04 10:01,2026-05-16
PO/VJA/26-27/00175,2026-04-23 10:40,V0133,VJA,22,1361.11,29944.42,PUR-VJA-03,DM-VJA,Depot Manager,2026-04-24 10:30,,2026-05-17
PO/HYD/26-27/00350,2026-04-23 10:41,V0032,HYD,362,103.93,37622.66,PUR-HYD-01,DM-HYD,Depot Manager,2026-04-23 16:48,2026-04-24 10:35,2026-05-13
PO/BLR/26-27/00211,2026-04-23 10:42,V0027,BLR,12808,10.26,131410.08,PUR-BLR-03,FC-01,Finance Controller,2026-04-27 10:41,,2026-05-02
PO/HYD/26-27/00351,2026-04-23 10:43,V0116,HYD,2036,114.43,232979.48,PUR-HYD-01,FC-01,Finance Controller,2026-04-24 10:22,2026-04-27 10:23,2026-05-02
PO/HYD/26-27/00352,2026-04-23 10:46,V0380,HYD,109,477.35,52031.15,PUR-HYD-01,DM-HYD,Depot Manager,2026-04-24 10:23,2026-04-25 10:33,2026-05-13
PO/VSP/26-27/00121,2026-04-23 10:51,V0378,VSP,1842,36.21,66698.82,PUR-VSP-01,DM-VSP,Depot Manager,2026-04-23 15:05,,2026-05-22
PO/VJA/26-27/00176,2026-04-23 10:53,V0157,VJA,2647,254.38,673343.86,PUR-VJA-03,CFO-01,CFO,2026-04-25 10:16,,2026-05-05
PO/WGL/26-27/00107,2026-04-23 12:19,V0461,WGL,58,350.14,20308.12,PUR-WGL-03,DM-WGL,Depot Manager,2026-04-23 15:10,,
PO/HYD/26-27/00353,2026-04-23 12:22,V0005,HYD,75,203.01,15225.75,PUR-HYD-03,DM-HYD,Depot Manager,2026-04-23 15:06,,2026-05-21
PO/VSP/26-27/00122,2026-04-23 12:38,V0095,VSP,3790,186.12,705394.80,PUR-VSP-03,CFO-01,CFO,2026-04-25 10:11,,2026-05-05
PO/VSP/26-27/00123,2026-04-23 13:26,V0492,VSP,1015,56.23,57073.45,PUR-VSP-02,DM-VSP,Depot Manager,2026-04-24 10:13,,2026-05-20
PO/HBL/26-27/00073,2026-04-23 15:52,V0125,HBL,58,374.68,21731.44,PUR-HBL-02,DM-HBL,Depot Manager,2026-04-24 10:26,,2026-05-07
PO/VJA/26-27/00177,2026-04-23 16:14,V0143,VJA,345,436.21,150492.45,PUR-VJA-03,FC-01,Finance Controller,2026-04-24 10:03,,2026-05-18
PO/HYD/26-27/00354,2026-04-23 17:19,V0239,HYD,5608,203.70,1142349.60,PUR-HYD-02,CFO-01,CFO,2026-04-27 10:23,,2026-05-09
PO/VSP/26-27/00124,2026-04-23 17:20,V0068,VSP,3393,52.02,176503.86,PUR-VSP-03,FC-01,Finance Controller,2026-04-25 10:49,2026-05-07 17:12,2026-05-16
PO/VJA/26-27/00178,2026-04-23 17:55,V0174,VJA,339,629.77,213492.03,PUR-VJA-03,FC-01,Finance Controller,2026-04-25 10:11,,2026-05-22
PO/HBL/26-27/00074,2026-04-23 18:48,V0174,HBL,349,188.08,65639.92,PUR-HBL-03,DM-HBL,Depot Manager,2026-04-24 10:31,2026-05-02 22:16,2026-05-07
PO/HYD/26-27/00355,2026-04-24 09:15,V0158,HYD,984,753.77,741709.68,PUR-HYD-01,FC-01,Finance Controller,2026-04-26 08:38,,2026-05-13
PO/HYD/26-27/00356,2026-04-24 10:00,V0136,HYD,3850,55.69,214406.50,PUR-HYD-01,FC-01,Finance Controller,2026-04-25 12:45,2026-04-27 16:51,2026-05-24
PO/WGL/26-27/00108,2026-04-24 10:00,V0091,WGL,6139,26.22,160964.58,PUR-WGL-01,FC-01,Finance Controller,2026-04-25 10:14,2026-05-11 10:22,2026-05-04
PO/HYD/26-27/00357,2026-04-24 10:00,V0056,HYD,887,1763.19,1563949.53,PUR-HYD-02,CFO-01,CFO,2026-04-27 10:05,,2026-05-13
PO/VSP/26-27/00125,2026-04-24 10:03,V0017,VSP,1404,1111.43,1560447.72,PUR-VSP-02,CFO-01,CFO,2026-04-27 10:12,,2026-05-10
PO/VSP/26-27/00126,2026-04-24 10:04,V0161,VSP,475,99.18,47110.50,PUR-VSP-01,DM-VSP,Depot Manager,2026-04-25 10:12,,2026-05-12
PO/HBL/26-27/00075,2026-04-24 10:05,V0250,HBL,4795,16.45,78877.75,PUR-HBL-02,DM-HBL,Depot Manager,2026-04-24 10:27,,2026-05-22
PO/VSP/26-27/00127,2026-04-24 10:11,V0054,VSP,2399,8.16,19575.84,PUR-VSP-02,DM-VSP,Depot Manager,2026-04-25 10:03,2026-04-28 17:08,2026-05-12
PO/HYD/26-27/00358,2026-04-24 10:11,V0487,HYD,22,946.45,20821.90,PUR-HYD-02,DM-HYD,Depot Manager,2026-04-24 18:32,,2026-05-04
PO/WGL/26-27/00109,2026-04-24 10:16,V0045,WGL,1227,100.17,122908.59,PUR-WGL-01,FC-01,Finance Controller,2026-04-25 10:38,2026-05-05 10:16,2026-05-14
PO/VJA/26-27/00179,2026-04-24 10:18,V0421,VJA,1782,34.01,60605.82,PUR-VJA-02,DM-VJA,Depot Manager,2026-04-24 13:23,,2026-05-24
PO/BLR/26-27/00212,2026-04-24 10:19,V0050,BLR,73,835.44,60987.12,PUR-BLR-03,DM-BLR,Depot Manager,2026-04-25 10:40,2026-04-28 10:36,2026-05-23
PO/HYD/26-27/00359,2026-04-24 10:26,V0052,HYD,282,1420.75,400651.50,PUR-HYD-01,FC-01,Finance Controller,2026-04-24 16:11,,2026-05-18
PO/BLR/26-27/00213,2026-04-24 10:26,V0080,BLR,452,74.97,33886.44,PUR-BLR-02,DM-BLR,Depot Manager,2026-04-24 11:18,,2026-05-18
PO/WGL/26-27/00110,2026-04-24 10:28,V0485,WGL,90,202.34,18210.60,PUR-WGL-03,DM-WGL,Depot Manager,2026-04-24 14:07,,2026-05-19
PO/VJA/26-27/00180,2026-04-24 10:30,V0032,VJA,301,113.60,34193.60,PUR-VJA-01,DM-VJA,Depot Manager,2026-04-25 10:32,,2026-05-22
PO/HYD/26-27/00360,2026-04-24 10:30,V0397,HYD,440,1187.16,522350.40,PUR-HYD-02,CFO-01,CFO,2026-04-25 13:16,,2026-05-03
PO/VSP/26-27/00128,2026-04-24 10:31,V0397,VSP,22010,13.76,302857.60,PUR-VSP-01,FC-01,Finance Controller,2026-04-25 10:10,,2026-05-08
PO/HYD/26-27/00361,2026-04-24 10:32,V0149,HYD,228,308.45,70326.60,PUR-HYD-02,DM-HYD,Depot Manager,2026-04-24 11:21,,2026-05-21
PO/WGL/26-27/00111,2026-04-24 10:37,V0179,WGL,50,386.55,19327.50,PUR-WGL-01,DM-WGL,Depot Manager,2026-04-24 10:42,,2026-05-09
PO/HYD/26-27/00362,2026-04-24 10:38,V0445,HYD,473,36.01,17032.73,PUR-HYD-01,DM-HYD,Depot Manager,2026-04-24 14:23,2026-05-02 10:28,2026-05-12
PO/HYD/26-27/00363,2026-04-24 10:39,V0178,HYD,481,471.50,226791.50,PUR-HYD-03,FC-01,Finance Controller,2026-04-25 10:09,,2026-05-05
PO/HYD/26-27/00364,2026-04-24 10:40,V0161,HYD,132,338.33,44659.56,PUR-HYD-01,DM-HYD,Depot Manager,2026-04-24 10:59,,2026-05-08
PO/WGL/26-27/00112,2026-04-24 10:41,V0080,WGL,1482,551.36,817115.52,PUR-WGL-01,CFO-01,CFO,2026-04-27 10:38,,2026-05-10
PO/WGL/26-27/00113,2026-04-24 10:44,V0301,WGL,7605,14.82,112706.10,PUR-WGL-03,FC-01,Finance Controller,2026-04-24 17:44,2026-04-28 10:23,2026-05-13
PO/HBL/26-27/00076,2026-04-24 10:50,V0063,HBL,518,266.27,137927.86,PUR-HBL-02,FC-01,Finance Controller,2026-04-25 10:25,,2026-05-08
PO/HBL/26-27/00077,2026-04-24 10:50,V0372,HBL,4030,16.26,65527.80,PUR-HBL-01,DM-HBL,Depot Manager,2026-04-25 14:04,,2026-05-14
PO/HBL/26-27/00078,2026-04-24 10:51,V0339,HBL,111232,12.12,1348131.84,PUR-HBL-01,CFO-01,CFO,2026-04-27 12:33,,2026-05-20
PO/HBL/26-27/00079,2026-04-24 11:10,V0117,HBL,17,1200.45,20407.65,PUR-HBL-02,DM-HBL,Depot Manager,2026-04-24 18:59,,2026-05-09
PO/WGL/26-27/00114,2026-04-24 11:38,V0018,WGL,8330,43.97,366270.10,PUR-WGL-02,FC-01,Finance Controller,2026-04-24 17:10,,2026-05-06
PO/HYD/26-27/00365,2026-04-24 12:14,V0354,HYD,3937,54.61,214999.57,PUR-HYD-01,FC-01,Finance Controller,2026-04-25 14:01,,2026-05-04
PO/VSP/26-27/00129,2026-04-24 12:58,V0411,VSP,7433,8.66,64369.78,PUR-VSP-02,DM-VSP,Depot Manager,2026-04-27 10:27,,2026-05-20
PO/WGL/26-27/00115,2026-04-24 13:20,V0084,WGL,100,296.64,29664.00,PUR-WGL-03,DM-WGL,Depot Manager,2026-04-25 10:46,2026-05-05 13:08,2026-05-09
PO/VSP/26-27/00130,2026-04-24 13:29,V0382,VSP,16914,14.41,243730.74,PUR-VSP-02,FC-01,Finance Controller,2026-04-25 16:56,2026-05-06 10:46,
PO/VSP/26-27/00131,2026-04-24 13:44,V0176,VSP,111,480.34,53317.74,PUR-VSP-02,DM-VSP,Depot Manager,2026-04-27 10:14,,2026-05-21
PO/BLR/26-27/00214,2026-04-24 14:32,V0483,BLR,1145,169.89,194524.05,PUR-BLR-03,FC-01,Finance Controller,2026-04-25 14:23,,2026-05-23
PO/WGL/26-27/00116,2026-04-24 15:15,V0136,WGL,2309,251.49,580690.41,PUR-WGL-01,CFO-01,CFO,2026-04-25 13:49,,2026-05-08
PO/BLR/26-27/00215,2026-04-24 15:39,V0325,BLR,20626,9.51,196153.26,PUR-BLR-02,FC-01,Finance Controller,2026-04-25 15:00,,
PO/BLR/26-27/00216,2026-04-24 15:47,V0004,BLR,168,767.77,128985.36,PUR-BLR-01,FC-01,Finance Controller,2026-04-25 10:07,2026-04-27 10:29,2026-05-21
PO/HYD/26-27/00366,2026-04-24 15:52,V0133,HYD,5751,246.03,1414918.53,PUR-HYD-02,CFO-01,CFO,2026-04-26 02:19,,2026-05-21
PO/HBL/26-27/00080,2026-04-24 17:22,V0172,HBL,9237,28.66,264732.42,PUR-HBL-03,FC-01,Finance Controller,2026-04-25 11:57,2026-04-30 10:08,2026-05-04
PO/HYD/26-27/00367,2026-04-24 18:42,V0130,HYD,351,65.39,22951.89,PUR-HYD-03,DM-HYD,Depot Manager,2026-04-25 10:36,,2026-05-04
PO/VJA/26-27/00181,2026-04-24 18:51,V0146,VJA,9697,71.95,697699.15,PUR-VJA-03,CFO-01,CFO,2026-04-25 14:48,,2026-05-05
PO/HYD/26-27/00368,2026-04-25 03:36,V0239,HYD,36,302.66,10895.76,PUR-HYD-02,DM-HYD,Depot Manager,2026-04-25 22:37,2026-05-04 16:00,2026-05-21
PO/HYD/26-27/00369,2026-04-25 09:43,V0080,HYD,1597,74.15,118417.55,PUR-HYD-01,FC-01,Finance Controller,2026-04-27 10:48,,2026-05-23
PO/HYD/26-27/00370,2026-04-25 10:00,V0250,HYD,857,1391.55,1192558.35,PUR-HYD-02,FC-01,Finance Controller,2026-04-27 10:28,,2026-05-03
PO/BLR/26-27/00217,2026-04-25 10:01,V0371,BLR,28,420.73,11780.44,PUR-BLR-01,DM-BLR,Depot Manager,2026-04-25 12:01,2026-04-27 10:25,2026-05-19
PO/VSP/26-27/00132,2026-04-25 10:02,V0194,VSP,4675,10.90,50957.50,PUR-VSP-02,DM-VSP,Depot Manager,2026-04-25 18:27,,2026-05-24
PO/BLR/26-27/00218,2026-04-25 10:03,V0076,BLR,5795,57.04,330546.80,PUR-BLR-01,FC-01,Finance Controller,2026-04-27 10:41,,2026-05-20
PO/VJA/26-27/00182,2026-04-25 10:04,V0382,VJA,490,124.57,61039.30,PUR-VJA-02,DM-VJA,Depot Manager,2026-04-25 11:33,,2026-05-05
PO/BLR/26-27/00219,2026-04-25 10:04,V0245,BLR,1023,282.22,288711.06,PUR-BLR-01,FC-01,Finance Controller,2026-04-27 10:04,,2026-05-04
PO/VSP/26-27/00133,2026-04-25 10:04,V0002,VSP,190,544.56,103466.40,PUR-VSP-02,FC-01,Finance Controller,2026-04-27 10:30,,2026-05-16
PO/WGL/26-27/00117,2026-04-25 10:05,V0262,WGL,40,1100.18,44007.20,PUR-WGL-01,DM-WGL,Depot Manager,2026-04-25 14:33,,
PO/HYD/26-27/00371,2026-04-25 10:10,V0286,HYD,440,87.11,38328.40,PUR-HYD-03,DM-HYD,Depot Manager,2026-04-25 10:17,2026-04-30 10:32,2026-05-05
PO/VJA/26-27/00183,2026-04-25 10:14,V0429,VJA,33387,17.05,569248.35,PUR-VJA-02,CFO-01,CFO,2026-04-27 09:41,,
PO/HYD/26-27/00372,2026-04-25 10:17,V0304,HYD,7304,24.31,177560.24,PUR-HYD-03,FC-01,Finance Controller,2026-04-25 11:25,2026-04-27 10:24,2026-05-14
PO/BLR/26-27/00220,2026-04-25 10:17,V0126,BLR,15280,56.11,857360.80,PUR-BLR-02,CFO-01,CFO,2026-04-27 10:24,,2026-05-18
PO/VSP/26-27/00134,2026-04-25 10:21,V0114,VSP,281,99.49,27956.69,PUR-VSP-02,DM-VSP,Depot Manager,2026-04-25 13:21,,2026-05-16
PO/VJA/26-27/00184,2026-04-25 10:22,V0257,VJA,288,751.02,216293.76,PUR-VJA-01,FC-01,Finance Controller,2026-04-27 10:10,,2026-05-16
PO/WGL/26-27/00118,2026-04-25 10:23,V0441,WGL,1819,15.10,27466.90,PUR-WGL-02,DM-WGL,Depot Manager,2026-04-25 11:32,2026-05-01 17:07,2026-05-24
PO/BLR/26-27/00221,2026-04-25 10:25,V0464,BLR,40698,8.62,350816.76,PUR-BLR-02,FC-01,Finance Controller,2026-04-27 10:34,,2026-05-23
PO/BLR/26-27/00222,2026-04-25 10:25,V0232,BLR,982,9.44,9270.08,PUR-BLR-02,DM-BLR,Depot Manager,2026-04-25 11:32,2026-05-01 10:00,2026-05-06
PO/VJA/26-27/00185,2026-04-25 10:30,V0033,VJA,219,98.24,21514.56,PUR-VJA-02,DM-VJA,Depot Manager,2026-04-27 10:18,2026-04-29 10:43,2026-05-05
PO/VJA/26-27/00186,2026-04-25 10:30,V0388,VJA,635,849.84,539648.40,PUR-VJA-02,CFO-01,CFO,2026-04-28 10:00,,2026-05-06
PO/BLR/26-27/00223,2026-04-25 10:31,V0464,BLR,383,289.20,110763.60,PUR-BLR-02,FC-01,Finance Controller,2026-04-27 10:44,,2026-05-16
PO/HBL/26-27/00081,2026-04-25 10:32,V0445,HBL,5770,23.54,135825.80,PUR-HBL-03,FC-01,Finance Controller,2026-04-27 10:22,2026-05-02 10:31,2026-05-25
PO/HYD/26-27/00373,2026-04-25 10:40,V0490,HYD,13158,8.56,112632.48,PUR-HYD-01,FC-01,Finance Controller,2026-04-27 10:12,,2026-05-19
PO/HYD/26-27/00374,2026-04-25 10:46,V0223,HYD,29,1532.68,44447.72,PUR-HYD-03,DM-HYD,Depot Manager,2026-04-25 12:21,,2026-05-19
PO/VJA/26-27/00187,2026-04-25 10:47,V0426,VJA,443,1207.97,535130.71,PUR-VJA-01,CFO-01,CFO,2026-04-27 10:40,,2026-05-18
PO/HYD/26-27/00375,2026-04-25 10:48,V0233,HYD,1309,564.35,738734.15,PUR-HYD-02,CFO-01,CFO,2026-04-27 10:37,,2026-05-03
PO/HBL/26-27/00082,2026-04-25 10:49,V0084,HBL,1257,13.14,16516.98,PUR-HBL-02,DM-HBL,Depot Manager,2026-04-27 10:24,,2026-05-08
PO/BLR/26-27/00224,2026-04-25 10:51,V0487,BLR,111,589.77,65464.47,PUR-BLR-02,DM-BLR,Depot Manager,2026-04-27 10:11,2026-05-04 10:24,2026-05-16
PO/HBL/26-27/00083,2026-04-25 12:57,V0487,HBL,2388,26.40,63043.20,PUR-HBL-01,DM-HBL,Depot Manager,2026-04-25 20:13,2026-04-26 15:09,2026-05-07
PO/VJA/26-27/00188,2026-04-25 13:16,V0058,VJA,4721,13.33,62930.93,PUR-VJA-03,DM-VJA,Depot Manager,2026-04-27 10:01,,2026-05-17
PO/HYD/26-27/00376,2026-04-25 13:51,V0334,HYD,2760,248.53,685942.80,PUR-HYD-03,CFO-01,CFO,2026-04-28 10:23,,2026-05-10
PO/WGL/26-27/00119,2026-04-25 15:47,V0031,WGL,2478,16.93,41952.54,PUR-WGL-01,DM-WGL,Depot Manager,2026-04-27 10:14,2026-05-02 10:21,2026-05-13
PO/HYD/26-27/00377,2026-04-25 15:54,V0467,HYD,7219,37.51,270784.69,PUR-HYD-02,FC-01,Finance Controller,2026-04-27 10:44,,2026-05-18
PO/HYD/26-27/00378,2026-04-25 16:36,V0058,HYD,4010,94.44,378704.40,PUR-HYD-03,FC-01,Finance Controller,2026-04-28 13:05,,2026-05-07
PO/HYD/26-27/00379,2026-04-25 17:17,V0179,HYD,2506,28.01,70193.06,PUR-HYD-01,DM-HYD,Depot Manager,2026-04-27 10:48,,2026-05-18
PO/WGL/26-27/00120,2026-04-25 18:48,V0110,WGL,1783,110.48,196985.84,PUR-WGL-01,FC-01,Finance Controller,2026-04-27 10:01,2026-05-08 10:14,2026-05-10
PO/BLR/26-27/00225,2026-04-25 18:53,V0019,BLR,10242,21.13,216413.46,PUR-BLR-02,FC-01,Finance Controller,2026-04-27 10:30,,2026-05-21
PO/BLR/26-27/00226,2026-04-25 22:14,V0168,BLR,183,88.89,16266.87,PUR-BLR-03,DM-BLR,Depot Manager,2026-04-26 09:46,,2026-05-22
PO/HYD/26-27/00380,2026-04-26 08:47,V0018,HYD,87,974.98,84823.26,PUR-HYD-03,DM-HYD,Depot Manager,2026-04-26 13:04,2026-04-28 16:11,2026-05-13
PO/HYD/26-27/00381,2026-04-26 12:27,V0290,HYD,85,157.92,13423.20,PUR-HYD-01,DM-HYD,Depot Manager,2026-04-26 14:26,2026-04-27 10:21,2026-05-12
PO/VJA/26-27/00189,2026-04-27 10:00,V0128,VJA,21411,18.95,405738.45,PUR-VJA-03,FC-01,Finance Controller,2026-04-27 10:32,,2026-05-23
PO/BLR/26-27/00227,2026-04-27 10:00,V0168,BLR,886,50.23,44503.78,PUR-BLR-01,DM-BLR,Depot Manager,2026-04-27 10:38,,2026-05-20
PO/HYD/26-27/00382,2026-04-27 10:01,V0033,HYD,25888,14.38,372269.44,PUR-HYD-03,FC-01,Finance Controller,2026-04-27 10:12,,2026-05-13
PO/HYD/26-27/00383,2026-04-27 10:01,V0100,HYD,6379,30.15,192326.85,PUR-HYD-01,FC-01,Finance Controller,2026-04-27 17:13,2026-04-28 10:20,2026-05-24
PO/HYD/26-27/00384,2026-04-27 10:02,V0186,HYD,1175,101.51,119274.25,PUR-HYD-03,FC-01,Finance Controller,2026-04-28 10:42,2026-05-04 10:08,2026-05-23
PO/HYD/26-27/00385,2026-04-27 10:03,V0417,HYD,3183,9.66,30747.78,PUR-HYD-02,DM-HYD,Depot Manager,2026-04-27 10:22,2026-05-01 10:02,2026-05-25
PO/HYD/26-27/00386,2026-04-27 10:04,V0396,HYD,152623,8.90,1358344.70,PUR-HYD-02,CFO-01,CFO,2026-04-28 17:54,,2026-05-14
PO/HYD/26-27/00387,2026-04-27 10:05,V0262,HYD,294,122.90,36132.60,PUR-HYD-01,DM-HYD,Depot Manager,2026-04-28 10:30,,2026-05-15
PO/BLR/26-27/00228,2026-04-27 10:05,V0249,BLR,4248,296.54,1259701.92,PUR-BLR-03,FC-01,Finance Controller,2026-04-28 10:06,,2026-05-12
PO/HYD/26-27/00388,2026-04-27 10:06,V0161,HYD,544,117.90,64137.60,PUR-HYD-03,DM-HYD,Depot Manager,2026-04-27 11:16,2026-05-08 11:16,2026-05-27
PO/HBL/26-27/00084,2026-04-27 10:07,V0204,HBL,15,1613.27,24199.05,PUR-HBL-03,DM-HBL,Depot Manager,2026-04-29 10:09,,2026-05-27
PO/HYD/26-27/00389,2026-04-27 10:07,V0053,HYD,1707,12.53,21388.71,PUR-HYD-02,DM-HYD,Depot Manager,2026-04-27 10:35,2026-04-28 10:28,2026-05-19
PO/HBL/26-27/00085,2026-04-27 10:07,V0349,HBL,8170,147.01,1201071.70,PUR-HBL-01,FC-01,Finance Controller,2026-04-27 15:23,,2026-05-17
PO/BLR/26-27/00229,2026-04-27 10:08,V0377,BLR,1149,237.17,272508.33,PUR-BLR-01,FC-01,Finance Controller,2026-05-04 10:23,,2026-05-06
PO/HBL/26-27/00086,2026-04-27 10:08,V0098,HBL,478,432.02,206505.56,PUR-HBL-02,FC-01,Finance Controller,2026-04-27 10:11,2026-05-07 17:41,2026-05-12
PO/VJA/26-27/00190,2026-04-27 10:08,V0273,VJA,3382,157.81,533713.42,PUR-VJA-02,CFO-01,CFO,2026-04-28 10:28,,2026-05-27
PO/HYD/26-27/00390,2026-04-27 10:08,V0079,HYD,37835,41.60,1573936.00,PUR-HYD-02,CFO-01,CFO,2026-04-28 10:05,,2026-05-19
PO/BLR/26-27/00230,2026-04-27 10:09,V0023,BLR,14672,54.93,805932.96,PUR-BLR-02,FC-01,Finance Controller,2026-04-27 10:23,,2026-05-23
PO/BLR/26-27/00231,2026-04-27 10:13,V0404,BLR,5606,40.28,225809.68,PUR-BLR-01,FC-01,Finance Controller,2026-04-28 10:05,,2026-05-27
PO/VJA/26-27/00191,2026-04-27 10:13,V0382,VJA,1196,1131.35,1353094.60,PUR-VJA-02,CFO-01,CFO,2026-04-27 11:36,,2026-05-09
PO/HBL/26-27/00087,2026-04-27 10:14,V0349,HBL,660,72.16,47625.60,PUR-HBL-01,DM-HBL,Depot Manager,2026-04-27 10:33,2026-05-04 10:13,2026-05-24
PO/BLR/26-27/00232,2026-04-27 10:14,V0439,BLR,1029,11.78,12121.62,PUR-BLR-02,DM-BLR,Depot Manager,2026-04-27 11:01,2026-05-01 10:16,2026-05-11
PO/VJA/26-27/00192,2026-04-27 10:14,V0425,VJA,1132,701.78,794414.96,PUR-VJA-03,CFO-01,CFO,2026-04-29 10:50,,2026-05-18
PO/BLR/26-27/00233,2026-04-27 10:14,V0139,BLR,2544,330.15,839901.60,PUR-BLR-03,CFO-01,CFO,2026-04-30 10:47,,2026-05-09
PO/WGL/26-27/00121,2026-04-27 10:16,V0130,WGL,1521,20.32,30906.72,PUR-WGL-01,DM-WGL,Depot Manager,2026-04-28 12:18,,2026-05-04
PO/WGL/26-27/00122,2026-04-27 10:17,V0224,WGL,574,83.30,47814.20,PUR-WGL-03,DM-WGL,Depot Manager,2026-04-27 18:44,,2026-05-05
PO/HYD/26-27/00391,2026-04-27 10:17,V0288,HYD,1427,16.22,23145.94,PUR-HYD-01,DM-HYD,Depot Manager,2026-04-27 10:48,2026-04-29 12:16,2026-05-05
PO/WGL/26-27/00123,2026-04-27 10:17,V0041,WGL,605,51.19,30969.95,PUR-WGL-01,DM-WGL,Depot Manager,2026-04-27 11:11,2026-04-27 13:25,2026-05-17
PO/BLR/26-27/00234,2026-04-27 10:19,V0041,BLR,1829,198.21,362526.09,PUR-BLR-03,FC-01,Finance Controller,2026-04-27 11:17,,2026-05-07
PO/BLR/26-27/00235,2026-04-27 10:19,V0020,BLR,6,1771.09,10626.54,PUR-BLR-03,DM-BLR,Depot Manager,2026-04-27 10:31,2026-05-02 10:03,2026-05-13
PO/BLR/26-27/00236,2026-04-27 10:20,V0065,BLR,12,1325.89,15910.68,PUR-BLR-03,DM-BLR,Depot Manager,2026-04-27 10:33,2026-05-04 10:30,2026-05-21
PO/BLR/26-27/00237,2026-04-27 10:20,V0324,BLR,577,1062.61,613125.97,PUR-BLR-02,CFO-01,CFO,2026-04-28 17:52,,2026-05-09
PO/WGL/26-27/00124,2026-04-27 10:24,V0027,WGL,2655,54.90,145759.50,PUR-WGL-02,FC-01,Finance Controller,2026-04-27 13:54,,2026-05-08
PO/WGL/26-27/00125,2026-04-27 10:25,V0163,WGL,20158,8.59,173157.22,PUR-WGL-03,FC-01,Finance Controller,2026-04-27 11:21,,2026-05-19
PO/HBL/26-27/00088,2026-04-27 10:25,V0031,HBL,2213,672.03,1487202.39,PUR-HBL-03,CFO-01,CFO,2026-04-27 13:35,,2026-05-15
PO/VJA/26-27/00193,2026-04-27 10:26,V0004,VJA,100,190.96,19096.00,PUR-VJA-03,DM-VJA,Depot Manager,2026-04-27 10:28,,2026-05-11
PO/WGL/26-27/00126,2026-04-27 10:26,V0424,WGL,1778,158.60,281990.80,PUR-WGL-01,FC-01,Finance Controller,2026-04-27 16:13,,2026-05-07
PO/VSP/26-27/00135,2026-04-27 10:28,V0194,VSP,2050,198.42,406761.00,PUR-VSP-03,FC-01,Finance Controller,2026-04-27 13:42,,2026-05-05
PO/BLR/26-27/00238,2026-04-27 10:29,V0057,BLR,733,113.16,82946.28,PUR-BLR-01,DM-BLR,Depot Manager,2026-04-29 10:43,,2026-05-26
PO/VJA/26-27/00194,2026-04-27 10:29,V0019,VJA,580,1186.48,688158.40,PUR-VJA-01,CFO-01,CFO,2026-04-29 12:04,,2026-05-14
PO/HYD/26-27/00392,2026-04-27 10:30,V0277,HYD,256,180.66,46248.96,PUR-HYD-03,DM-HYD,Depot Manager,2026-04-27 18:49,,2026-05-15
PO/VJA/26-27/00195,2026-04-27 10:30,V0388,VJA,46013,19.10,878848.30,PUR-VJA-03,CFO-01,CFO,2026-04-29 15:44,,2026-05-24
PO/HYD/26-27/00393,2026-04-27 10:30,V0020,HYD,1156,490.62,567156.72,PUR-HYD-02,CFO-01,CFO,2026-04-28 10:15,,2026-05-23
PO/HYD/26-27/00394,2026-04-27 10:31,V0179,HYD,117,1154.01,135019.17,PUR-HYD-02,FC-01,Finance Controller,2026-04-27 11:39,2026-05-01 10:30,2026-05-13
PO/VSP/26-27/00136,2026-04-27 10:31,V0187,VSP,1716,14.28,24504.48,PUR-VSP-01,DM-VSP,Depot Manager,2026-04-27 11:27,,2026-05-27
PO/HYD/26-27/00395,2026-04-27 10:32,V0244,HYD,8011,27.56,220783.16,PUR-HYD-01,FC-01,Finance Controller,2026-04-28 16:52,,2026-05-10
PO/HYD/26-27/00396,2026-04-27 10:32,V0020,HYD,48,1299.72,62386.56,PUR-HYD-02,DM-HYD,Depot Manager,2026-04-27 10:34,,2026-05-11
PO/HYD/26-27/00397,2026-04-27 10:32,V0063,HYD,16066,39.31,631554.46,PUR-HYD-03,FC-01,Finance Controller,2026-04-28 10:08,,2026-05-22
PO/HBL/26-27/00089,2026-04-27 10:32,V0247,HBL,57,384.49,21915.93,PUR-HBL-01,DM-HBL,Depot Manager,2026-04-27 13:55,,2026-05-04
PO/VSP/26-27/00137,2026-04-27 10:34,V0305,VSP,18,1131.26,20362.68,PUR-VSP-03,DM-VSP,Depot Manager,2026-04-27 10:52,,2026-05-15
PO/VJA/26-27/00196,2026-04-27 10:34,V0363,VJA,56526,19.32,1092082.32,PUR-VJA-03,CFO-01,CFO,2026-04-30 10:25,,2026-05-22
PO/BLR/26-27/00239,2026-04-27 10:35,V0170,BLR,939,848.24,796497.36,PUR-BLR-02,CFO-01,CFO,2026-04-27 18:24,,2026-05-19
PO/VSP/26-27/00138,2026-04-27 10:36,V0030,VSP,196,965.04,189147.84,PUR-VSP-03,FC-01,Finance Controller,2026-04-27 18:39,2026-05-01 10:48,
PO/VJA/26-27/00197,2026-04-27 10:38,V0447,VJA,1110,20.40,22644.00,PUR-VJA-02,DM-VJA,Depot Manager,2026-04-28 10:10,,2026-05-15
PO/HYD/26-27/00398,2026-04-27 10:39,V0380,HYD,358,122.90,43998.20,PUR-HYD-01,DM-HYD,Depot Manager,2026-04-27 11:57,,2026-05-15
PO/BLR/26-27/00240,2026-04-27 10:39,V0088,BLR,1227,13.85,16993.95,PUR-BLR-02,DM-BLR,Depot Manager,2026-04-27 11:07,,2026-05-10
PO/WGL/26-27/00127,2026-04-27 10:40,V0085,WGL,11366,25.97,295175.02,PUR-WGL-02,FC-01,Finance Controller,2026-04-29 10:32,2026-04-30 10:23,2026-05-14
PO/BLR/26-27/00241,2026-04-27 10:42,V0331,BLR,298,183.48,54677.04,PUR-BLR-01,DM-BLR,Depot Manager,2026-04-27 11:59,,2026-05-22
PO/VSP/26-27/00139,2026-04-27 10:42,V0438,VSP,297,61.16,18164.52,PUR-VSP-03,DM-VSP,Depot Manager,2026-04-27 10:45,2026-04-30 18:11,2026-05-22
PO/HYD/26-27/00399,2026-04-27 10:44,V0262,HYD,539,22.70,12235.30,PUR-HYD-02,DM-HYD,Depot Manager,2026-04-27 11:11,2026-05-02 10:22,2026-05-10
PO/HYD/26-27/00400,2026-04-27 10:44,V0201,HYD,4029,203.50,819901.50,PUR-HYD-03,CFO-01,CFO,2026-04-29 15:47,,2026-05-14
PO/VSP/26-27/00140,2026-04-27 10:44,V0181,VSP,1485,609.93,905746.05,PUR-VSP-01,CFO-01,CFO,2026-04-29 10:40,,2026-05-25
PO/VJA/26-27/00198,2026-04-27 10:45,V0106,VJA,7223,162.19,1171498.37,PUR-VJA-02,CFO-01,CFO,2026-04-30 15:25,,2026-05-16
PO/HYD/26-27/00401,2026-04-27 10:46,V0112,HYD,7118,24.05,171187.90,PUR-HYD-03,FC-01,Finance Controller,2026-04-27 12:37,,2026-05-05
PO/WGL/26-27/00128,2026-04-27 10:47,V0350,WGL,248,593.39,147160.72,PUR-WGL-01,FC-01,Finance Controller,2026-04-27 16:20,2026-05-04 10:04,2026-05-07
PO/VSP/26-27/00141,2026-04-27 10:48,V0473,VSP,77,244.77,18847.29,PUR-VSP-01,DM-VSP,Depot Manager,2026-04-27 12:04,,2026-05-05
PO/BLR/26-27/00242,2026-04-27 10:48,V0310,BLR,3784,177.96,673400.64,PUR-BLR-03,CFO-01,CFO,2026-04-28 10:30,,2026-05-14
PO/BLR/26-27/00243,2026-04-27 10:48,V0091,BLR,28815,39.75,1145396.25,PUR-BLR-02,CFO-01,CFO,2026-04-29 10:19,,2026-05-07
PO/VJA/26-27/00199,2026-04-27 10:48,V0412,VJA,370,68.47,25333.90,PUR-VJA-01,DM-VJA,Depot Manager,2026-04-27 10:50,,2026-05-05
PO/WGL/26-27/00129,2026-04-27 10:49,V0033,WGL,3928,261.69,1027918.32,PUR-WGL-01,CFO-01,CFO,2026-04-27 11:19,,2026-05-14
PO/BLR/26-27/00244,2026-04-27 10:50,V0096,BLR,23616,10.04,237104.64,PUR-BLR-02,FC-01,Finance Controller,2026-04-28 10:46,,2026-05-18
PO/HYD/26-27/00402,2026-04-27 10:50,V0069,HYD,46340,8.83,409182.20,PUR-HYD-01,FC-01,Finance Controller,2026-04-29 18:57,,2026-05-11
PO/BLR/26-27/00245,2026-04-27 10:50,V0030,BLR,2380,454.79,1082400.20,PUR-BLR-03,CFO-01,CFO,2026-04-29 10:39,,2026-05-06
PO/HYD/26-27/00403,2026-04-27 11:22,V0083,HYD,1159,269.64,312512.76,PUR-HYD-02,FC-01,Finance Controller,2026-04-29 10:01,,2026-05-26
PO/HBL/26-27/00090,2026-04-27 11:33,V0367,HBL,19957,9.08,181209.56,PUR-HBL-02,FC-01,Finance Controller,2026-04-27 12:29,,2026-05-17
PO/VJA/26-27/00200,2026-04-27 11:47,V0347,VJA,1192,35.67,42518.64,PUR-VJA-01,DM-VJA,Depot Manager,2026-04-27 12:22,,2026-05-08
PO/HYD/26-27/00404,2026-04-27 11:59,V0101,HYD,1458,158.77,231486.66,PUR-HYD-01,FC-01,Finance Controller,2026-04-27 12:28,,2026-05-10
PO/BLR/26-27/00246,2026-04-27 12:47,V0038,BLR,145,192.70,27941.50,PUR-BLR-03,DM-BLR,Depot Manager,2026-04-27 17:10,2026-05-02 10:45,2026-05-21
PO/WGL/26-27/00130,2026-04-27 12:53,V0110,WGL,912,18.23,16625.76,PUR-WGL-02,DM-WGL,Depot Manager,2026-04-27 14:39,,2026-05-18
PO/VSP/26-27/00142,2026-04-27 13:02,V0052,VSP,34,555.79,18896.86,PUR-VSP-03,DM-VSP,Depot Manager,2026-04-27 17:38,2026-04-29 10:45,2026-05-13
PO/HYD/26-27/00405,2026-04-27 13:20,V0306,HYD,261,912.61,238191.21,PUR-HYD-03,FC-01,Finance Controller,2026-04-29 10:01,,2026-05-16
PO/BLR/26-27/00247,2026-04-27 13:27,V0023,BLR,10282,33.23,341670.86,PUR-BLR-01,FC-01,Finance Controller,2026-04-28 10:12,,2026-05-09
PO/HYD/26-27/00406,2026-04-27 13:30,V0437,HYD,4265,14.98,63889.70,PUR-HYD-02,DM-HYD,Depot Manager,2026-05-04 10:38,,2026-05-15
PO/BLR/26-27/00248,2026-04-27 13:34,V0042,BLR,11,1086.48,11951.28,PUR-BLR-02,DM-BLR,Depot Manager,2026-04-27 17:10,2026-05-09 10:28,2026-05-16
PO/HYD/26-27/00407,2026-04-27 15:39,V0163,HYD,102,354.85,36194.70,PUR-HYD-01,DM-HYD,Depot Manager,2026-04-28 10:41,,2026-05-14
PO/VSP/26-27/00143,2026-04-27 15:52,V0388,VSP,6,1636.80,9820.80,PUR-VSP-01,DM-VSP,Depot Manager,2026-04-28 10:46,2026-05-12 10:15,2026-05-06
PO/VJA/26-27/00201,2026-04-27 16:09,V0132,VJA,704,49.19,34629.76,PUR-VJA-02,DM-VJA,Depot Manager,2026-04-28 10:36,,2026-05-09
PO/VSP/26-27/00144,2026-04-27 16:14,V0018,VSP,3176,66.25,210410.00,PUR-VSP-01,FC-01,Finance Controller,2026-04-29 10:20,,2026-05-26
PO/BLR/26-27/00249,2026-04-27 16:30,V0072,BLR,567,22.35,12672.45,PUR-BLR-02,DM-BLR,Depot Manager,2026-04-28 10:13,2026-04-29 10:28,2026-05-27
PO/HBL/26-27/00091,2026-04-27 17:24,V0085,HBL,14768,50.51,745931.68,PUR-HBL-02,CFO-01,CFO,2026-04-30 10:50,,2026-05-19
PO/WGL/26-27/00131,2026-04-27 17:25,V0423,WGL,83,863.90,71703.70,PUR-WGL-03,DM-WGL,Depot Manager,2026-04-28 10:21,,2026-05-22
PO/HBL/26-27/00092,2026-04-27 17:33,V0306,HBL,15948,18.46,294400.08,PUR-HBL-02,FC-01,Finance Controller,2026-04-28 10:18,,2026-05-11
PO/VSP/26-27/00145,2026-04-27 17:45,V0058,VSP,436,631.63,275390.68,PUR-VSP-02,FC-01,Finance Controller,2026-04-30 10:46,,2026-05-13
PO/WGL/26-27/00132,2026-04-27 18:13,V0388,WGL,462,34.64,16003.68,PUR-WGL-01,DM-WGL,Depot Manager,2026-04-28 10:00,2026-04-28 22:00,2026-05-18
PO/HYD/26-27/00408,2026-04-27 18:53,V0019,HYD,87,388.43,33793.41,PUR-HYD-02,DM-HYD,Depot Manager,2026-04-30 10:17,,2026-05-22
PO/HYD/26-27/00409,2026-04-27 18:57,V0232,HYD,258,205.30,52967.40,PUR-HYD-03,DM-HYD,Depot Manager,2026-04-28 10:44,2026-05-04 16:41,2026-05-21
PO/BLR/26-27/00250,2026-04-28 09:48,V0434,BLR,16616,89.82,1492449.12,PUR-BLR-03,CFO-01,CFO,2026-04-30 10:04,,2026-05-05
PO/VSP/26-27/00146,2026-04-28 09:58,V0099,VSP,760,964.44,732974.40,PUR-VSP-01,CFO-01,CFO,2026-05-01 12:10,,2026-05-11
PO/WGL/26-27/00133,2026-04-28 10:01,V0465,WGL,34,635.77,21616.18,PUR-WGL-01,DM-WGL,Depot Manager,2026-04-28 12:12,2026-05-08 10:24,2026-05-09
PO/HYD/26-27/00410,2026-04-28 10:02,V0358,HYD,184,147.43,27127.12,PUR-HYD-01,DM-HYD,Depot Manager,2026-04-28 10:31,,2026-05-28
PO/HYD/26-27/00411,2026-04-28 10:04,V0404,HYD,31,798.90,24765.90,PUR-HYD-01,DM-HYD,Depot Manager,2026-04-28 17:32,,2026-05-26
PO/HYD/26-27/00412,2026-04-28 10:05,V0424,HYD,13640,12.45,169818.00,PUR-HYD-01,FC-01,Finance Controller,2026-04-30 10:37,2026-05-05 18:07,2026-05-13
PO/WGL/26-27/00134,2026-04-28 10:07,V0339,WGL,808,21.32,17226.56,PUR-WGL-01,DM-WGL,Depot Manager,2026-04-28 15:06,,2026-05-27
PO/VJA/26-27/00202,2026-04-28 10:07,V0124,VJA,3638,318.82,1159867.16,PUR-VJA-03,CFO-01,CFO,2026-04-30 14:43,,2026-05-23
PO/HYD/26-27/00413,2026-04-28 10:09,V0193,HYD,30,1062.97,31889.10,PUR-HYD-02,DM-HYD,Depot Manager,2026-04-28 17:32,,2026-05-20
PO/WGL/26-27/00135,2026-04-28 10:09,V0255,WGL,129,158.31,20421.99,PUR-WGL-01,DM-WGL,Depot Manager,2026-04-28 10:31,2026-05-04 10:12,2026-05-28
PO/HYD/26-27/00414,2026-04-28 10:12,V0085,HYD,6,1445.53,8673.18,PUR-HYD-03,DM-HYD,Depot Manager,2026-04-28 10:33,2026-04-30 11:43,2026-05-23
PO/HYD/26-27/00415,2026-04-28 10:13,V0354,HYD,2616,17.98,47035.68,PUR-HYD-03,DM-HYD,Depot Manager,2026-04-28 15:27,,2026-05-15
PO/VSP/26-27/00147,2026-04-28 10:13,V0023,VSP,61704,16.53,1019967.12,PUR-VSP-03,CFO-01,CFO,2026-04-30 12:35,,2026-05-06
PO/HBL/26-27/00093,2026-04-28 10:15,V0367,HBL,140,835.93,117030.20,PUR-HBL-03,FC-01,Finance Controller,2026-04-30 10:29,2026-05-05 17:02,2026-05-22
PO/BLR/26-27/00251,2026-04-28 10:19,V0377,BLR,60405,13.96,843253.80,PUR-BLR-01,CFO-01,CFO,2026-04-30 10:12,,2026-05-28
PO/BLR/26-27/00252,2026-04-28 10:19,V0136,BLR,49382,31.05,1533311.10,PUR-BLR-02,CFO-01,CFO,2026-04-29 14:51,,2026-05-20
PO/HYD/26-27/00416,2026-04-28 10:25,V0487,HYD,3354,16.75,56179.50,PUR-HYD-01,DM-HYD,Depot Manager,2026-04-29 10:47,,2026-05-24
PO/HBL/26-27/00094,2026-04-28 10:27,V0069,HBL,323,197.00,63631.00,PUR-HBL-03,DM-HBL,Depot Manager,2026-04-28 18:07,,2026-05-20
PO/HYD/26-27/00417,2026-04-28 10:27,V0471,HYD,48,728.47,34966.56,PUR-HYD-02,DM-HYD,Depot Manager,2026-04-28 15:26,2026-04-30 10:07,2026-05-12
PO/VSP/26-27/00148,2026-04-28 10:29,V0026,VSP,222,73.44,16303.68,PUR-VSP-03,DM-VSP,Depot Manager,2026-04-28 11:12,2026-05-05 10:47,2026-05-11
PO/WGL/26-27/00136,2026-04-28 10:29,V0480,WGL,19077,31.51,601116.27,PUR-WGL-03,CFO-01,CFO,2026-05-01 10:12,,2026-05-24
PO/WGL/26-27/00137,2026-04-28 10:35,V0469,WGL,335,246.39,82540.65,PUR-WGL-02,DM-WGL,Depot Manager,2026-04-28 10:43,2026-05-15 10:46,2026-05-17
PO/HBL/26-27/00095,2026-04-28 10:37,V0043,HBL,2208,85.17,188055.36,PUR-HBL-02,FC-01,Finance Controller,2026-04-29 10:11,,2026-05-25
PO/WGL/26-27/00138,2026-04-28 10:38,V0421,WGL,109,462.79,50444.11,PUR-WGL-01,DM-WGL,Depot Manager,2026-04-29 10:15,,2026-05-27
PO/BLR/26-27/00253,2026-04-28 10:39,V0327,BLR,3349,219.40,734770.60,PUR-BLR-02,CFO-01,CFO,2026-05-02 10:46,,2026-05-11
PO/HYD/26-27/00418,2026-04-28 10:40,V0007,HYD,7072,29.11,205865.92,PUR-HYD-02,FC-01,Finance Controller,2026-04-29 17:52,2026-05-05 11:40,2026-05-24
PO/HBL/26-27/00096,2026-04-28 10:40,V0056,HBL,8076,173.38,1400216.88,PUR-HBL-01,CFO-01,CFO,2026-05-01 10:18,,2026-05-23
PO/HBL/26-27/00097,2026-04-28 10:41,V0210,HBL,26965,13.61,366993.65,PUR-HBL-02,FC-01,Finance Controller,2026-04-30 10:43,,2026-05-21
PO/HYD/26-27/00419,2026-04-28 10:43,V0432,HYD,317,138.04,43758.68,PUR-HYD-02,DM-HYD,Depot Manager,2026-04-28 18:53,2026-05-04 10:08,2026-05-23
PO/WGL/26-27/00139,2026-04-28 10:43,V0492,WGL,1809,177.22,320590.98,PUR-WGL-02,FC-01,Finance Controller,2026-04-29 17:38,,2026-05-23
PO/BLR/26-27/00254,2026-04-28 10:45,V0311,BLR,765,55.20,42228.00,PUR-BLR-01,DM-BLR,Depot Manager,2026-04-28 17:24,2026-04-30 10:02,2026-05-18
PO/HYD/26-27/00420,2026-04-28 10:45,V0219,HYD,63099,11.13,702291.87,PUR-HYD-02,CFO-01,CFO,2026-05-01 10:06,,
PO/BLR/26-27/00255,2026-04-28 10:47,V0162,BLR,34,910.49,30956.66,PUR-BLR-03,DM-BLR,Depot Manager,2026-04-28 14:28,,2026-05-09
PO/HYD/26-27/00421,2026-04-28 10:50,V0079,HYD,1175,247.61,290941.75,PUR-HYD-01,FC-01,Finance Controller,2026-04-30 10:45,,2026-05-26
PO/BLR/26-27/00256,2026-04-28 11:01,V0043,BLR,108,1303.26,140752.08,PUR-BLR-03,FC-01,Finance Controller,2026-04-29 10:28,,2026-05-11
PO/VSP/26-27/00149,2026-04-28 11:07,V0473,VSP,48,564.48,27095.04,PUR-VSP-03,DM-VSP,Depot Manager,2026-04-29 10:33,2026-04-30 14:40,2026-05-22
PO/VJA/26-27/00203,2026-04-28 12:26,V0065,VJA,4353,23.45,102077.85,PUR-VJA-02,FC-01,Finance Controller,2026-04-29 10:45,,2026-05-20
PO/BLR/26-27/00257,2026-04-28 12:29,V0052,BLR,19224,10.83,208195.92,PUR-BLR-01,FC-01,Finance Controller,2026-04-29 10:21,,2026-05-21
PO/VSP/26-27/00150,2026-04-28 13:02,V0194,VSP,408,39.26,16018.08,PUR-VSP-01,DM-VSP,Depot Manager,2026-04-28 18:00,2026-04-29 12:10,2026-05-27
PO/VJA/26-27/00204,2026-04-28 13:08,V0342,VJA,491,1311.21,643804.11,PUR-VJA-02,FC-01,Finance Controller,2026-04-30 10:32,,2026-05-23
PO/HBL/26-27/00098,2026-04-28 13:14,V0083,HBL,4249,204.66,869600.34,PUR-HBL-03,FC-01,Finance Controller,2026-04-29 10:01,,2026-05-17
PO/HYD/26-27/00422,2026-04-28 13:19,V0437,HYD,189,1177.42,222532.38,PUR-HYD-02,FC-01,Finance Controller,2026-04-29 10:49,,2026-05-28
PO/HYD/26-27/00423,2026-04-28 13:21,V0158,HYD,68,879.60,59812.80,PUR-HYD-03,DM-HYD,Depot Manager,2026-04-29 16:45,,2026-05-21
PO/HYD/26-27/00424,2026-04-28 14:22,V0207,HYD,56,302.12,16918.72,PUR-HYD-03,DM-HYD,Depot Manager,2026-04-29 10:06,2026-05-02 10:37,2026-05-13
PO/HYD/26-27/00425,2026-04-28 14:28,V0037,HYD,2624,23.96,62871.04,PUR-HYD-03,DM-HYD,Depot Manager,2026-04-28 16:37,2026-05-01 10:22,2026-05-22
PO/HYD/26-27/00426,2026-04-28 14:47,V0234,HYD,16135,17.45,281555.75,PUR-HYD-01,FC-01,Finance Controller,2026-04-29 10:41,2026-05-11 10:47,2026-05-27
PO/HYD/26-27/00427,2026-04-28 15:39,V0049,HYD,677,52.62,35623.74,PUR-HYD-01,DM-HYD,Depot Manager,2026-04-29 10:45,2026-05-05 10:32,2026-05-26
PO/HBL/26-27/00099,2026-04-28 15:46,V0465,HBL,80,1031.74,82539.20,PUR-HBL-03,DM-HBL,Depot Manager,2026-04-28 17:18,,2026-05-07
PO/VJA/26-27/00205,2026-04-28 17:41,V0048,VJA,181,1037.63,187811.03,PUR-VJA-01,FC-01,Finance Controller,2026-04-30 12:02,,2026-05-26
PO/HYD/26-27/00428,2026-04-28 18:16,V0331,HYD,5991,18.75,112331.25,PUR-HYD-03,FC-01,Finance Controller,2026-04-30 10:38,2026-05-01 10:37,2026-05-22
PO/HYD/26-27/00429,2026-04-29 10:04,V0385,HYD,2570,118.18,303722.60,PUR-HYD-02,FC-01,Finance Controller,2026-04-30 10:19,2026-05-04 10:11,2026-05-19
PO/WGL/26-27/00140,2026-04-29 10:06,V0476,WGL,2370,17.40,41238.00,PUR-WGL-02,DM-WGL,Depot Manager,2026-04-30 10:28,,2026-05-07
PO/VSP/26-27/00151,2026-04-29 10:07,V0375,VSP,47357,32.08,1519212.56,PUR-VSP-02,CFO-01,CFO,2026-05-01 10:03,,2026-05-24
PO/VJA/26-27/00206,2026-04-29 10:09,V0466,VJA,439,106.08,46569.12,PUR-VJA-02,DM-VJA,Depot Manager,2026-04-29 12:18,,2026-05-24
PO/HYD/26-27/00430,2026-04-29 10:11,V0056,HYD,65614,8.92,585276.88,PUR-HYD-03,FC-01,Finance Controller,2026-05-01 10:43,,2026-05-08
PO/VJA/26-27/00207,2026-04-29 10:13,V0018,VJA,51,812.91,41458.41,PUR-VJA-01,DM-VJA,Depot Manager,2026-04-30 10:21,2026-05-01 13:38,2026-05-14
PO/WGL/26-27/00141,2026-04-29 10:16,V0175,WGL,13180,112.59,1483936.20,PUR-WGL-03,CFO-01,CFO,2026-05-02 10:21,,2026-05-11
PO/VSP/26-27/00152,2026-04-29 10:20,V0083,VSP,4333,96.55,418351.15,PUR-VSP-03,FC-01,Finance Controller,2026-04-30 11:14,,2026-05-24
PO/HBL/26-27/00100,2026-04-29 10:22,V0237,HBL,652,1666.67,1086668.84,PUR-HBL-02,CFO-01,CFO,2026-04-30 11:01,,2026-05-13
PO/HYD/26-27/00431,2026-04-29 10:24,V0202,HYD,20,1567.65,31353.00,PUR-HYD-03,DM-HYD,Depot Manager,2026-04-29 14:20,2026-05-09 13:41,2026-05-12
PO/BLR/26-27/00258,2026-04-29 10:28,V0240,BLR,94,408.35,38384.90,PUR-BLR-01,DM-BLR,Depot Manager,2026-05-04 14:30,,2026-05-07
PO/BLR/26-27/00259,2026-04-29 10:29,V0409,BLR,11776,107.73,1268628.48,PUR-BLR-02,CFO-01,CFO,2026-05-01 15:31,,2026-05-10
PO/VJA/26-27/00208,2026-04-29 10:30,V0107,VJA,50,448.26,22413.00,PUR-VJA-03,DM-VJA,Depot Manager,2026-04-30 10:03,,2026-05-15
PO/HYD/26-27/00432,2026-04-29 10:30,V0160,HYD,1469,106.59,156580.71,PUR-HYD-03,FC-01,Finance Controller,2026-04-30 10:48,2026-05-08 10:36,2026-05-13
PO/WGL/26-27/00142,2026-04-29 10:32,V0455,WGL,2935,10.34,30347.90,PUR-WGL-03,DM-WGL,Depot Manager,2026-04-29 11:34,,2026-05-19
PO/VSP/26-27/00153,2026-04-29 10:34,V0478,VSP,932,383.01,356965.32,PUR-VSP-02,FC-01,Finance Controller,2026-04-30 16:09,,2026-05-10
PO/WGL/26-27/00143,2026-04-29 10:34,V0191,WGL,41,706.09,28949.69,PUR-WGL-03,DM-WGL,Depot Manager,2026-04-29 11:09,,2026-05-15
PO/HYD/26-27/00433,2026-04-29 10:36,V0306,HYD,981,29.55,28988.55,PUR-HYD-01,DM-HYD,Depot Manager,2026-04-30 10:14,,2026-05-28
PO/VSP/26-27/00154,2026-04-29 10:37,V0427,VSP,24,408.85,9812.40,PUR-VSP-03,DM-VSP,Depot Manager,2026-04-30 10:17,2026-05-06 10:53,2026-05-29
PO/VSP/26-27/00155,2026-04-29 10:39,V0029,VSP,293,164.80,48286.40,PUR-VSP-02,DM-VSP,Depot Manager,2026-04-30 10:15,,2026-05-19
PO/VJA/26-27/00209,2026-04-29 10:43,V0129,VJA,568,409.65,232681.20,PUR-VJA-02,FC-01,Finance Controller,2026-05-01 10:27,2026-05-15 10:02,2026-05-06
PO/HYD/26-27/00434,2026-04-29 10:43,V0101,HYD,1568,585.17,917546.56,PUR-HYD-02,CFO-01,CFO,2026-05-02 10:04,,2026-05-10
PO/VJA/26-27/00210,2026-04-29 10:43,V0440,VJA,61223,12.38,757940.74,PUR-VJA-03,CFO-01,CFO,2026-05-01 12:19,,2026-05-18
PO/VJA/26-27/00211,2026-04-29 10:45,V0349,VJA,8117,73.05,592946.85,PUR-VJA-01,CFO-01,CFO,2026-05-02 10:23,,2026-05-07
PO/VJA/26-27/00212,2026-04-29 10:47,V0019,VJA,26710,26.24,700870.40,PUR-VJA-01,CFO-01,CFO,2026-04-30 10:23,,2026-05-11
PO/HYD/26-27/00435,2026-04-29 10:50,V0033,HYD,556,1593.47,885969.32,PUR-HYD-03,CFO-01,CFO,2026-05-01 10:00,,2026-05-26
PO/HBL/26-27/00101,2026-04-29 11:02,V0436,HBL,619,619.63,383550.97,PUR-HBL-03,FC-01,Finance Controller,2026-04-30 10:11,,2026-05-11
PO/VJA/26-27/00213,2026-04-29 11:08,V0400,VJA,19041,18.06,343880.46,PUR-VJA-03,FC-01,Finance Controller,2026-04-30 10:18,,2026-05-13
PO/HYD/26-27/00436,2026-04-29 11:08,V0410,HYD,24536,55.62,1364692.32,PUR-HYD-01,CFO-01,CFO,2026-04-30 11:14,,2026-05-23
PO/VJA/26-27/00214,2026-04-29 11:20,V0020,VJA,1087,23.57,25620.59,PUR-VJA-03,DM-VJA,Depot Manager,2026-04-30 10:16,,2026-05-09
PO/HYD/26-27/00437,2026-04-29 11:27,V0018,HYD,2786,271.90,757513.40,PUR-HYD-02,FC-01,Finance Controller,2026-05-01 09:52,,2026-05-27
PO/WGL/26-27/00144,2026-04-29 12:59,V0004,WGL,1758,18.72,32909.76,PUR-WGL-03,DM-WGL,Depot Manager,2026-04-29 15:07,2026-05-06 10:31,2026-05-13
PO/BLR/26-27/00260,2026-04-29 14:12,V0451,BLR,928,39.74,36878.72,PUR-BLR-02,DM-BLR,Depot Manager,2026-04-30 18:21,,2026-05-28
PO/BLR/26-27/00261,2026-04-29 14:44,V0024,BLR,3730,17.10,63783.00,PUR-BLR-03,DM-BLR,Depot Manager,2026-05-01 10:25,,2026-05-19
PO/HYD/26-27/00438,2026-04-29 14:46,V0040,HYD,21,485.84,10202.64,PUR-HYD-03,DM-HYD,Depot Manager,2026-04-29 18:39,2026-04-30 15:54,2026-05-10
PO/HBL/26-27/00102,2026-04-29 15:10,V0299,HBL,1297,140.94,182799.18,PUR-HBL-02,FC-01,Finance Controller,2026-05-02 10:19,,2026-05-26
PO/HBL/26-27/00103,2026-04-29 15:44,V0146,HBL,251,857.43,215214.93,PUR-HBL-01,FC-01,Finance Controller,2026-04-30 16:47,2026-05-05 10:46,2026-05-24
PO/HYD/26-27/00439,2026-04-29 15:50,V0388,HYD,13917,8.37,116485.29,PUR-HYD-02,FC-01,Finance Controller,2026-05-01 10:00,2026-05-07 10:58,2026-05-16
PO/BLR/26-27/00262,2026-04-29 16:40,V0389,BLR,77,913.98,70376.46,PUR-BLR-03,DM-BLR,Depot Manager,2026-04-30 10:38,2026-05-08 10:25,2026-05-22
PO/HYD/26-27/00440,2026-04-29 16:52,V0047,HYD,8713,30.94,269580.22,PUR-HYD-02,FC-01,Finance Controller,2026-05-01 10:03,,2026-05-28
PO/HYD/26-27/00441,2026-04-29 17:43,V0109,HYD,3096,125.58,388795.68,PUR-HYD-02,FC-01,Finance Controller,2026-04-30 10:25,,2026-05-25
PO/HYD/26-27/00442,2026-04-29 18:05,V0353,HYD,296,564.78,167174.88,PUR-HYD-02,FC-01,Finance Controller,2026-05-01 10:13,2026-05-07 11:04,2026-05-13
PO/HYD/26-27/00443,2026-04-29 18:10,V0439,HYD,80420,9.41,756752.20,PUR-HYD-03,CFO-01,CFO,2026-05-01 10:10,,2026-05-26
PO/HYD/26-27/00444,2026-04-29 18:26,V0432,HYD,494,45.31,22383.14,PUR-HYD-01,DM-HYD,Depot Manager,2026-05-01 10:43,,2026-05-24
PO/VJA/26-27/00215,2026-04-29 18:29,V0056,VJA,4248,279.24,1186211.52,PUR-VJA-03,CFO-01,CFO,2026-05-02 10:02,,2026-05-23
PO/VJA/26-27/00216,2026-04-29 18:46,V0304,VJA,528,564.15,297871.20,PUR-VJA-01,FC-01,Finance Controller,2026-05-01 10:10,,2026-05-06
PO/BLR/26-27/00263,2026-04-30 10:02,V0099,BLR,23,1094.32,25169.36,PUR-BLR-02,DM-BLR,Depot Manager,2026-04-30 10:08,,2026-05-11
PO/HYD/26-27/00445,2026-04-30 10:04,V0185,HYD,223,76.61,17084.03,PUR-HYD-01,DM-HYD,Depot Manager,2026-04-30 12:12,,2026-05-10
PO/HBL/26-27/00104,2026-04-30 10:05,V0128,HBL,4007,334.98,1342264.86,PUR-HBL-02,CFO-01,CFO,2026-05-02 10:33,,2026-05-30
PO/BLR/26-27/00264,2026-04-30 10:07,V0432,BLR,1137,46.60,52984.20,PUR-BLR-02,DM-BLR,Depot Manager,2026-05-01 10:02,2026-05-04 10:50,2026-05-21
PO/VJA/26-27/00217,2026-04-30 10:08,V0031,VJA,15404,59.05,909606.20,PUR-VJA-01,CFO-01,CFO,2026-05-02 10:08,,2026-05-22
PO/HYD/26-27/00446,2026-04-30 10:13,V0261,HYD,79,998.06,78846.74,PUR-HYD-02,DM-HYD,Depot Manager,2026-05-01 10:49,,2026-05-20
PO/VJA/26-27/00218,2026-04-30 10:14,V0403,VJA,82,292.72,24003.04,PUR-VJA-01,DM-VJA,Depot Manager,2026-05-01 10:34,,2026-05-26
PO/VSP/26-27/00156,2026-04-30 10:17,V0298,VSP,1074,73.79,79250.46,PUR-VSP-01,DM-VSP,Depot Manager,2026-04-30 11:37,,2026-05-16
PO/WGL/26-27/00145,2026-04-30 10:22,V0473,WGL,284,63.47,18025.48,PUR-WGL-02,DM-WGL,Depot Manager,2026-05-01 10:07,,2026-05-17
PO/HBL/26-27/00105,2026-04-30 10:24,V0187,HBL,811,82.67,67045.37,PUR-HBL-01,DM-HBL,Depot Manager,2026-04-30 10:41,,2026-05-28
PO/HYD/26-27/00447,2026-04-30 10:27,V0132,HYD,167,190.98,31893.66,PUR-HYD-03,DM-HYD,Depot Manager,2026-04-30 11:45,,2026-05-30
PO/HBL/26-27/00106,2026-04-30 10:29,V0226,HBL,1190,179.87,214045.30,PUR-HBL-02,FC-01,Finance Controller,2026-05-01 10:33,,2026-05-12
PO/HBL/26-27/00107,2026-04-30 10:31,V0163,HBL,16037,12.88,206556.56,PUR-HBL-02,FC-01,Finance Controller,2026-05-01 16:01,2026-05-02 01:05,2026-05-26
PO/HBL/26-27/00108,2026-04-30 10:31,V0114,HBL,1113,112.80,125546.40,PUR-HBL-02,FC-01,Finance Controller,2026-05-01 10:04,2026-05-04 10:00,2026-05-20
PO/HBL/26-27/00109,2026-04-30 10:32,V0471,HBL,1257,450.26,565976.82,PUR-HBL-03,CFO-01,CFO,2026-05-02 12:21,,2026-05-14
PO/HYD/26-27/00448,2026-04-30 10:34,V0176,HYD,165,1526.44,251862.60,PUR-HYD-03,FC-01,Finance Controller,2026-05-01 10:10,,2026-05-20
PO/VJA/26-27/00219,2026-04-30 10:34,V0440,VJA,93129,13.12,1221852.48,PUR-VJA-02,CFO-01,CFO,2026-05-01 14:12,,2026-05-08
PO/BLR/26-27/00265,2026-04-30 10:36,V0472,BLR,391,131.01,51224.91,PUR-BLR-03,DM-BLR,Depot Manager,2026-05-01 10:04,,2026-05-08
PO/VJA/26-27/00220,2026-04-30 10:39,V0327,VJA,12573,90.96,1143640.08,PUR-VJA-01,CFO-01,CFO,2026-05-02 14:38,,2026-05-29
PO/HBL/26-27/00110,2026-04-30 10:41,V0038,HBL,55,451.97,24858.35,PUR-HBL-01,DM-HBL,Depot Manager,2026-04-30 17:25,2026-05-02 16:15,2026-05-21
PO/HYD/26-27/00449,2026-04-30 10:44,V0395,HYD,81,355.61,28804.41,PUR-HYD-02,DM-HYD,Depot Manager,2026-04-30 12:42,2026-05-02 15:42,2026-05-11
PO/BLR/26-27/00266,2026-04-30 10:44,V0176,BLR,12100,8.96,108416.00,PUR-BLR-02,FC-01,Finance Controller,2026-05-01 10:37,,2026-05-08
PO/HYD/26-27/00450,2026-04-30 10:48,V0168,HYD,2413,30.59,73813.67,PUR-HYD-02,DM-HYD,Depot Manager,2026-05-01 10:44,,2026-05-27
PO/BLR/26-27/00267,2026-04-30 11:44,V0156,BLR,55,335.61,18458.55,PUR-BLR-01,DM-BLR,Depot Manager,2026-05-01 10:01,2026-05-05 10:22,2026-05-10
PO/VSP/26-27/00157,2026-04-30 11:48,V0055,VSP,5837,8.49,49556.13,PUR-VSP-02,DM-VSP,Depot Manager,2026-05-01 13:33,,2026-05-13
PO/HBL/26-27/00111,2026-04-30 12:28,V0079,HBL,2813,28.56,80339.28,PUR-HBL-02,DM-HBL,Depot Manager,2026-04-30 17:06,2026-05-02 10:15,2026-05-27
PO/BLR/26-27/00268,2026-04-30 12:59,V0228,BLR,2123,74.15,157420.45,PUR-BLR-01,FC-01,Finance Controller,2026-05-01 15:45,2026-05-04 10:07,2026-05-12
PO/VJA/26-27/00221,2026-04-30 14:45,V0007,VJA,59166,25.86,1530032.76,PUR-VJA-03,CFO-01,CFO,2026-05-04 10:19,,2026-05-13
PO/BLR/26-27/00269,2026-04-30 15:39,V0482,BLR,1284,100.59,129157.56,PUR-BLR-01,FC-01,Finance Controller,2026-05-02 10:25,,2026-05-09
PO/VJA/26-27/00222,2026-04-30 15:50,V0495,VJA,1700,79.00,134300.00,PUR-VJA-02,FC-01,Finance Controller,2026-05-01 10:38,,2026-05-11
PO/HYD/26-27/00451,2026-04-30 16:19,V0332,HYD,26,1124.86,29246.36,PUR-HYD-02,DM-HYD,Depot Manager,2026-05-01 10:20,,2026-05-29
PO/HBL/26-27/00112,2026-04-30 16:28,V0309,HBL,17659,13.03,230096.77,PUR-HBL-02,FC-01,Finance Controller,2026-05-01 10:40,,2026-05-23
PO/HBL/26-27/00113,2026-04-30 16:40,V0210,HBL,4908,39.82,195436.56,PUR-HBL-03,FC-01,Finance Controller,2026-05-01 10:03,,2026-05-10
PO/HBL/26-27/00114,2026-04-30 16:49,V0069,HBL,2835,36.52,103534.20,PUR-HBL-03,FC-01,Finance Controller,2026-05-02 10:44,2026-05-04 10:16,2026-05-16
PO/WGL/26-27/00146,2026-04-30 16:59,V0359,WGL,460,270.45,124407.00,PUR-WGL-01,FC-01,Finance Controller,2026-05-02 10:10,2026-05-08 10:29,2026-05-20
PO/HBL/26-27/00115,2026-04-30 17:53,V0191,HBL,100,413.14,41314.00,PUR-HBL-03,DM-HBL,Depot Manager,2026-05-01 10:30,,2026-05-16
PO/HYD/26-27/00452,2026-04-30 17:54,V0056,HYD,1049,30.20,31679.80,PUR-HYD-02,DM-HYD,Depot Manager,2026-05-01 10:33,,2026-05-20
PO/BLR/26-27/00270,2026-05-01 09:56,V0040,BLR,2005,62.16,124630.80,PUR-BLR-02,FC-01,Finance Controller,2026-05-04 10:44,2026-05-16 16:54,2026-05-19
PO/HYD/26-27/00453,2026-05-01 10:01,V0004,HYD,5764,8.50,48994.00,PUR-HYD-01,DM-HYD,Depot Manager,2026-05-01 14:37,,2026-05-10
PO/BLR/26-27/00271,2026-05-01 10:04,V0068,BLR,201,177.77,35731.77,PUR-BLR-02,DM-BLR,Depot Manager,2026-05-02 10:31,,2026-05-16
PO/VJA/26-27/00223,2026-05-01 10:04,V0110,VJA,210,135.05,28360.50,PUR-VJA-01,DM-VJA,Depot Manager,2026-05-01 15:53,2026-05-04 10:26,2026-05-12
PO/WGL/26-27/00147,2026-05-01 10:05,V0081,WGL,13472,10.91,146979.52,PUR-WGL-02,FC-01,Finance Controller,2026-05-02 10:43,2026-05-14 12:36,2026-05-24
PO/WGL/26-27/00148,2026-05-01 10:05,V0058,WGL,131,1338.60,175356.60,PUR-WGL-03,FC-01,Finance Controller,2026-05-02 10:41,,2026-05-25
PO/BLR/26-27/00272,2026-05-01 10:08,V0056,BLR,632,30.24,19111.68,PUR-BLR-02,DM-BLR,Depot Manager,2026-05-01 18:19,,2026-05-17
PO/BLR/26-27/00273,2026-05-01 10:08,V0438,BLR,1640,206.80,339152.00,PUR-BLR-01,FC-01,Finance Controller,2026-05-02 10:05,,2026-05-24
PO/VSP/26-27/00158,2026-05-01 10:10,V0310,VSP,888,335.88,298261.44,PUR-VSP-02,FC-01,Finance Controller,2026-05-02 10:43,2026-05-05 10:12,2026-05-26
PO/HYD/26-27/00454,2026-05-01 10:10,V0041,HYD,2230,29.55,65896.50,PUR-HYD-01,DM-HYD,Depot Manager,2026-05-02 10:38,2026-05-04 10:07,2026-05-30
PO/VSP/26-27/00159,2026-05-01 10:11,V0120,VSP,96429,11.09,1069397.61,PUR-VSP-01,CFO-01,CFO,2026-05-04 10:38,,2026-05-15
PO/WGL/26-27/00149,2026-05-01 10:12,V0382,WGL,31,1666.42,51659.02,PUR-WGL-03,DM-WGL,Depot Manager,2026-05-04 10:39,,2026-05-26
PO/BLR/26-27/00274,2026-05-01 10:15,V0233,BLR,66,475.98,31414.68,PUR-BLR-03,DM-BLR,Depot Manager,2026-05-02 10:33,,2026-05-17
PO/HBL/26-27/00116,2026-05-01 10:17,V0262,HBL,767,66.32,50867.44,PUR-HBL-02,DM-HBL,Depot Manager,2026-05-01 11:47,,2026-05-31
PO/HYD/26-27/00455,2026-05-01 10:22,V0097,HYD,34,1440.08,48962.72,PUR-HYD-01,DM-HYD,Depot Manager,2026-05-01 17:37,2026-05-16 10:20,2026-05-25
PO/VJA/26-27/00224,2026-05-01 10:25,V0229,VJA,15788,15.56,245661.28,PUR-VJA-02,FC-01,Finance Controller,2026-05-02 10:09,2026-05-04 10:09,2026-05-19
PO/VJA/26-27/00225,2026-05-01 10:28,V0357,VJA,782,24.48,19143.36,PUR-VJA-02,DM-VJA,Depot Manager,2026-05-02 10:39,2026-05-04 10:19,2026-05-28
PO/VJA/26-27/00226,2026-05-01 10:28,V0015,VJA,1235,29.82,36827.70,PUR-VJA-03,DM-VJA,Depot Manager,2026-05-01 14:22,2026-05-04 10:39,2026-05-19
PO/HBL/26-27/00117,2026-05-01 10:29,V0050,HBL,1178,18.84,22193.52,PUR-HBL-03,DM-HBL,Depot Manager,2026-05-01 10:38,,2026-05-18
PO/HYD/26-27/00456,2026-05-01 10:29,V0120,HYD,397,1346.87,534707.39,PUR-HYD-02,CFO-01,CFO,2026-05-04 10:41,,2026-05-19
PO/VJA/26-27/00227,2026-05-01 10:31,V0053,VJA,23437,39.53,926464.61,PUR-VJA-03,FC-01,Finance Controller,2026-05-02 10:01,,2026-05-12
PO/BLR/26-27/00275,2026-05-01 10:32,V0388,BLR,95,430.16,40865.20,PUR-BLR-02,DM-BLR,Depot Manager,2026-05-02 10:33,,2026-05-26
PO/BLR/26-27/00276,2026-05-01 10:32,V0083,BLR,9235,164.40,1518234.00,PUR-BLR-01,CFO-01,CFO,2026-05-04 10:11,,2026-05-16
PO/HBL/26-27/00118,2026-05-01 10:34,V0457,HBL,92,240.92,22164.64,PUR-HBL-01,DM-HBL,Depot Manager,2026-05-02 10:14,,2026-05-23
PO/VJA/26-27/00228,2026-05-01 10:34,V0301,VJA,250,94.96,23740.00,PUR-VJA-01,DM-VJA,Depot Manager,2026-05-01 10:42,,2026-05-13
PO/BLR/26-27/00277,2026-05-01 10:36,V0370,BLR,158,720.21,113793.18,PUR-BLR-01,FC-01,Finance Controller,2026-05-01 16:56,,2026-05-13
PO/HYD/26-27/00457,2026-05-01 10:38,V0201,HYD,1128,767.90,866191.20,PUR-HYD-01,CFO-01,CFO,2026-05-04 10:05,,2026-05-27
PO/HYD/26-27/00458,2026-05-01 10:41,V0069,HYD,559,566.08,316438.72,PUR-HYD-03,FC-01,Finance Controller,2026-05-01 12:03,,2026-05-29
PO/VSP/26-27/00160,2026-05-01 10:42,V0005,VSP,641,26.72,17127.52,PUR-VSP-01,DM-VSP,Depot Manager,2026-05-01 12:39,,2026-05-23
PO/HBL/26-27/00119,2026-05-01 10:46,V0107,HBL,5187,29.61,153587.07,PUR-HBL-03,FC-01,Finance Controller,2026-05-02 10:07,,2026-05-10
PO/HBL/26-27/00120,2026-05-01 10:46,V0067,HBL,1923,435.76,837966.48,PUR-HBL-01,CFO-01,CFO,2026-05-04 10:05,,2026-05-22
PO/HYD/26-27/00459,2026-05-01 11:02,V0437,HYD,188,986.25,185415.00,PUR-HYD-03,FC-01,Finance Controller,2026-05-02 10:31,2026-05-05 16:31,2026-05-31
PO/HYD/26-27/00460,2026-05-01 11:06,V0049,HYD,24,725.97,17423.28,PUR-HYD-01,DM-HYD,Depot Manager,2026-05-01 15:52,,2026-05-25
PO/HYD/26-27/00461,2026-05-01 11:29,V0163,HYD,4513,137.21,619228.73,PUR-HYD-03,CFO-01,CFO,2026-05-04 13:41,,2026-05-21
PO/BLR/26-27/00278,2026-05-01 11:49,V0451,BLR,357,175.35,62599.95,PUR-BLR-02,DM-BLR,Depot Manager,2026-05-04 10:32,,2026-05-29
PO/VJA/26-27/00229,2026-05-01 12:00,V0007,VJA,409,43.39,17746.51,PUR-VJA-03,DM-VJA,Depot Manager,2026-05-02 10:42,,2026-05-27
PO/VSP/26-27/00161,2026-05-01 12:11,V0016,VSP,988,331.58,327601.04,PUR-VSP-01,FC-01,Finance Controller,2026-05-01 18:49,,2026-05-19
PO/VJA/26-27/00230,2026-05-01 13:02,V0324,VJA,967,61.49,59460.83,PUR-VJA-02,DM-VJA,Depot Manager,2026-05-02 09:35,,2026-05-13
PO/BLR/26-27/00279,2026-05-01 15:13,V0153,BLR,1125,36.35,40893.75,PUR-BLR-01,DM-BLR,Depot Manager,2026-05-01 18:38,,2026-05-28
PO/HYD/26-27/00462,2026-05-01 15:36,V0358,HYD,740,1088.06,805164.40,PUR-HYD-03,CFO-01,CFO,2026-05-04 10:32,,2026-05-27
PO/HYD/26-27/00463,2026-05-01 16:05,V0142,HYD,1440,265.33,382075.20,PUR-HYD-03,FC-01,Finance Controller,2026-05-04 10:41,,2026-05-23
PO/VJA/26-27/00231,2026-05-01 18:24,V0016,VJA,18593,19.08,354754.44,PUR-VJA-03,FC-01,Finance Controller,2026-05-04 10:07,,2026-05-29
PO/BLR/26-27/00280,2026-05-01 18:44,V0176,BLR,392,56.67,22214.64,PUR-BLR-02,DM-BLR,Depot Manager,2026-05-05 10:40,,2026-05-20
PO/BLR/26-27/00281,2026-05-02 10:01,V0004,BLR,71360,13.42,957651.20,PUR-BLR-03,FC-01,Finance Controller,2026-05-04 10:41,,2026-05-24
PO/BLR/26-27/00282,2026-05-02 10:02,V0193,BLR,13,1289.62,16765.06,PUR-BLR-03,DM-BLR,Depot Manager,2026-05-06 13:17,,2026-06-01
PO/VJA/26-27/00232,2026-05-02 10:03,V0372,VJA,2579,42.04,108421.16,PUR-VJA-03,FC-01,Finance Controller,2026-05-04 10:47,,2026-05-23
PO/VJA/26-27/00233,2026-05-02 10:04,V0292,VJA,87,384.12,33418.44,PUR-VJA-02,DM-VJA,Depot Manager,2026-05-02 13:20,2026-05-06 10:32,2026-05-31
PO/HYD/26-27/00464,2026-05-02 10:06,V0077,HYD,37,807.37,29872.69,PUR-HYD-02,DM-HYD,Depot Manager,2026-05-04 10:47,,2026-05-25
PO/VSP/26-27/00162,2026-05-02 10:12,V0060,VSP,222,260.71,57877.62,PUR-VSP-01,DM-VSP,Depot Manager,2026-05-02 16:12,,2026-05-20
PO/HYD/26-27/00465,2026-05-02 10:18,V0080,HYD,234,605.82,141761.88,PUR-HYD-01,FC-01,Finance Controller,2026-05-04 10:41,2026-05-11 10:12,2026-05-27
PO/HYD/26-27/00466,2026-05-02 10:19,V0407,HYD,1569,431.77,677447.13,PUR-HYD-02,CFO-01,CFO,2026-05-04 10:41,,2026-05-11
PO/HYD/26-27/00467,2026-05-02 10:22,V0432,HYD,203,542.67,110162.01,PUR-HYD-03,FC-01,Finance Controller,2026-05-04 10:33,2026-05-13 10:28,2026-05-12
PO/BLR/26-27/00283,2026-05-02 10:22,V0424,BLR,16810,10.49,176336.90,PUR-BLR-01,FC-01,Finance Controller,2026-05-04 10:01,2026-05-04 10:13,2026-05-20
PO/WGL/26-27/00150,2026-05-02 10:23,V0063,WGL,2008,25.34,50882.72,PUR-WGL-01,DM-WGL,Depot Manager,2026-05-02 11:58,,2026-05-16
PO/HYD/26-27/00468,2026-05-02 10:31,V0119,HYD,7473,51.48,384710.04,PUR-HYD-01,FC-01,Finance Controller,2026-05-04 10:06,,2026-05-17
PO/HYD/26-27/00469,2026-05-02 10:34,V0347,HYD,22244,8.54,189963.76,PUR-HYD-02,FC-01,Finance Controller,2026-05-04 10:41,2026-05-11 10:04,2026-05-17
PO/HYD/26-27/00470,2026-05-02 10:34,V0155,HYD,6162,18.57,114428.34,PUR-HYD-03,FC-01,Finance Controller,2026-05-02 15:57,2026-05-12 22:14,2026-05-09
PO/VSP/26-27/00163,2026-05-02 10:34,V0466,VSP,30682,23.19,711515.58,PUR-VSP-02,FC-01,Finance Controller,2026-05-04 10:03,,2026-05-28
PO/HYD/26-27/00471,2026-05-02 10:34,V0117,HYD,3307,276.13,913161.91,PUR-HYD-03,FC-01,Finance Controller,2026-05-04 10:02,,2026-05-19
PO/HBL/26-27/00121,2026-05-02 10:38,V0255,HBL,306,1226.21,375220.26,PUR-HBL-02,FC-01,Finance Controller,2026-05-04 10:31,,2026-05-19
PO/WGL/26-27/00151,2026-05-02 10:41,V0105,WGL,16,958.98,15343.68,PUR-WGL-01,DM-WGL,Depot Manager,2026-05-04 10:30,2026-05-16 10:34,2026-05-20
PO/VJA/26-27/00234,2026-05-02 10:41,V0447,VJA,33,574.03,18942.99,PUR-VJA-03,DM-VJA,Depot Manager,2026-05-02 12:09,2026-05-08 10:29,2026-05-12
PO/VJA/26-27/00235,2026-05-02 10:47,V0358,VJA,3358,46.46,156012.68,PUR-VJA-02,FC-01,Finance Controller,2026-05-04 10:06,2026-05-06 10:48,2026-05-16
PO/HBL/26-27/00122,2026-05-02 10:49,V0437,HBL,13937,8.62,120136.94,PUR-HBL-03,FC-01,Finance Controller,2026-05-04 10:33,2026-05-08 13:47,2026-05-26
PO/HYD/26-27/00472,2026-05-02 10:50,V0020,HYD,170,1141.53,194060.10,PUR-HYD-01,FC-01,Finance Controller,2026-05-04 10:21,2026-05-14 10:09,2026-06-01
PO/VSP/26-27/00164,2026-05-02 10:55,V0467,VSP,5035,71.03,357636.05,PUR-VSP-02,FC-01,Finance Controller,2026-05-02 17:30,,2026-05-20
PO/HYD/26-27/00473,2026-05-02 11:06,V0258,HYD,1014,1340.45,1359216.30,PUR-HYD-03,CFO-01,CFO,2026-05-05 10:29,,2026-05-10
PO/HBL/26-27/00123,2026-05-02 11:45,V0430,HBL,2289,11.87,27170.43,PUR-HBL-02,DM-HBL,Depot Manager,2026-05-04 10:06,2026-05-11 10:18,2026-05-21
PO/VSP/26-27/00165,2026-05-02 12:30,V0004,VSP,326,246.01,80199.26,PUR-VSP-01,DM-VSP,Depot Manager,2026-05-02 15:32,,2026-05-28
PO/BLR/26-27/00284,2026-05-02 12:41,V0272,BLR,2474,17.56,43443.44,PUR-BLR-03,DM-BLR,Depot Manager,2026-05-02 14:17,,2026-05-21
PO/BLR/26-27/00285,2026-05-02 12:47,V0120,BLR,128,631.72,80860.16,PUR-BLR-01,DM-BLR,Depot Manager,2026-05-04 10:39,,2026-05-18
PO/HYD/26-27/00474,2026-05-02 13:15,V0107,HYD,4127,38.01,156867.27,PUR-HYD-01,FC-01,Finance Controller,2026-05-04 10:41,2026-05-16 10:10,2026-05-31
PO/HYD/26-27/00475,2026-05-02 13:40,V0146,HYD,3571,15.88,56707.48,PUR-HYD-01,DM-HYD,Depot Manager,2026-05-04 10:10,,2026-05-14
PO/VSP/26-27/00166,2026-05-02 15:25,V0198,VSP,25501,8.81,224663.81,PUR-VSP-02,FC-01,Finance Controller,2026-05-04 10:44,2026-05-07 10:13,2026-05-24
PO/VSP/26-27/00167,2026-05-02 15:58,V0067,VSP,76,161.10,12243.60,PUR-VSP-03,DM-VSP,Depot Manager,2026-05-04 10:36,2026-05-08 09:43,2026-05-24
PO/HYD/26-27/00476,2026-05-02 16:53,V0056,HYD,2575,40.86,105214.50,PUR-HYD-03,FC-01,Finance Controller,2026-05-04 10:19,,2026-05-23
PO/VSP/26-27/00168,2026-05-02 17:36,V0245,VSP,9250,58.87,544547.50,PUR-VSP-02,CFO-01,CFO,2026-05-04 12:37,,2026-05-18
PO/VSP/26-27/00169,2026-05-02 17:43,V0152,VSP,124,135.17,16761.08,PUR-VSP-01,DM-VSP,Depot Manager,2026-05-04 10:37,,2026-05-12
PO/HYD/26-27/00477,2026-05-02 18:14,V0093,HYD,18113,18.07,327301.91,PUR-HYD-02,FC-01,Finance Controller,2026-05-04 10:45,,2026-05-21
PO/BLR/26-27/00286,2026-05-03 08:37,V0320,BLR,369,57.23,21117.87,PUR-BLR-01,DM-BLR,Depot Manager,2026-05-03 17:03,2026-05-04 01:37,2026-05-25
PO/VJA/26-27/00236,2026-05-04 10:01,V0049,VJA,2437,12.32,30023.84,PUR-VJA-03,DM-VJA,Depot Manager,2026-05-05 13:27,,2026-05-21
PO/HYD/26-27/00478,2026-05-04 10:01,V0481,HYD,2718,411.53,1118538.54,PUR-HYD-02,CFO-01,CFO,2026-05-06 14:34,,2026-05-29
PO/VJA/26-27/00237,2026-05-04 10:02,V0256,VJA,1232,9.42,11605.44,PUR-VJA-03,DM-VJA,Depot Manager,2026-05-04 10:20,2026-05-15 12:08,2026-06-03
PO/HYD/26-27/00479,2026-05-04 10:02,V0329,HYD,176,292.66,51508.16,PUR-HYD-03,DM-HYD,Depot Manager,2026-05-04 10:33,2026-05-05 10:22,
PO/VJA/26-27/00238,2026-05-04 10:03,V0068,VJA,5292,12.27,64932.84,PUR-VJA-01,DM-VJA,Depot Manager,2026-05-04 10:34,2026-05-13 16:31,2026-05-26
PO/VSP/26-27/00170,2026-05-04 10:03,V0497,VSP,7314,24.54,179485.56,PUR-VSP-03,FC-01,Finance Controller,2026-05-04 15:28,2026-05-13 15:42,2026-05-14
PO/HYD/26-27/00480,2026-05-04 10:05,V0153,HYD,207,392.45,81237.15,PUR-HYD-01,DM-HYD,Depot Manager,2026-05-04 10:36,,2026-05-18
PO/WGL/26-27/00152,2026-05-04 10:05,V0081,WGL,51,337.30,17202.30,PUR-WGL-01,DM-WGL,Depot Manager,2026-05-04 10:18,,2026-05-15
PO/HYD/26-27/00481,2026-05-04 10:06,V0440,HYD,14081,23.34,328650.54,PUR-HYD-01,FC-01,Finance Controller,2026-05-05 10:06,,2026-05-28
PO/HYD/26-27/00482,2026-05-04 10:06,V0373,HYD,476,62.70,29845.20,PUR-HYD-01,DM-HYD,Depot Manager,2026-05-09 10:28,,2026-05-13
PO/BLR/26-27/00287,2026-05-04 10:06,V0043,BLR,695,171.06,118886.70,PUR-BLR-02,FC-01,Finance Controller,2026-05-05 10:47,,2026-05-28
PO/HYD/26-27/00483,2026-05-04 10:07,V0377,HYD,1174,238.21,279658.54,PUR-HYD-01,FC-01,Finance Controller,2026-05-04 11:44,,2026-05-28
PO/VSP/26-27/00171,2026-05-04 10:07,V0105,VSP,22824,68.00,1552032.00,PUR-VSP-02,CFO-01,CFO,2026-05-05 10:38,,2026-05-31
PO/HBL/26-27/00124,2026-05-04 10:09,V0402,HBL,780,20.76,16192.80,PUR-HBL-01,DM-HBL,Depot Manager,2026-05-04 10:42,2026-05-10 10:20,2026-05-12
PO/WGL/26-27/00153,2026-05-04 10:09,V0416,WGL,2045,150.46,307690.70,PUR-WGL-03,FC-01,Finance Controller,2026-05-04 13:11,,2026-05-17
PO/HYD/26-27/00484,2026-05-04 10:12,V0363,HYD,1024,811.92,831406.08,PUR-HYD-01,FC-01,Finance Controller,2026-05-05 10:29,,2026-06-03
PO/VJA/26-27/00239,2026-05-04 10:12,V0479,VJA,11892,52.72,626946.24,PUR-VJA-02,CFO-01,CFO,2026-05-06 15:01,,2026-05-23
PO/WGL/26-27/00154,2026-05-04 10:14,V0049,WGL,2703,15.15,40950.45,PUR-WGL-01,DM-WGL,Depot Manager,2026-05-04 10:31,,2026-05-25
PO/HYD/26-27/00485,2026-05-04 10:14,V0045,HYD,2144,49.26,105613.44,PUR-HYD-01,FC-01,Finance Controller,2026-05-04 14:31,,2026-05-11
PO/HYD/26-27/00486,2026-05-04 10:15,V0081,HYD,1580,25.31,39989.80,PUR-HYD-03,DM-HYD,Depot Manager,2026-05-04 11:45,,2026-05-14
PO/WGL/26-27/00155,2026-05-04 10:16,V0417,WGL,1187,126.83,150547.21,PUR-WGL-03,FC-01,Finance Controller,2026-05-06 10:42,2026-05-18 10:18,2026-05-17
PO/WGL/26-27/00156,2026-05-04 10:17,V0226,WGL,7831,15.31,119892.61,PUR-WGL-03,FC-01,Finance Controller,2026-05-07 10:36,,2026-05-12
PO/WGL/26-27/00157,2026-05-04 10:17,V0368,WGL,26,753.43,19589.18,PUR-WGL-03,DM-WGL,Depot Manager,2026-05-04 10:41,,2026-05-17
PO/VJA/26-27/00240,2026-05-04 10:18,V0496,VJA,35233,9.31,328019.23,PUR-VJA-03,FC-01,Finance Controller,2026-05-04 15:10,,2026-06-01
PO/HYD/26-27/00487,2026-05-04 10:19,V0019,HYD,177,110.38,19537.26,PUR-HYD-02,DM-HYD,Depot Manager,2026-05-04 10:36,2026-05-11 10:14,2026-05-17
PO/VJA/26-27/00241,2026-05-04 10:20,V0116,VJA,14034,40.46,567815.64,PUR-VJA-02,CFO-01,CFO,2026-05-05 10:26,,2026-05-14
PO/VSP/26-27/00172,2026-05-04 10:20,V0073,VSP,5769,10.24,59074.56,PUR-VSP-02,DM-VSP,Depot Manager,2026-05-04 10:51,,2026-05-15
PO/BLR/26-27/00288,2026-05-04 10:21,V0315,BLR,182,123.48,22473.36,PUR-BLR-03,DM-BLR,Depot Manager,2026-05-05 10:16,,2026-05-12
PO/VSP/26-27/00173,2026-05-04 10:21,V0204,VSP,3571,38.95,139090.45,PUR-VSP-02,FC-01,Finance Controller,2026-05-04 10:39,,2026-05-16
PO/VSP/26-27/00174,2026-05-04 10:21,V0349,VSP,3868,33.65,130158.20,PUR-VSP-01,FC-01,Finance Controller,2026-05-04 10:47,,2026-06-03
PO/VJA/26-27/00242,2026-05-04 10:22,V0036,VJA,12663,27.59,349372.17,PUR-VJA-02,FC-01,Finance Controller,2026-05-04 11:36,,2026-05-15
PO/HYD/26-27/00488,2026-05-04 10:22,V0049,HYD,1516,19.69,29850.04,PUR-HYD-02,DM-HYD,Depot Manager,2026-05-04 10:59,2026-05-07 16:55,2026-05-18
PO/HYD/26-27/00489,2026-05-04 10:24,V0160,HYD,566,213.43,120801.38,PUR-HYD-01,FC-01,Finance Controller,2026-05-06 10:32,2026-05-15 18:52,2026-05-15
PO/VJA/26-27/00243,2026-05-04 10:24,V0038,VJA,52543,26.22,1377677.46,PUR-VJA-02,CFO-01,CFO,2026-05-06 10:01,,2026-05-26
PO/HYD/26-27/00490,2026-05-04 10:24,V0152,HYD,1144,1298.49,1485472.56,PUR-HYD-03,CFO-01,CFO,2026-05-06 10:30,,2026-05-30
PO/HYD/26-27/00491,2026-05-04 10:24,V0121,HYD,1566,194.91,305229.06,PUR-HYD-02,FC-01,Finance Controller,2026-05-04 10:25,,2026-05-18
PO/HYD/26-27/00492,2026-05-04 10:24,V0380,HYD,195,1291.23,251789.85,PUR-HYD-03,FC-01,Finance Controller,2026-05-04 11:37,,2026-05-18
PO/HYD/26-27/00493,2026-05-04 10:24,V0479,HYD,217,1453.99,315515.83,PUR-HYD-02,FC-01,Finance Controller,2026-05-04 10:43,,2026-05-17
PO/VJA/26-27/00244,2026-05-04 10:25,V0452,VJA,200,235.72,47144.00,PUR-VJA-03,DM-VJA,Depot Manager,2026-05-05 10:00,,2026-05-31
PO/HYD/26-27/00494,2026-05-04 10:25,V0031,HYD,1249,157.13,196255.37,PUR-HYD-03,FC-01,Finance Controller,2026-05-06 10:16,2026-05-09 16:46,2026-05-18
PO/BLR/26-27/00289,2026-05-04 10:26,V0349,BLR,3663,30.97,113443.11,PUR-BLR-03,FC-01,Finance Controller,2026-05-04 11:54,,2026-05-23
PO/BLR/26-27/00290,2026-05-04 10:26,V0481,BLR,29,1048.75,30413.75,PUR-BLR-03,DM-BLR,Depot Manager,2026-05-04 11:42,2026-05-08 16:17,2026-05-19
PO/HYD/26-27/00495,2026-05-04 10:27,V0027,HYD,699,444.32,310579.68,PUR-HYD-01,FC-01,Finance Controller,2026-05-05 10:04,,2026-05-31
PO/WGL/26-27/00158,2026-05-04 10:29,V0106,WGL,6688,143.45,959393.60,PUR-WGL-02,CFO-01,CFO,2026-05-04 10:34,,2026-05-21
PO/WGL/26-27/00159,2026-05-04 10:31,V0486,WGL,71,1150.58,81691.18,PUR-WGL-03,DM-WGL,Depot Manager,2026-05-04 13:02,2026-05-09 12:13,2026-05-14
PO/HYD/26-27/00496,2026-05-04 10:32,V0047,HYD,38,1153.69,43840.22,PUR-HYD-01,DM-HYD,Depot Manager,2026-05-04 12:14,,2026-05-19
PO/HYD/26-27/00497,2026-05-04 10:32,V0069,HYD,2232,152.51,340402.32,PUR-HYD-03,FC-01,Finance Controller,2026-05-04 17:50,,2026-06-02
PO/VJA/26-27/00245,2026-05-04 10:33,V0051,VJA,1364,288.51,393527.64,PUR-VJA-02,FC-01,Finance Controller,2026-05-06 10:04,,2026-05-18
PO/HBL/26-27/00125,2026-05-04 10:36,V0049,HBL,66995,13.47,902422.65,PUR-HBL-02,FC-01,Finance Controller,2026-05-05 10:40,,2026-05-31
PO/HYD/26-27/00498,2026-05-04 10:38,V0224,HYD,10425,33.48,349029.00,PUR-HYD-01,FC-01,Finance Controller,2026-05-05 10:45,,2026-05-23
PO/HYD/26-27/00499,2026-05-04 10:38,V0389,HYD,464,1617.76,750640.64,PUR-HYD-02,CFO-01,CFO,2026-05-05 10:05,,2026-05-27
PO/VSP/26-27/00175,2026-05-04 10:39,V0426,VSP,63,289.09,18212.67,PUR-VSP-03,DM-VSP,Depot Manager,2026-05-04 11:57,,2026-05-12
PO/HYD/26-27/00500,2026-05-04 10:41,V0168,HYD,3611,51.32,185316.52,PUR-HYD-02,FC-01,Finance Controller,2026-05-05 18:17,2026-05-14 10:02,2026-05-11
PO/VJA/26-27/00246,2026-05-04 10:41,V0074,VJA,1091,593.96,648010.36,PUR-VJA-03,FC-01,Finance Controller,2026-05-05 18:41,,2026-06-01
PO/BLR/26-27/00291,2026-05-04 10:45,V0082,BLR,209,171.96,35939.64,PUR-BLR-03,DM-BLR,Depot Manager,2026-05-04 12:35,,2026-05-27
PO/VSP/26-27/00176,2026-05-04 10:46,V0461,VSP,53,671.82,35606.46,PUR-VSP-03,DM-VSP,Depot Manager,2026-05-04 11:24,,2026-05-26
PO/VJA/26-27/00247,2026-05-04 10:47,V0210,VJA,387,373.37,144494.19,PUR-VJA-03,FC-01,Finance Controller,2026-05-07 10:28,,2026-05-22
PO/HYD/26-27/00501,2026-05-04 10:49,V0049,HYD,418,252.70,105628.60,PUR-HYD-01,FC-01,Finance Controller,2026-05-05 10:43,2026-05-19 10:44,2026-05-26
PO/BLR/26-27/00292,2026-05-04 10:49,V0053,BLR,105,472.49,49611.45,PUR-BLR-01,DM-BLR,Depot Manager,2026-05-05 10:50,,2026-05-30
PO/BLR/26-27/00293,2026-05-04 10:50,V0030,BLR,1906,54.71,104277.26,PUR-BLR-03,FC-01,Finance Controller,2026-05-04 12:15,,2026-05-15
PO/VJA/26-27/00248,2026-05-04 11:25,V0029,VJA,785,67.75,53183.75,PUR-VJA-01,DM-VJA,Depot Manager,2026-05-05 10:03,2026-05-13 14:10,2026-05-16
PO/HYD/26-27/00502,2026-05-04 11:39,V0104,HYD,683,127.87,87335.21,PUR-HYD-03,DM-HYD,Depot Manager,2026-05-07 10:14,,2026-05-23
PO/HYD/26-27/00503,2026-05-04 11:43,V0178,HYD,12811,31.23,400087.53,PUR-HYD-03,FC-01,Finance Controller,2026-05-04 13:21,,2026-05-12
PO/HBL/26-27/00126,2026-05-04 11:50,V0130,HBL,893,49.50,44203.50,PUR-HBL-01,DM-HBL,Depot Manager,2026-05-07 10:35,,2026-05-21
PO/VSP/26-27/00177,2026-05-04 12:10,V0419,VSP,120,288.93,34671.60,PUR-VSP-02,DM-VSP,Depot Manager,2026-05-04 12:41,,2026-05-25
PO/HYD/26-27/00504,2026-05-04 12:11,V0072,HYD,3251,9.12,29649.12,PUR-HYD-03,DM-HYD,Depot Manager,2026-05-05 10:01,,
PO/HYD/26-27/00505,2026-05-04 12:31,V0366,HYD,1104,215.92,238375.68,PUR-HYD-01,FC-01,Finance Controller,2026-05-04 13:17,,2026-05-11
PO/BLR/26-27/00294,2026-05-04 12:55,V0166,BLR,2591,418.50,1084333.50,PUR-BLR-02,FC-01,Finance Controller,2026-05-04 17:51,,2026-06-02
PO/VSP/26-27/00178,2026-05-04 13:41,V0057,VSP,9978,67.66,675111.48,PUR-VSP-03,CFO-01,CFO,2026-05-06 10:19,,2026-05-25
PO/VJA/26-27/00249,2026-05-04 14:59,V0378,VJA,22884,48.07,1100033.88,PUR-VJA-03,CFO-01,CFO,2026-05-05 15:56,,2026-05-27
PO/BLR/26-27/00295,2026-05-04 15:38,V0043,BLR,3076,457.54,1407393.04,PUR-BLR-03,FC-01,Finance Controller,2026-05-06 10:55,,2026-05-31
PO/WGL/26-27/00160,2026-05-04 15:41,V0233,WGL,16946,38.22,647676.12,PUR-WGL-02,CFO-01,CFO,2026-05-06 10:26,,2026-05-25
PO/WGL/26-27/00161,2026-05-04 16:10,V0287,WGL,804,24.56,19746.24,PUR-WGL-02,DM-WGL,Depot Manager,2026-05-05 10:17,2026-05-11 10:35,2026-06-01
PO/WGL/26-27/00162,2026-05-04 16:54,V0073,WGL,741,22.03,16324.23,PUR-WGL-02,DM-WGL,Depot Manager,2026-05-05 10:25,,2026-05-27
PO/WGL/26-27/00163,2026-05-04 17:18,V0064,WGL,28,327.10,9158.80,PUR-WGL-01,DM-WGL,Depot Manager,2026-05-05 11:46,2026-05-07 10:10,2026-05-13
PO/VSP/26-27/00179,2026-05-04 17:26,V0230,VSP,1559,17.66,27531.94,PUR-VSP-01,DM-VSP,Depot Manager,2026-05-05 10:29,,2026-05-22
PO/WGL/26-27/00164,2026-05-04 17:44,V0079,WGL,7,1362.89,9540.23,PUR-WGL-01,DM-WGL,Depot Manager,2026-05-05 10:17,2026-05-11 10:44,2026-05-13
PO/HYD/26-27/00506,2026-05-04 18:12,V0040,HYD,4440,15.29,67887.60,PUR-HYD-02,DM-HYD,Depot Manager,2026-05-05 10:03,,2026-06-02
PO/HYD/26-27/00507,2026-05-04 18:13,V0048,HYD,136,293.79,39955.44,PUR-HYD-03,DM-HYD,Depot Manager,2026-05-05 10:05,,2026-05-11
PO/VSP/26-27/00180,2026-05-04 18:22,V0265,VSP,6297,114.94,723777.18,PUR-VSP-03,CFO-01,CFO,2026-05-06 19:38,,2026-05-30
PO/HYD/26-27/00508,2026-05-05 09:43,V0305,HYD,14622,26.56,388360.32,PUR-HYD-03,FC-01,Finance Controller,2026-05-07 10:28,,2026-05-12
PO/HYD/26-27/00509,2026-05-05 10:01,V0171,HYD,1587,977.08,1550625.96,PUR-HYD-02,CFO-01,CFO,2026-05-07 17:06,,2026-05-30
PO/HYD/26-27/00510,2026-05-05 10:02,V0063,HYD,1402,85.76,120235.52,PUR-HYD-03,FC-01,Finance Controller,2026-05-06 12:14,,2026-06-03
PO/WGL/26-27/00165,2026-05-05 10:03,V0422,WGL,70,1050.68,73547.60,PUR-WGL-02,DM-WGL,Depot Manager,2026-05-08 10:06,,2026-05-29
PO/HYD/26-27/00511,2026-05-05 10:04,V0247,HYD,244,946.09,230845.96,PUR-HYD-03,FC-01,Finance Controller,2026-05-06 15:31,,2026-05-26
PO/HYD/26-27/00512,2026-05-05 10:05,V0063,HYD,71,1697.71,120537.41,PUR-HYD-02,FC-01,Finance Controller,2026-05-06 10:25,2026-05-11 10:35,2026-06-01
PO/HYD/26-27/00513,2026-05-05 10:11,V0276,HYD,39,779.63,30405.57,PUR-HYD-02,DM-HYD,Depot Manager,2026-05-05 10:18,2026-05-13 12:54,2026-05-23
PO/HBL/26-27/00127,2026-05-05 10:12,V0145,HBL,1287,54.45,70077.15,PUR-HBL-02,DM-HBL,Depot Manager,2026-05-05 10:48,,2026-05-17
PO/WGL/26-27/00166,2026-05-05 10:19,V0367,WGL,229,43.91,10055.39,PUR-WGL-03,DM-WGL,Depot Manager,2026-05-05 11:59,2026-05-16 18:49,2026-05-30
PO/HYD/26-27/00514,2026-05-05 10:19,V0229,HYD,40,1153.09,46123.60,PUR-HYD-03,DM-HYD,Depot Manager,2026-05-05 14:07,2026-05-11 10:16,2026-05-30
PO/HYD/26-27/00515,2026-05-05 10:20,V0485,HYD,3042,95.65,290967.30,PUR-HYD-02,FC-01,Finance Controller,2026-05-06 10:39,,2026-05-17
PO/BLR/26-27/00296,2026-05-05 10:23,V0444,BLR,4744,41.35,196164.40,PUR-BLR-02,FC-01,Finance Controller,2026-05-06 10:48,,2026-05-23
PO/HYD/26-27/00516,2026-05-05 10:25,V0028,HYD,398,38.92,15490.16,PUR-HYD-02,DM-HYD,Depot Manager,2026-05-05 14:06,2026-05-15 10:22,2026-05-27
PO/WGL/26-27/00167,2026-05-05 10:25,V0331,WGL,591,1024.43,605438.13,PUR-WGL-03,CFO-01,CFO,2026-05-06 14:50,,2026-05-31
PO/WGL/26-27/00168,2026-05-05 10:26,V0239,WGL,769,28.01,21539.69,PUR-WGL-01,DM-WGL,Depot Manager,2026-05-05 16:36,,2026-05-25
PO/HBL/26-27/00128,2026-05-05 10:27,V0033,HBL,359,116.86,41952.74,PUR-HBL-01,DM-HBL,Depot Manager,2026-05-06 12:06,,2026-05-21
PO/BLR/26-27/00297,2026-05-05 10:27,V0086,BLR,4226,357.49,1510752.74,PUR-BLR-01,FC-01,Finance Controller,2026-05-07 10:09,,2026-05-23
PO/HYD/26-27/00517,2026-05-05 10:32,V0027,HYD,1262,24.83,31335.46,PUR-HYD-02,DM-HYD,Depot Manager,2026-05-05 12:33,2026-05-21 10:52,2026-05-25
PO/VSP/26-27/00181,2026-05-05 10:35,V0327,VSP,78,639.01,49842.78,PUR-VSP-03,DM-VSP,Depot Manager,2026-05-07 10:33,,2026-06-01
PO/WGL/26-27/00169,2026-05-05 10:36,V0174,WGL,263,267.66,70394.58,PUR-WGL-02,DM-WGL,Depot Manager,2026-05-05 11:12,,2026-06-01
PO/HBL/26-27/00129,2026-05-05 10:38,V0408,HBL,5958,8.75,52132.50,PUR-HBL-01,DM-HBL,Depot Manager,2026-05-05 12:26,2026-05-11 10:17,2026-05-17
PO/VJA/26-27/00250,2026-05-05 10:39,V0351,VJA,7787,90.90,707838.30,PUR-VJA-03,CFO-01,CFO,2026-05-06 10:33,,2026-05-19
PO/HBL/26-27/00130,2026-05-05 10:40,V0239,HBL,89,486.26,43277.14,PUR-HBL-02,DM-HBL,Depot Manager,2026-05-05 16:16,,2026-05-31
PO/WGL/26-27/00170,2026-05-05 10:44,V0266,WGL,218,88.03,19190.54,PUR-WGL-02,DM-WGL,Depot Manager,2026-05-06 18:45,,2026-05-26
PO/BLR/26-27/00298,2026-05-05 10:44,V0465,BLR,183,762.88,139607.04,PUR-BLR-02,FC-01,Finance Controller,2026-05-06 10:13,,2026-05-31
PO/WGL/26-27/00171,2026-05-05 10:49,V0479,WGL,704,254.42,179111.68,PUR-WGL-01,FC-01,Finance Controller,2026-05-06 10:14,,2026-05-17
PO/HYD/26-27/00518,2026-05-05 11:47,V0292,HYD,353,710.66,250862.98,PUR-HYD-02,FC-01,Finance Controller,2026-05-06 10:50,,2026-05-29
PO/WGL/26-27/00172,2026-05-05 11:58,V0179,WGL,10184,24.72,251748.48,PUR-WGL-03,FC-01,Finance Controller,2026-05-07 10:14,2026-05-14 10:23,2026-05-31
PO/BLR/26-27/00299,2026-05-05 12:36,V0471,BLR,80,821.93,65754.40,PUR-BLR-02,DM-BLR,Depot Manager,2026-05-05 18:28,2026-05-14 15:12,2026-05-16
PO/HYD/26-27/00519,2026-05-05 12:41,V0394,HYD,1567,672.98,1054559.66,PUR-HYD-01,FC-01,Finance Controller,2026-05-06 15:29,,2026-05-19
PO/HYD/26-27/00520,2026-05-05 12:46,V0471,HYD,5027,66.49,334245.23,PUR-HYD-01,FC-01,Finance Controller,2026-05-06 10:47,,2026-06-01
PO/HYD/26-27/00521,2026-05-05 13:13,V0473,HYD,20150,34.97,704645.50,PUR-HYD-02,CFO-01,CFO,2026-05-08 18:38,,2026-05-12
PO/VJA/26-27/00251,2026-05-05 14:10,V0229,VJA,3396,12.13,41193.48,PUR-VJA-01,DM-VJA,Depot Manager,2026-05-05 17:25,,2026-05-17
PO/BLR/26-27/00300,2026-05-05 14:16,V0048,BLR,129,368.34,47515.86,PUR-BLR-03,DM-BLR,Depot Manager,2026-05-06 10:29,,2026-06-03
PO/WGL/26-27/00173,2026-05-05 14:48,V0058,WGL,3205,98.54,315820.70,PUR-WGL-01,FC-01,Finance Controller,2026-05-07 10:41,,2026-05-13
PO/VSP/26-27/00182,2026-05-05 15:16,V0151,VSP,149,182.46,27186.54,PUR-VSP-03,DM-VSP,Depot Manager,2026-05-06 13:02,,2026-05-13
PO/HYD/26-27/00522,2026-05-05 15:51,V0033,HYD,4272,90.82,387983.04,PUR-HYD-03,FC-01,Finance Controller,2026-05-08 10:29,,2026-05-27
PO/BLR/26-27/00301,2026-05-05 16:09,V0149,BLR,2302,32.11,73917.22,PUR-BLR-01,DM-BLR,Depot Manager,2026-05-06 16:07,,2026-05-14
PO/HYD/26-27/00523,2026-05-05 17:23,V0291,HYD,18,1184.01,21312.18,PUR-HYD-01,DM-HYD,Depot Manager,2026-05-06 10:12,,2026-06-01
PO/HYD/26-27/00524,2026-05-05 18:05,V0013,HYD,144,418.97,60331.68,PUR-HYD-03,DM-HYD,Depot Manager,2026-05-06 12:41,2026-05-11 15:14,2026-05-22
PO/HYD/26-27/00525,2026-05-06 10:01,V0124,HYD,6089,46.46,282894.94,PUR-HYD-03,FC-01,Finance Controller,2026-05-08 10:50,2026-05-12 10:44,2026-05-25
PO/HYD/26-27/00526,2026-05-06 10:07,V0300,HYD,1649,149.72,246888.28,PUR-HYD-03,FC-01,Finance Controller,2026-05-07 10:00,,2026-05-18
PO/VJA/26-27/00252,2026-05-06 10:07,V0005,VJA,220,187.13,41168.60,PUR-VJA-01,DM-VJA,Depot Manager,2026-05-06 13:49,,2026-06-05
PO/VSP/26-27/00183,2026-05-06 10:09,V0037,VSP,27125,11.51,312208.75,PUR-VSP-02,FC-01,Finance Controller,2026-05-07 16:26,2026-05-11 10:01,2026-05-31
PO/BLR/26-27/00302,2026-05-06 10:10,V0148,BLR,524,97.17,50917.08,PUR-BLR-01,DM-BLR,Depot Manager,2026-05-06 10:16,2026-05-09 13:33,2026-05-21
PO/WGL/26-27/00174,2026-05-06 10:11,V0284,WGL,1026,1361.19,1396580.94,PUR-WGL-01,FC-01,Finance Controller,2026-05-06 10:56,,2026-05-25
PO/HYD/26-27/00527,2026-05-06 10:15,V0029,HYD,239,975.82,233220.98,PUR-HYD-02,FC-01,Finance Controller,2026-05-07 10:26,,2026-06-05
PO/HYD/26-27/00528,2026-05-06 10:19,V0172,HYD,62,1391.63,86281.06,PUR-HYD-03,DM-HYD,Depot Manager,2026-05-07 10:26,,2026-05-14
PO/HYD/26-27/00529,2026-05-06 10:19,V0345,HYD,10499,71.48,750468.52,PUR-HYD-02,CFO-01,CFO,2026-05-07 17:07,,2026-05-21
PO/HYD/26-27/00530,2026-05-06 10:20,V0346,HYD,377,52.42,19762.34,PUR-HYD-02,DM-HYD,Depot Manager,2026-05-06 11:28,,2026-05-18
PO/HYD/26-27/00531,2026-05-06 10:20,V0489,HYD,987,34.71,34258.77,PUR-HYD-01,DM-HYD,Depot Manager,2026-05-06 12:34,2026-05-08 23:22,2026-05-21
PO/BLR/26-27/00303,2026-05-06 10:25,V0041,BLR,740,39.25,29045.00,PUR-BLR-03,DM-BLR,Depot Manager,2026-05-06 16:42,2026-05-11 13:47,2026-05-29
PO/VJA/26-27/00253,2026-05-06 10:26,V0431,VJA,20,1344.60,26892.00,PUR-VJA-01,DM-VJA,Depot Manager,2026-05-06 10:39,,2026-05-31
PO/HYD/26-27/00532,2026-05-06 10:27,V0330,HYD,1029,67.32,69272.28,PUR-HYD-03,DM-HYD,Depot Manager,2026-05-06 10:49,2026-05-16 10:28,2026-05-13
PO/HYD/26-27/00533,2026-05-06 10:27,V0002,HYD,443,934.60,414027.80,PUR-HYD-01,FC-01,Finance Controller,2026-05-07 12:55,,2026-06-01
PO/VJA/26-27/00254,2026-05-06 10:35,V0001,VJA,19689,68.81,1354800.09,PUR-VJA-03,CFO-01,CFO,2026-05-07 09:30,,2026-05-16
PO/HYD/26-27/00534,2026-05-06 10:36,V0058,HYD,186,821.87,152867.82,PUR-HYD-02,FC-01,Finance Controller,2026-05-07 14:36,2026-05-08 00:11,2026-05-24
PO/VJA/26-27/00255,2026-05-06 10:36,V0057,VJA,2202,124.56,274281.12,PUR-VJA-03,FC-01,Finance Controller,2026-05-07 10:42,,2026-05-30
PO/BLR/26-27/00304,2026-05-06 10:36,V0183,BLR,196,120.64,23645.44,PUR-BLR-02,DM-BLR,Depot Manager,2026-05-06 11:05,,2026-05-30
PO/VJA/26-27/00256,2026-05-06 10:39,V0298,VJA,16986,22.18,376749.48,PUR-VJA-01,FC-01,Finance Controller,2026-05-07 10:12,,2026-05-25
PO/HYD/26-27/00535,2026-05-06 10:40,V0213,HYD,40522,10.09,408866.98,PUR-HYD-03,FC-01,Finance Controller,2026-05-07 10:48,,2026-05-25
PO/HYD/26-27/00536,2026-05-06 10:41,V0273,HYD,1410,34.76,49011.60,PUR-HYD-03,DM-HYD,Depot Manager,2026-05-06 15:37,2026-05-09 10:35,2026-05-30
PO/HYD/26-27/00537,2026-05-06 10:41,V0237,HYD,5052,114.60,578959.20,PUR-HYD-01,CFO-01,CFO,2026-05-08 10:26,,2026-05-13
PO/HYD/26-27/00538,2026-05-06 10:45,V0479,HYD,55126,27.07,1492260.82,PUR-HYD-02,CFO-01,CFO,2026-05-07 11:47,,2026-05-24
PO/BLR/26-27/00305,2026-05-06 10:49,V0253,BLR,1357,11.78,15985.46,PUR-BLR-01,DM-BLR,Depot Manager,2026-05-06 12:07,,2026-05-25
PO/VSP/26-27/00184,2026-05-06 10:57,V0315,VSP,790,91.46,72253.40,PUR-VSP-01,DM-VSP,Depot Manager,2026-05-08 13:00,,2026-06-03
PO/HYD/26-27/00539,2026-05-06 10:59,V0004,HYD,33404,18.57,620312.28,PUR-HYD-03,CFO-01,CFO,2026-05-09 10:44,,2026-05-22
PO/WGL/26-27/00175,2026-05-06 12:34,V0446,WGL,923,831.99,767926.77,PUR-WGL-01,FC-01,Finance Controller,2026-05-07 16:57,,2026-06-04
PO/HYD/26-27/00540,2026-05-06 12:39,V0143,HYD,67,306.12,20510.04,PUR-HYD-02,DM-HYD,Depot Manager,2026-05-07 10:37,,2026-05-19
PO/BLR/26-27/00306,2026-05-06 12:40,V0363,BLR,2683,15.29,41023.07,PUR-BLR-03,DM-BLR,Depot Manager,2026-05-07 10:45,,2026-06-04
PO/BLR/26-27/00307,2026-05-06 13:38,V0022,BLR,25861,8.41,217491.01,PUR-BLR-03,FC-01,Finance Controller,2026-05-07 10:46,,2026-05-18
PO/HYD/26-27/00541,2026-05-06 14:21,V0023,HYD,19,1038.14,19724.66,PUR-HYD-03,DM-HYD,Depot Manager,2026-05-07 10:06,,2026-05-28
PO/HYD/26-27/00542,2026-05-06 14:26,V0029,HYD,1182,87.89,103885.98,PUR-HYD-02,FC-01,Finance Controller,2026-05-07 10:30,,2026-05-18
PO/VJA/26-27/00257,2026-05-06 15:31,V0423,VJA,373,483.11,180200.03,PUR-VJA-02,FC-01,Finance Controller,2026-05-07 10:39,2026-05-09 10:21,2026-05-22
PO/VJA/26-27/00258,2026-05-06 17:27,V0220,VJA,1952,11.44,22330.88,PUR-VJA-01,DM-VJA,Depot Manager,2026-05-07 10:42,,2026-05-31
PO/HYD/26-27/00543,2026-05-06 18:06,V0089,HYD,209,806.71,168602.39,PUR-HYD-03,FC-01,Finance Controller,2026-05-08 16:44,,2026-06-05
PO/HYD/26-27/00544,2026-05-07 10:00,V0008,HYD,41209,8.65,356457.85,PUR-HYD-01,FC-01,Finance Controller,2026-05-07 15:15,,2026-06-03
PO/BLR/26-27/00308,2026-05-07 10:00,V0131,BLR,49,416.58,20412.42,PUR-BLR-03,DM-BLR,Depot Manager,2026-05-07 14:00,,2026-06-02
PO/VJA/26-27/00259,2026-05-07 10:00,V0388,VJA,775,77.71,60225.25,PUR-VJA-02,DM-VJA,Depot Manager,2026-05-07 17:54,,2026-06-05
PO/HYD/26-27/00545,2026-05-07 10:04,V0481,HYD,1016,108.30,110032.80,PUR-HYD-01,FC-01,Finance Controller,2026-05-08 10:15,,2026-05-27
PO/BLR/26-27/00309,2026-05-07 10:05,V0146,BLR,24,1644.34,39464.16,PUR-BLR-03,DM-BLR,Depot Manager,2026-05-08 10:38,,2026-05-26
PO/HYD/26-27/00546,2026-05-07 10:07,V0007,HYD,24,673.14,16155.36,PUR-HYD-03,DM-HYD,Depot Manager,2026-05-07 13:31,,2026-05-22
PO/BLR/26-27/00310,2026-05-07 10:09,V0019,BLR,371,80.87,30002.77,PUR-BLR-03,DM-BLR,Depot Manager,2026-05-09 10:38,,2026-06-01
PO/HYD/26-27/00547,2026-05-07 10:11,V0218,HYD,194,159.70,30981.80,PUR-HYD-03,DM-HYD,Depot Manager,2026-05-11 10:27,,2026-06-03
PO/HYD/26-27/00548,2026-05-07 10:16,V0007,HYD,6055,32.52,196908.60,PUR-HYD-03,FC-01,Finance Controller,2026-05-07 11:50,,2026-05-21
PO/VJA/26-27/00260,2026-05-07 10:17,V0498,VJA,11,1721.74,18939.14,PUR-VJA-03,DM-VJA,Depot Manager,2026-05-07 10:38,2026-05-11 15:10,2026-05-29
PO/VJA/26-27/00261,2026-05-07 10:19,V0429,VJA,260,63.73,16569.80,PUR-VJA-02,DM-VJA,Depot Manager,2026-05-08 10:41,,2026-05-18
PO/HYD/26-27/00549,2026-05-07 10:19,V0116,HYD,15506,17.86,276937.16,PUR-HYD-01,FC-01,Finance Controller,2026-05-07 16:12,2026-05-12 12:26,2026-05-31
PO/VJA/26-27/00262,2026-05-07 10:19,V0112,VJA,59,780.46,46047.14,PUR-VJA-03,DM-VJA,Depot Manager,2026-05-08 10:19,,2026-05-15
PO/BLR/26-27/00311,2026-05-07 10:20,V0045,BLR,6,1638.72,9832.32,PUR-BLR-03,DM-BLR,Depot Manager,2026-05-07 13:07,2026-05-13 18:51,2026-05-15
PO/BLR/26-27/00312,2026-05-07 10:29,V0095,BLR,3269,21.33,69727.77,PUR-BLR-02,DM-BLR,Depot Manager,2026-05-07 18:23,2026-05-18 10:31,2026-05-21
PO/HYD/26-27/00550,2026-05-07 10:34,V0225,HYD,409,253.10,103517.90,PUR-HYD-01,FC-01,Finance Controller,2026-05-08 10:28,2026-05-12 10:53,2026-05-14
PO/HBL/26-27/00131,2026-05-07 10:34,V0172,HBL,168,1697.20,285129.60,PUR-HBL-03,FC-01,Finance Controller,2026-05-09 10:25,2026-05-13 11:02,2026-05-25
PO/VSP/26-27/00185,2026-05-07 10:34,V0017,VSP,23619,10.54,248944.26,PUR-VSP-03,FC-01,Finance Controller,2026-05-08 18:56,,2026-05-18
PO/BLR/26-27/00313,2026-05-07 10:35,V0204,BLR,68,468.65,31868.20,PUR-BLR-01,DM-BLR,Depot Manager,2026-05-08 10:38,2026-05-08 17:41,2026-05-24
PO/HYD/26-27/00551,2026-05-07 10:37,V0205,HYD,9473,42.46,402223.58,PUR-HYD-03,FC-01,Finance Controller,2026-05-09 10:25,,2026-06-03
PO/BLR/26-27/00314,2026-05-07 10:40,V0018,BLR,4003,212.93,852358.79,PUR-BLR-02,CFO-01,CFO,2026-05-08 14:18,,2026-05-31
PO/VJA/26-27/00263,2026-05-07 10:41,V0257,VJA,1336,50.08,66906.88,PUR-VJA-01,DM-VJA,Depot Manager,2026-05-07 14:15,2026-05-22 10:46,2026-05-16
PO/VJA/26-27/00264,2026-05-07 10:47,V0369,VJA,420,560.26,235309.20,PUR-VJA-01,FC-01,Finance Controller,2026-05-08 10:20,2026-05-09 10:24,2026-05-29
PO/HYD/26-27/00552,2026-05-07 10:48,V0018,HYD,2037,8.13,16560.81,PUR-HYD-03,DM-HYD,Depot Manager,2026-05-07 16:50,,2026-06-06
PO/VJA/26-27/00265,2026-05-07 10:49,V0293,VJA,1157,24.42,28253.94,PUR-VJA-03,DM-VJA,Depot Manager,2026-05-08 10:00,,2026-05-23
PO/BLR/26-27/00315,2026-05-07 10:50,V0443,BLR,1070,54.48,58293.60,PUR-BLR-01,DM-BLR,Depot Manager,2026-05-07 11:16,2026-05-11 10:03,2026-05-21
PO/VJA/26-27/00266,2026-05-07 11:42,V0464,VJA,787,161.92,127431.04,PUR-VJA-03,FC-01,Finance Controller,2026-05-08 10:16,,2026-05-19
PO/VSP/26-27/00186,2026-05-07 12:18,V0076,VSP,63,190.63,12009.69,PUR-VSP-02,DM-VSP,Depot Manager,2026-05-08 10:33,2026-05-11 10:39,2026-05-14
PO/HYD/26-27/00553,2026-05-07 13:51,V0105,HYD,12372,9.40,116296.80,PUR-HYD-03,FC-01,Finance Controller,2026-05-08 10:41,,2026-05-15
PO/HYD/26-27/00554,2026-05-07 14:21,V0129,HYD,5805,65.31,379124.55,PUR-HYD-03,FC-01,Finance Controller,2026-05-08 10:19,,2026-06-03
PO/HYD/26-27/00555,2026-05-07 15:27,V0405,HYD,1337,63.77,85260.49,PUR-HYD-01,DM-HYD,Depot Manager,2026-05-08 10:28,,2026-05-28
PO/BLR/26-27/00316,2026-05-07 16:06,V0036,BLR,5157,15.19,78334.83,PUR-BLR-02,DM-BLR,Depot Manager,2026-05-08 10:49,,2026-05-15
PO/VSP/26-27/00187,2026-05-07 16:40,V0269,VSP,781,71.79,56067.99,PUR-VSP-03,DM-VSP,Depot Manager,2026-05-08 11:48,,2026-05-28
PO/VJA/26-27/00267,2026-05-07 17:24,V0305,VJA,36,1080.24,38888.64,PUR-VJA-02,DM-VJA,Depot Manager,2026-05-08 10:35,,2026-05-27
PO/WGL/26-27/00176,2026-05-07 17:24,V0107,WGL,159,531.68,84537.12,PUR-WGL-02,DM-WGL,Depot Manager,2026-05-08 10:41,,2026-05-28
PO/HYD/26-27/00556,2026-05-07 17:59,V0326,HYD,10968,112.38,1232583.84,PUR-HYD-01,FC-01,Finance Controller,2026-05-09 10:45,,2026-05-18
PO/HYD/26-27/00557,2026-05-07 18:22,V0197,HYD,453,161.02,72942.06,PUR-HYD-03,DM-HYD,Depot Manager,2026-05-08 10:19,,2026-05-20
PO/HBL/26-27/00132,2026-05-08 09:55,V0271,HBL,534,648.98,346555.32,PUR-HBL-03,FC-01,Finance Controller,2026-05-09 11:00,,2026-05-28
PO/BLR/26-27/00317,2026-05-08 10:00,V0226,BLR,1113,31.06,34569.78,PUR-BLR-03,DM-BLR,Depot Manager,2026-05-11 10:10,,2026-05-25
PO/VJA/26-27/00268,2026-05-08 10:02,V0479,VJA,25846,46.93,1212952.78,PUR-VJA-02,CFO-01,CFO,2026-05-09 13:17,,2026-05-28
PO/HYD/26-27/00558,2026-05-08 10:03,V0232,HYD,43022,32.54,1399935.88,PUR-HYD-01,FC-01,Finance Controller,2026-05-11 10:17,,2026-06-03
PO/HYD/26-27/00559,2026-05-08 10:07,V0302,HYD,4947,145.41,719343.27,PUR-HYD-02,FC-01,Finance Controller,2026-05-09 10:17,,2026-06-02
PO/WGL/26-27/00177,2026-05-08 10:10,V0055,WGL,1833,19.58,35890.14,PUR-WGL-02,DM-WGL,Depot Manager,2026-05-08 10:32,,2026-05-31
PO/BLR/26-27/00318,2026-05-08 10:11,V0467,BLR,208,107.01,22258.08,PUR-BLR-02,DM-BLR,Depot Manager,2026-05-09 09:40,,2026-05-18
PO/VJA/26-27/00269,2026-05-08 10:14,V0023,VJA,4538,66.49,301731.62,PUR-VJA-03,FC-01,Finance Controller,2026-05-09 16:47,2026-05-18 10:06,2026-05-22
PO/BLR/26-27/00319,2026-05-08 10:17,V0160,BLR,72,914.88,65871.36,PUR-BLR-01,DM-BLR,Depot Manager,2026-05-08 10:47,,2026-05-28
PO/VSP/26-27/00188,2026-05-08 10:21,V0325,VSP,205,120.84,24772.20,PUR-VSP-02,DM-VSP,Depot Manager,2026-05-08 11:46,,2026-06-05
PO/WGL/26-27/00178,2026-05-08 10:25,V0236,WGL,216,1685.94,364163.04,PUR-WGL-02,FC-01,Finance Controller,2026-05-08 14:00,,2026-06-03
PO/HYD/26-27/00560,2026-05-08 10:26,V0400,HYD,1504,13.56,20394.24,PUR-HYD-03,DM-HYD,Depot Manager,2026-05-11 10:17,,2026-05-18
PO/VSP/26-27/00189,2026-05-08 10:33,V0262,VSP,21,972.09,20413.89,PUR-VSP-03,DM-VSP,Depot Manager,2026-05-08 12:23,2026-05-29 10:11,2026-05-27
PO/BLR/26-27/00320,2026-05-08 10:34,V0480,BLR,2848,22.63,64450.24,PUR-BLR-02,DM-BLR,Depot Manager,2026-05-11 10:34,,2026-06-01
PO/VJA/26-27/00270,2026-05-08 10:44,V0100,VJA,53,665.68,35281.04,PUR-VJA-01,DM-VJA,Depot Manager,2026-05-08 13:17,,2026-05-22
PO/HYD/26-27/00561,2026-05-08 10:52,V0193,HYD,804,36.91,29675.64,PUR-HYD-01,DM-HYD,Depot Manager,2026-05-08 12:20,,2026-06-06
PO/VJA/26-27/00271,2026-05-08 11:27,V0380,VJA,1857,17.22,31977.54,PUR-VJA-03,DM-VJA,Depot Manager,2026-05-09 10:26,2026-06-06 18:11,2026-05-15
PO/HYD/26-27/00562,2026-05-08 11:38,V0461,HYD,16988,12.69,215577.72,PUR-HYD-02,FC-01,Finance Controller,2026-05-11 10:49,,2026-05-20
PO/HYD/26-27/00563,2026-05-08 12:57,V0250,HYD,119,1159.80,138016.20,PUR-HYD-02,FC-01,Finance Controller,2026-05-09 13:33,2026-05-11 11:59,2026-06-05
PO/HYD/26-27/00564,2026-05-08 13:00,V0056,HYD,17,535.91,9110.47,PUR-HYD-02,DM-HYD,Depot Manager,2026-05-09 10:15,2026-05-15 13:03,2026-06-06
PO/VSP/26-27/00190,2026-05-08 13:20,V0049,VSP,344,97.41,33509.04,PUR-VSP-01,DM-VSP,Depot Manager,2026-05-09 10:47,,2026-06-07
PO/HYD/26-27/00565,2026-05-08 15:47,V0010,HYD,101,1311.19,132430.19,PUR-HYD-01,FC-01,Finance Controller,2026-05-11 10:21,2026-05-14 10:23,2026-05-27
PO/WGL/26-27/00179,2026-05-08 16:00,V0023,WGL,1449,11.05,16011.45,PUR-WGL-03,DM-WGL,Depot Manager,2026-05-09 10:30,2026-05-12 10:26,2026-05-17
PO/HYD/26-27/00566,2026-05-08 17:05,V0349,HYD,6962,34.74,241859.88,PUR-HYD-02,FC-01,Finance Controller,2026-05-09 10:01,,2026-06-04
PO/HYD/26-27/00567,2026-05-08 17:56,V0473,HYD,2303,30.72,70748.16,PUR-HYD-02,DM-HYD,Depot Manager,2026-05-09 10:35,,2026-05-30
PO/HYD/26-27/00568,2026-05-08 18:44,V0083,HYD,34759,16.43,571090.37,PUR-HYD-01,CFO-01,CFO,2026-05-11 10:30,,2026-05-21
PO/HYD/26-27/00569,2026-05-09 09:48,V0146,HYD,3293,413.77,1362544.61,PUR-HYD-01,CFO-01,CFO,2026-05-12 16:22,,2026-05-31
PO/VJA/26-27/00272,2026-05-09 10:02,V0024,VJA,160,657.76,105241.60,PUR-VJA-01,FC-01,Finance Controller,2026-05-11 10:28,2026-05-21 16:59,2026-06-02
PO/VJA/26-27/00273,2026-05-09 10:03,V0124,VJA,128,291.50,37312.00,PUR-VJA-02,DM-VJA,Depot Manager,2026-05-09 11:22,2026-05-16 10:10,2026-06-04
PO/HYD/26-27/00570,2026-05-09 10:07,V0382,HYD,265,145.09,38448.85,PUR-HYD-03,DM-HYD,Depot Manager,2026-05-09 11:18,2026-05-12 10:05,
PO/VJA/26-27/00274,2026-05-09 10:09,V0483,VJA,83,176.65,14661.95,PUR-VJA-03,DM-VJA,Depot Manager,2026-05-09 10:32,2026-05-13 10:40,
PO/BLR/26-27/00321,2026-05-09 10:09,V0037,BLR,5174,8.90,46048.60,PUR-BLR-01,DM-BLR,Depot Manager,2026-05-09 16:53,2026-05-13 16:14,2026-06-05
PO/VJA/26-27/00275,2026-05-09 10:11,V0129,VJA,104,698.00,72592.00,PUR-VJA-03,DM-VJA,Depot Manager,2026-05-09 10:39,,2026-06-05
PO/HBL/26-27/00133,2026-05-09 10:16,V0158,HBL,4222,135.47,571954.34,PUR-HBL-03,CFO-01,CFO,2026-05-11 12:09,,2026-05-18
PO/HBL/26-27/00134,2026-05-09 10:19,V0190,HBL,36,1784.38,64237.68,PUR-HBL-03,DM-HBL,Depot Manager,2026-05-09 17:03,2026-05-14 10:04,2026-06-07
PO/HYD/26-27/00571,2026-05-09 10:27,V0048,HYD,4945,13.64,67449.80,PUR-HYD-02,DM-HYD,Depot Manager,2026-05-09 15:49,,2026-05-17
PO/VSP/26-27/00191,2026-05-09 10:27,V0065,VSP,12081,22.16,267714.96,PUR-VSP-01,FC-01,Finance Controller,2026-05-11 10:02,,2026-05-28
PO/BLR/26-27/00322,2026-05-09 10:32,V0311,BLR,529,56.41,29840.89,PUR-BLR-02,DM-BLR,Depot Manager,2026-05-09 10:45,2026-05-14 10:20,2026-05-21
PO/VJA/26-27/00276,2026-05-09 10:34,V0419,VJA,381,82.22,31325.82,PUR-VJA-03,DM-VJA,Depot Manager,2026-05-09 13:40,,2026-05-22
PO/HYD/26-27/00572,2026-05-09 10:38,V0273,HYD,1600,144.62,231392.00,PUR-HYD-02,FC-01,Finance Controller,2026-05-09 11:19,,2026-06-01
PO/HYD/26-27/00573,2026-05-09 10:41,V0079,HYD,620,80.37,49829.40,PUR-HYD-01,DM-HYD,Depot Manager,2026-05-09 18:35,2026-05-22 14:36,2026-05-25
PO/BLR/26-27/00323,2026-05-09 10:43,V0433,BLR,854,134.09,114512.86,PUR-BLR-01,FC-01,Finance Controller,2026-05-09 11:38,2026-05-14 10:29,2026-06-08
PO/WGL/26-27/00180,2026-05-09 10:43,V0077,WGL,86,461.32,39673.52,PUR-WGL-02,DM-WGL,Depot Manager,2026-05-09 15:40,2026-05-23 10:30,2026-05-20
PO/HBL/26-27/00135,2026-05-09 10:45,V0036,HBL,7436,119.96,892022.56,PUR-HBL-02,CFO-01,CFO,2026-05-11 10:49,,2026-05-16
PO/HYD/26-27/00574,2026-05-09 10:45,V0374,HYD,14458,43.69,631670.02,PUR-HYD-02,FC-01,Finance Controller,2026-05-11 10:02,,2026-05-25
PO/WGL/26-27/00181,2026-05-09 10:48,V0174,WGL,32773,12.35,404746.55,PUR-WGL-02,FC-01,Finance Controller,2026-05-09 12:28,,2026-05-29
PO/HBL/26-27/00136,2026-05-09 10:48,V0051,HBL,1998,283.39,566213.22,PUR-HBL-02,CFO-01,CFO,2026-05-12 10:01,,2026-05-22
PO/WGL/26-27/00182,2026-05-09 10:50,V0158,WGL,14781,17.11,252902.91,PUR-WGL-01,FC-01,Finance Controller,2026-05-09 12:42,,2026-05-16
PO/WGL/26-27/00183,2026-05-09 11:48,V0200,WGL,105,983.18,103233.90,PUR-WGL-03,FC-01,Finance Controller,2026-05-09 14:07,,2026-05-25
PO/HYD/26-27/00575,2026-05-09 12:09,V0193,HYD,48246,20.73,1000139.58,PUR-HYD-02,CFO-01,CFO,2026-05-11 10:26,,2026-05-26
PO/BLR/26-27/00324,2026-05-09 14:03,V0311,BLR,591,80.24,47421.84,PUR-BLR-01,DM-BLR,Depot Manager,2026-05-11 10:18,2026-05-20 10:02,2026-06-03
PO/HYD/26-27/00576,2026-05-09 14:16,V0079,HYD,3318,21.20,70341.60,PUR-HYD-02,DM-HYD,Depot Manager,2026-05-10 01:28,2026-05-10 17:51,2026-06-08
PO/VJA/26-27/00277,2026-05-09 15:12,V0245,VJA,1979,9.01,17830.79,PUR-VJA-03,DM-VJA,Depot Manager,2026-05-11 10:50,2026-05-21 10:25,2026-05-21
PO/HBL/26-27/00137,2026-05-09 16:16,V0401,HBL,195,1206.09,235187.55,PUR-HBL-03,FC-01,Finance Controller,2026-05-11 10:17,,2026-05-22
PO/WGL/26-27/00184,2026-05-09 16:53,V0424,WGL,29354,31.96,938153.84,PUR-WGL-03,CFO-01,CFO,2026-05-11 10:32,,2026-05-31
PO/BLR/26-27/00325,2026-05-09 18:34,V0029,BLR,11505,36.61,421198.05,PUR-BLR-01,FC-01,Finance Controller,2026-05-11 13:35,,2026-05-19
PO/HYD/26-27/00577,2026-05-09 18:51,V0321,HYD,835,153.73,128364.55,PUR-HYD-03,FC-01,Finance Controller,2026-05-11 10:47,2026-05-21 10:29,2026-05-26
PO/HYD/26-27/00578,2026-05-10 01:04,V0194,HYD,219,165.88,36327.72,PUR-HYD-03,DM-HYD,Depot Manager,2026-05-10 18:54,2026-05-13 10:41,2026-05-19
PO/HYD/26-27/00579,2026-05-11 10:00,V0046,HYD,714,65.91,47059.74,PUR-HYD-01,DM-HYD,Depot Manager,2026-05-11 10:39,,2026-05-28
PO/VJA/26-27/00278,2026-05-11 10:04,V0198,VJA,5966,34.73,207199.18,PUR-VJA-03,FC-01,Finance Controller,2026-05-12 10:25,,2026-06-05
PO/BLR/26-27/00326,2026-05-11 10:05,V0452,BLR,17,959.12,16305.04,PUR-BLR-03,DM-BLR,Depot Manager,2026-05-11 10:18,,2026-05-18
PO/VJA/26-27/00279,2026-05-11 10:11,V0072,VJA,75,990.43,74282.25,PUR-VJA-03,DM-VJA,Depot Manager,2026-05-13 10:26,,2026-06-04
PO/HBL/26-27/00138,2026-05-11 10:13,V0396,HBL,1232,56.23,69275.36,PUR-HBL-02,DM-HBL,Depot Manager,2026-05-11 10:57,,2026-05-23
PO/VSP/26-27/00192,2026-05-11 10:13,V0326,VSP,238,468.66,111541.08,PUR-VSP-01,FC-01,Finance Controller,2026-05-11 12:09,2026-05-14 11:45,2026-05-29
PO/VSP/26-27/00193,2026-05-11 10:17,V0489,VSP,526,48.09,25295.34,PUR-VSP-02,DM-VSP,Depot Manager,2026-05-11 16:06,,2026-06-10
PO/VSP/26-27/00194,2026-05-11 10:17,V0115,VSP,1107,37.36,41357.52,PUR-VSP-03,DM-VSP,Depot Manager,2026-05-11 10:28,,2026-06-02
PO/HYD/26-27/00580,2026-05-11 10:17,V0023,HYD,38590,8.48,327243.20,PUR-HYD-03,FC-01,Finance Controller,2026-05-11 10:39,,2026-06-04
PO/HYD/26-27/00581,2026-05-11 10:20,V0476,HYD,25,1193.85,29846.25,PUR-HYD-02,DM-HYD,Depot Manager,2026-05-11 10:34,2026-05-11 13:38,2026-06-08
PO/HYD/26-27/00582,2026-05-11 10:21,V0076,HYD,1733,226.68,392836.44,PUR-HYD-01,FC-01,Finance Controller,2026-05-14 10:33,,2026-06-08
PO/HBL/26-27/00139,2026-05-11 10:21,V0487,HBL,913,30.23,27599.99,PUR-HBL-03,DM-HBL,Depot Manager,2026-05-11 10:29,,2026-05-23
PO/HBL/26-27/00140,2026-05-11 10:21,V0038,HBL,92,1248.66,114876.72,PUR-HBL-03,FC-01,Finance Controller,2026-05-11 12:21,2026-05-12 11:24,2026-06-05
PO/HYD/26-27/00583,2026-05-11 10:21,V0049,HYD,16826,72.99,1228129.74,PUR-HYD-02,FC-01,Finance Controller,2026-05-11 18:44,,2026-05-23
PO/HYD/26-27/00584,2026-05-11 10:24,V0174,HYD,7393,20.08,148451.44,PUR-HYD-02,FC-01,Finance Controller,2026-05-11 17:10,,2026-06-04
PO/VSP/26-27/00195,2026-05-11 10:24,V0107,VSP,381,179.27,68301.87,PUR-VSP-01,DM-VSP,Depot Manager,2026-05-11 10:45,2026-05-16 10:50,2026-05-22
PO/BLR/26-27/00327,2026-05-11 10:26,V0233,BLR,636,119.13,75766.68,PUR-BLR-02,DM-BLR,Depot Manager,2026-05-13 10:30,,2026-05-19
PO/WGL/26-27/00185,2026-05-11 10:26,V0477,WGL,723,381.24,275636.52,PUR-WGL-02,FC-01,Finance Controller,2026-05-12 17:31,,2026-06-09
PO/VJA/26-27/00280,2026-05-11 10:29,V0076,VJA,153,151.27,23144.31,PUR-VJA-03,DM-VJA,Depot Manager,2026-05-11 11:00,,2026-05-25
PO/VSP/26-27/00196,2026-05-11 10:29,V0489,VSP,2473,146.18,361503.14,PUR-VSP-03,FC-01,Finance Controller,2026-05-11 11:49,,2026-05-21
PO/VSP/26-27/00197,2026-05-11 10:29,V0226,VSP,32,1270.22,40647.04,PUR-VSP-01,DM-VSP,Depot Manager,2026-05-11 16:26,2026-05-16 10:12,2026-05-28
PO/HYD/26-27/00585,2026-05-11 10:30,V0066,HYD,646,117.67,76014.82,PUR-HYD-02,DM-HYD,Depot Manager,2026-05-11 14:42,,2026-06-09
PO/HYD/26-27/00586,2026-05-11 10:31,V0224,HYD,730,138.64,101207.20,PUR-HYD-03,FC-01,Finance Controller,2026-05-11 10:45,,
PO/WGL/26-27/00186,2026-05-11 10:31,V0106,WGL,80477,15.26,1228079.02,PUR-WGL-01,CFO-01,CFO,2026-05-11 17:43,,2026-05-26
PO/BLR/26-27/00328,2026-05-11 10:32,V0146,BLR,145,277.06,40173.70,PUR-BLR-02,DM-BLR,Depot Manager,2026-05-11 10:42,,2026-06-10
PO/WGL/26-27/00187,2026-05-11 10:34,V0012,WGL,1103,28.65,31600.95,PUR-WGL-03,DM-WGL,Depot Manager,2026-05-11 11:41,2026-05-12 10:05,2026-06-08
PO/WGL/26-27/00188,2026-05-11 10:34,V0482,WGL,14272,74.76,1066974.72,PUR-WGL-02,CFO-01,CFO,2026-05-11 17:29,,2026-06-07
PO/HYD/26-27/00587,2026-05-11 10:35,V0418,HYD,412,437.96,180439.52,PUR-HYD-01,FC-01,Finance Controller,2026-05-11 18:15,2026-05-13 09:44,2026-06-01
PO/VJA/26-27/00281,2026-05-11 10:35,V0422,VJA,27934,51.85,1448377.90,PUR-VJA-01,FC-01,Finance Controller,2026-05-11 10:36,,2026-06-04
PO/VJA/26-27/00282,2026-05-11 10:36,V0205,VJA,32396,32.68,1058701.28,PUR-VJA-01,FC-01,Finance Controller,2026-05-12 10:29,,2026-05-20
PO/WGL/26-27/00189,2026-05-11 10:37,V0268,WGL,308,274.35,84499.80,PUR-WGL-01,DM-WGL,Depot Manager,2026-05-11 15:53,,2026-06-05
PO/HYD/26-27/00588,2026-05-11 10:37,V0210,HYD,21,441.98,9281.58,PUR-HYD-01,DM-HYD,Depot Manager,2026-05-11 11:01,2026-05-12 15:22,2026-05-18
PO/VJA/26-27/00283,2026-05-11 10:39,V0436,VJA,1108,17.72,19633.76,PUR-VJA-03,DM-VJA,Depot Manager,2026-05-11 11:50,,2026-05-26
PO/BLR/26-27/00329,2026-05-11 10:39,V0162,BLR,3785,20.60,77971.00,PUR-BLR-01,DM-BLR,Depot Manager,2026-05-11 11:21,,2026-06-04
PO/VSP/26-27/00198,2026-05-11 10:40,V0102,VSP,70,238.27,16678.90,PUR-VSP-01,DM-VSP,Depot Manager,2026-05-11 10:47,2026-05-21 14:27,2026-05-18
PO/HBL/26-27/00141,2026-05-11 10:41,V0366,HBL,834,136.64,113957.76,PUR-HBL-03,FC-01,Finance Controller,2026-05-11 12:12,2026-05-15 14:35,2026-06-08
PO/HBL/26-27/00142,2026-05-11 10:41,V0425,HBL,3102,466.50,1447083.00,PUR-HBL-03,FC-01,Finance Controller,2026-05-12 10:09,,2026-06-03
PO/VSP/26-27/00199,2026-05-11 10:42,V0452,VSP,11105,63.84,708943.20,PUR-VSP-03,CFO-01,CFO,2026-05-12 10:00,,2026-06-01
PO/BLR/26-27/00330,2026-05-11 10:42,V0228,BLR,85,238.93,20309.05,PUR-BLR-01,DM-BLR,Depot Manager,2026-05-11 17:39,,2026-05-25
PO/VSP/26-27/00200,2026-05-11 10:42,V0040,VSP,1619,943.08,1526846.52,PUR-VSP-03,CFO-01,CFO,2026-05-13 10:08,,2026-05-23
PO/HYD/26-27/00589,2026-05-11 10:47,V0154,HYD,10,1700.88,17008.80,PUR-HYD-02,DM-HYD,Depot Manager,2026-05-11 16:52,2026-05-14 10:24,2026-06-10
PO/HBL/26-27/00143,2026-05-11 10:48,V0476,HBL,43013,14.01,602612.13,PUR-HBL-02,CFO-01,CFO,2026-05-11 12:34,,2026-05-24
PO/VSP/26-27/00201,2026-05-11 10:49,V0007,VSP,224,556.72,124705.28,PUR-VSP-01,FC-01,Finance Controller,2026-05-11 11:44,2026-05-15 10:38,2026-06-02
PO/HBL/26-27/00144,2026-05-11 10:50,V0080,HBL,5246,218.64,1146985.44,PUR-HBL-03,FC-01,Finance Controller,2026-05-12 10:06,,2026-05-31
PO/BLR/26-27/00331,2026-05-11 12:01,V0207,BLR,1042,340.89,355207.38,PUR-BLR-01,FC-01,Finance Controller,2026-05-11 18:15,,2026-05-22
PO/HYD/26-27/00590,2026-05-11 12:17,V0078,HYD,2489,46.98,116933.22,PUR-HYD-03,FC-01,Finance Controller,2026-05-12 10:23,,2026-06-06
PO/BLR/26-27/00332,2026-05-11 12:22,V0464,BLR,1041,180.37,187765.17,PUR-BLR-02,FC-01,Finance Controller,2026-05-12 10:27,2026-05-27 10:33,2026-06-01
PO/BLR/26-27/00333,2026-05-11 13:30,V0293,BLR,370,26.33,9742.10,PUR-BLR-03,DM-BLR,Depot Manager,2026-05-12 10:01,2026-05-13 10:06,2026-06-01
PO/BLR/26-27/00334,2026-05-11 13:43,V0382,BLR,2178,12.81,27900.18,PUR-BLR-01,DM-BLR,Depot Manager,2026-05-12 10:02,2026-05-23 10:01,2026-06-06
PO/VJA/26-27/00284,2026-05-11 13:56,V0023,VJA,464,469.19,217704.16,PUR-VJA-02,FC-01,Finance Controller,2026-05-12 16:19,,2026-06-01
PO/BLR/26-27/00335,2026-05-11 14:33,V0202,BLR,64,324.91,20794.24,PUR-BLR-01,DM-BLR,Depot Manager,2026-05-12 10:26,,2026-05-19
PO/HYD/26-27/00591,2026-05-11 16:14,V0031,HYD,29,710.49,20604.21,PUR-HYD-01,DM-HYD,Depot Manager,2026-05-12 10:49,2026-05-13 10:14,2026-06-10
PO/HYD/26-27/00592,2026-05-11 18:45,V0481,HYD,2636,9.17,24172.12,PUR-HYD-02,DM-HYD,Depot Manager,2026-05-12 10:46,2026-05-16 22:19,2026-06-01
PO/VSP/26-27/00202,2026-05-12 09:33,V0471,VSP,2747,12.06,33128.82,PUR-VSP-02,DM-VSP,Depot Manager,2026-05-12 11:12,,2026-05-25
PO/WGL/26-27/00190,2026-05-12 09:43,V0434,WGL,2842,53.26,151364.92,PUR-WGL-03,FC-01,Finance Controller,2026-05-12 18:32,2026-05-13 12:24,2026-05-22
PO/VJA/26-27/00285,2026-05-12 10:00,V0407,VJA,10381,19.31,200457.11,PUR-VJA-01,FC-01,Finance Controller,2026-05-12 10:42,,2026-05-25
PO/VJA/26-27/00286,2026-05-12 10:01,V0349,VJA,2113,33.49,70764.37,PUR-VJA-01,DM-VJA,Depot Manager,2026-05-12 10:38,,2026-06-11
PO/HYD/26-27/00593,2026-05-12 10:04,V0471,HYD,156,262.51,40951.56,PUR-HYD-03,DM-HYD,Depot Manager,2026-05-14 10:10,,2026-05-26
PO/WGL/26-27/00191,2026-05-12 10:04,V0310,WGL,66,697.93,46063.38,PUR-WGL-01,DM-WGL,Depot Manager,2026-05-13 10:31,,2026-05-30
PO/BLR/26-27/00336,2026-05-12 10:07,V0432,BLR,100,162.41,16241.00,PUR-BLR-03,DM-BLR,Depot Manager,2026-05-13 10:14,,2026-06-02
PO/VSP/26-27/00203,2026-05-12 10:07,V0367,VSP,5248,35.43,185936.64,PUR-VSP-01,FC-01,Finance Controller,2026-05-12 11:24,,2026-06-08
PO/HYD/26-27/00594,2026-05-12 10:14,V0326,HYD,4267,56.43,240786.81,PUR-HYD-02,FC-01,Finance Controller,2026-05-13 10:22,,2026-05-25
PO/HBL/26-27/00145,2026-05-12 10:14,V0384,HBL,10915,65.47,714605.05,PUR-HBL-02,CFO-01,CFO,2026-05-15 14:57,,2026-05-19
PO/HYD/26-27/00595,2026-05-12 10:19,V0394,HYD,2125,680.11,1445233.75,PUR-HYD-03,FC-01,Finance Controller,2026-05-12 10:31,,2026-06-05
PO/HYD/26-27/00596,2026-05-12 10:28,V0347,HYD,335,126.17,42266.95,PUR-HYD-01,DM-HYD,Depot Manager,2026-05-13 10:25,,2026-06-03
PO/WGL/26-27/00192,2026-05-12 10:32,V0228,WGL,95,269.55,25607.25,PUR-WGL-02,DM-WGL,Depot Manager,2026-05-13 10:01,2026-05-18 10:39,2026-06-07
PO/HYD/26-27/00597,2026-05-12 10:33,V0053,HYD,1453,213.98,310912.94,PUR-HYD-02,FC-01,Finance Controller,2026-05-12 12:07,,2026-06-08
PO/VJA/26-27/00287,2026-05-12 10:33,V0027,VJA,373,883.69,329616.37,PUR-VJA-03,FC-01,Finance Controller,2026-05-14 10:50,,2026-05-23
PO/VJA/26-27/00288,2026-05-12 10:34,V0226,VJA,2555,255.84,653671.20,PUR-VJA-01,FC-01,Finance Controller,2026-05-14 10:25,,2026-06-08
PO/BLR/26-27/00337,2026-05-12 10:36,V0033,BLR,8171,17.22,140704.62,PUR-BLR-02,FC-01,Finance Controller,2026-05-13 10:45,,2026-06-08
PO/HYD/26-27/00598,2026-05-12 10:38,V0063,HYD,346,379.39,131268.94,PUR-HYD-02,FC-01,Finance Controller,2026-05-12 12:33,,2026-06-07
PO/WGL/26-27/00193,2026-05-12 10:41,V0446,WGL,1581,25.28,39967.68,PUR-WGL-01,DM-WGL,Depot Manager,2026-05-13 10:40,2026-05-15 10:25,2026-06-01
PO/VSP/26-27/00204,2026-05-12 10:41,V0024,VSP,61794,13.58,839162.52,PUR-VSP-02,FC-01,Finance Controller,2026-05-13 11:26,,2026-05-23
PO/BLR/26-27/00338,2026-05-12 10:42,V0186,BLR,24,1418.75,34050.00,PUR-BLR-02,DM-BLR,Depot Manager,2026-05-12 12:25,,2026-06-04
PO/HYD/26-27/00599,2026-05-12 10:42,V0210,HYD,618,35.66,22037.88,PUR-HYD-02,DM-HYD,Depot Manager,2026-05-12 10:46,,2026-05-23
PO/HYD/26-27/00600,2026-05-12 10:42,V0054,HYD,8663,32.63,282673.69,PUR-HYD-03,FC-01,Finance Controller,2026-05-14 10:08,2026-05-25 12:10,2026-06-08
PO/VSP/26-27/00205,2026-05-12 10:43,V0396,VSP,4137,11.72,48485.64,PUR-VSP-03,DM-VSP,Depot Manager,2026-05-13 10:12,,2026-06-09
PO/HBL/26-27/00146,2026-05-12 10:43,V0086,HBL,61013,18.60,1134841.80,PUR-HBL-01,CFO-01,CFO,2026-05-14 10:15,,2026-05-31
PO/VJA/26-27/00289,2026-05-12 10:44,V0378,VJA,12,1798.50,21582.00,PUR-VJA-02,DM-VJA,Depot Manager,2026-05-12 10:46,2026-05-21 10:09,2026-06-07
PO/HYD/26-27/00601,2026-05-12 10:44,V0087,HYD,43483,8.52,370475.16,PUR-HYD-03,FC-01,Finance Controller,2026-05-13 10:49,,2026-05-23
PO/BLR/26-27/00339,2026-05-12 11:21,V0451,BLR,843,402.66,339442.38,PUR-BLR-01,FC-01,Finance Controller,2026-05-15 14:34,,2026-05-29
PO/HYD/26-27/00602,2026-05-12 11:36,V0058,HYD,195,50.20,9789.00,PUR-HYD-02,DM-HYD,Depot Manager,2026-05-13 10:17,2026-05-15 10:27,2026-05-31
PO/HYD/26-27/00603,2026-05-12 12:29,V0132,HYD,61,674.73,41158.53,PUR-HYD-03,DM-HYD,Depot Manager,2026-05-13 10:16,2026-05-13 22:08,2026-05-28
PO/HYD/26-27/00604,2026-05-12 12:39,V0261,HYD,537,118.85,63822.45,PUR-HYD-02,DM-HYD,Depot Manager,2026-05-12 15:09,,2026-05-24
PO/HYD/26-27/00605,2026-05-12 14:02,V0294,HYD,59,1366.96,80650.64,PUR-HYD-02,DM-HYD,Depot Manager,2026-05-13 10:31,,2026-06-02
PO/HBL/26-27/00147,2026-05-12 14:42,V0339,HBL,530,596.47,316129.10,PUR-HBL-03,FC-01,Finance Controller,2026-05-13 10:01,,2026-05-25
PO/HYD/26-27/00606,2026-05-12 15:00,V0316,HYD,9399,89.10,837450.90,PUR-HYD-01,CFO-01,CFO,2026-05-15 10:04,,2026-06-04
PO/VJA/26-27/00290,2026-05-12 17:55,V0105,VJA,158,850.65,134402.70,PUR-VJA-01,FC-01,Finance Controller,2026-05-14 10:04,,2026-06-08
PO/BLR/26-27/00340,2026-05-13 09:34,V0293,BLR,4570,131.28,599949.60,PUR-BLR-02,FC-01,Finance Controller,2026-05-15 09:32,,2026-06-09
PO/VSP/26-27/00206,2026-05-13 10:06,V0019,VSP,154,658.91,101472.14,PUR-VSP-01,FC-01,Finance Controller,2026-05-13 12:40,,2026-06-01
PO/HBL/26-27/00148,2026-05-13 10:08,V0035,HBL,8477,41.54,352134.58,PUR-HBL-03,FC-01,Finance Controller,2026-05-14 13:29,,2026-05-28
PO/VSP/26-27/00207,2026-05-13 10:13,V0155,VSP,43706,20.24,884609.44,PUR-VSP-01,CFO-01,CFO,2026-05-14 10:37,,2026-05-26
PO/VSP/26-27/00208,2026-05-13 10:13,V0262,VSP,697,1723.75,1201453.75,PUR-VSP-02,FC-01,Finance Controller,2026-05-15 10:36,,2026-05-28
PO/HBL/26-27/00149,2026-05-13 10:14,V0202,HBL,1929,33.36,64351.44,PUR-HBL-03,DM-HBL,Depot Manager,2026-05-13 14:09,2026-05-19 17:41,2026-06-11
PO/BLR/26-27/00341,2026-05-13 10:14,V0027,BLR,1969,11.46,22564.74,PUR-BLR-02,DM-BLR,Depot Manager,2026-05-13 14:18,2026-05-18 18:32,2026-05-24
PO/HYD/26-27/00607,2026-05-13 10:16,V0174,HYD,475,781.01,370979.75,PUR-HYD-03,FC-01,Finance Controller,2026-05-13 17:43,,2026-05-30
PO/VJA/26-27/00291,2026-05-13 10:22,V0432,VJA,218,369.13,80470.34,PUR-VJA-03,DM-VJA,Depot Manager,2026-05-14 10:39,2026-05-23 10:07,2026-05-22
PO/HYD/26-27/00608,2026-05-13 10:23,V0130,HYD,5377,22.37,120283.49,PUR-HYD-02,FC-01,Finance Controller,2026-05-14 10:34,,2026-06-02
PO/WGL/26-27/00194,2026-05-13 10:29,V0156,WGL,2243,24.98,56030.14,PUR-WGL-02,DM-WGL,Depot Manager,2026-05-13 11:27,2026-05-18 10:14,2026-05-26
PO/HYD/26-27/00609,2026-05-13 10:30,V0473,HYD,532,1230.74,654753.68,PUR-HYD-01,CFO-01,CFO,2026-05-14 14:28,,2026-06-06
PO/HBL/26-27/00150,2026-05-13 10:32,V0174,HBL,1018,204.75,208435.50,PUR-HBL-03,FC-01,Finance Controller,2026-05-14 10:35,,2026-05-20
PO/VSP/26-27/00209,2026-05-13 10:34,V0151,VSP,32949,37.27,1228009.23,PUR-VSP-03,CFO-01,CFO,2026-05-14 10:06,,2026-06-09
PO/VJA/26-27/00292,2026-05-13 10:40,V0435,VJA,2493,85.62,213450.66,PUR-VJA-01,FC-01,Finance Controller,2026-05-14 11:16,,2026-06-11
PO/WGL/26-27/00195,2026-05-13 10:41,V0153,WGL,1179,97.06,114433.74,PUR-WGL-01,FC-01,Finance Controller,2026-05-14 10:42,,2026-06-08
PO/HBL/26-27/00151,2026-05-13 10:42,V0245,HBL,2583,23.88,61682.04,PUR-HBL-03,DM-HBL,Depot Manager,2026-05-14 10:18,,2026-06-04
PO/VSP/26-27/00210,2026-05-13 10:43,V0195,VSP,293,67.30,19718.90,PUR-VSP-01,DM-VSP,Depot Manager,2026-05-14 10:38,,2026-05-21
PO/HBL/26-27/00152,2026-05-13 10:44,V0465,HBL,3196,61.57,196777.72,PUR-HBL-03,FC-01,Finance Controller,2026-05-15 10:33,2026-05-16 10:29,2026-06-11
PO/HYD/26-27/00610,2026-05-13 10:46,V0257,HYD,7299,15.34,111966.66,PUR-HYD-03,FC-01,Finance Controller,2026-05-14 10:20,2026-05-25 18:53,2026-05-29
PO/VJA/26-27/00293,2026-05-13 10:50,V0185,VJA,307,1781.30,546859.10,PUR-VJA-01,FC-01,Finance Controller,2026-05-13 15:14,,2026-06-12
PO/HYD/26-27/00611,2026-05-13 11:34,V0464,HYD,280,235.64,65979.20,PUR-HYD-01,DM-HYD,Depot Manager,2026-05-13 16:16,,2026-06-07
PO/HYD/26-27/00612,2026-05-13 11:57,V0407,HYD,1781,65.09,115925.29,PUR-HYD-02,FC-01,Finance Controller,2026-05-15 10:45,,2026-06-11
PO/HBL/26-27/00153,2026-05-13 13:05,V0031,HBL,267,1455.46,388607.82,PUR-HBL-03,FC-01,Finance Controller,2026-05-14 12:33,,2026-06-04
PO/VSP/26-27/00211,2026-05-13 13:25,V0069,VSP,2096,583.98,1224022.08,PUR-VSP-03,CFO-01,CFO,2026-05-16 10:08,,2026-06-10
PO/VJA/26-27/00294,2026-05-13 13:50,V0029,VJA,7109,77.47,550734.23,PUR-VJA-01,CFO-01,CFO,2026-05-15 11:04,,2026-05-26
PO/HYD/26-27/00613,2026-05-13 13:56,V0032,HYD,68,615.92,41882.56,PUR-HYD-03,DM-HYD,Depot Manager,2026-05-14 10:17,2026-05-20 18:50,2026-06-10
PO/HYD/26-27/00614,2026-05-13 15:20,V0293,HYD,51,1012.15,51619.65,PUR-HYD-02,DM-HYD,Depot Manager,2026-05-15 10:24,,2026-05-24
PO/HYD/26-27/00615,2026-05-13 15:43,V0026,HYD,1878,173.76,326321.28,PUR-HYD-02,FC-01,Finance Controller,2026-05-18 10:28,,2026-06-06
PO/HYD/26-27/00616,2026-05-13 15:51,V0036,HYD,401,616.18,247088.18,PUR-HYD-03,FC-01,Finance Controller,2026-05-15 13:06,2026-05-29 10:40,2026-05-28
PO/VJA/26-27/00295,2026-05-13 18:06,V0481,VJA,39,1768.48,68970.72,PUR-VJA-03,DM-VJA,Depot Manager,2026-05-14 10:08,2026-05-18 10:31,2026-05-21
PO/WGL/26-27/00196,2026-05-13 18:23,V0382,WGL,88,737.08,64863.04,PUR-WGL-01,DM-WGL,Depot Manager,2026-05-14 10:40,2026-05-16 10:20,2026-06-10
PO/BLR/26-27/00342,2026-05-13 18:59,V0489,BLR,46552,19.28,897522.56,PUR-BLR-01,FC-01,Finance Controller,2026-05-14 10:31,,2026-06-10
PO/HBL/26-27/00154,2026-05-14 10:01,V0440,HBL,323,55.81,18026.63,PUR-HBL-01,DM-HBL,Depot Manager,2026-05-14 10:08,2026-05-25 10:37,2026-05-29
PO/HYD/26-27/00617,2026-05-14 10:03,V0130,HYD,5179,55.24,286087.96,PUR-HYD-02,FC-01,Finance Controller,2026-05-16 10:29,,2026-06-05
PO/HYD/26-27/00618,2026-05-14 10:05,V0237,HYD,618,169.13,104522.34,PUR-HYD-03,FC-01,Finance Controller,2026-05-15 10:26,,2026-05-21
PO/HYD/26-27/00619,2026-05-14 10:06,V0466,HYD,449,611.85,274720.65,PUR-HYD-03,FC-01,Finance Controller,2026-05-15 10:44,,2026-06-11
PO/VJA/26-27/00296,2026-05-14 10:08,V0119,VJA,18267,40.96,748216.32,PUR-VJA-01,FC-01,Finance Controller,2026-05-15 10:14,,2026-06-11
PO/VJA/26-27/00297,2026-05-14 10:11,V0423,VJA,30,1310.83,39324.90,PUR-VJA-02,DM-VJA,Depot Manager,2026-05-15 10:35,,2026-05-21
PO/VJA/26-27/00298,2026-05-14 10:14,V0488,VJA,3271,26.89,87957.19,PUR-VJA-03,DM-VJA,Depot Manager,2026-05-14 11:43,2026-05-18 10:18,2026-05-31
PO/VSP/26-27/00212,2026-05-14 10:15,V0377,VSP,27968,23.96,670113.28,PUR-VSP-02,CFO-01,CFO,2026-05-18 10:12,,2026-06-10
PO/VJA/26-27/00299,2026-05-14 10:16,V0347,VJA,8794,123.30,1084300.20,PUR-VJA-01,CFO-01,CFO,2026-05-15 09:33,,2026-05-27
PO/HYD/26-27/00620,2026-05-14 10:19,V0063,HYD,312,214.77,67008.24,PUR-HYD-02,DM-HYD,Depot Manager,2026-05-14 10:36,2026-05-20 10:31,2026-05-26
PO/VSP/26-27/00213,2026-05-14 10:20,V0146,VSP,21527,10.34,222589.18,PUR-VSP-03,FC-01,Finance Controller,2026-05-15 10:36,,2026-05-23
PO/BLR/26-27/00343,2026-05-14 10:26,V0432,BLR,68,387.21,26330.28,PUR-BLR-02,DM-BLR,Depot Manager,2026-05-15 10:45,,2026-05-24
PO/VJA/26-27/00300,2026-05-14 10:33,V0380,VJA,348,163.08,56751.84,PUR-VJA-01,DM-VJA,Depot Manager,2026-05-14 11:09,,2026-06-05
PO/HYD/26-27/00621,2026-05-14 10:34,V0063,HYD,148,1316.40,194827.20,PUR-HYD-02,FC-01,Finance Controller,2026-05-14 10:38,,2026-05-26
PO/HBL/26-27/00155,2026-05-14 10:35,V0365,HBL,741,187.80,139159.80,PUR-HBL-02,FC-01,Finance Controller,2026-05-14 10:37,,2026-05-25
PO/VSP/26-27/00214,2026-05-14 10:42,V0430,VSP,187,1279.31,239230.97,PUR-VSP-01,FC-01,Finance Controller,2026-05-15 10:06,,2026-05-30
PO/VSP/26-27/00215,2026-05-14 10:44,V0304,VSP,8029,10.42,83662.18,PUR-VSP-02,DM-VSP,Depot Manager,2026-05-14 18:52,,2026-05-30
PO/BLR/26-27/00344,2026-05-14 10:45,V0277,BLR,624,33.39,20835.36,PUR-BLR-01,DM-BLR,Depot Manager,2026-05-15 10:02,2026-05-22 10:17,2026-05-23
PO/HYD/26-27/00622,2026-05-14 10:45,V0411,HYD,1895,9.39,17794.05,PUR-HYD-01,DM-HYD,Depot Manager,2026-05-14 15:48,,2026-06-12
PO/HYD/26-27/00623,2026-05-14 10:46,V0261,HYD,15,1288.43,19326.45,PUR-HYD-02,DM-HYD,Depot Manager,2026-05-18 10:25,,2026-06-03
PO/BLR/26-27/00345,2026-05-14 10:47,V0083,BLR,276,1024.96,282888.96,PUR-BLR-03,FC-01,Finance Controller,2026-05-15 13:06,2026-05-19 12:52,2026-05-31
PO/BLR/26-27/00346,2026-05-14 10:49,V0310,BLR,37,1297.97,48024.89,PUR-BLR-03,DM-BLR,Depot Manager,2026-05-14 13:26,2026-05-28 16:38,2026-06-01
PO/VSP/26-27/00216,2026-05-14 12:21,V0038,VSP,1136,100.72,114417.92,PUR-VSP-03,FC-01,Finance Controller,2026-05-16 11:48,2026-05-26 10:05,2026-05-28
PO/BLR/26-27/00347,2026-05-14 13:00,V0068,BLR,323,983.78,317760.94,PUR-BLR-01,FC-01,Finance Controller,2026-05-15 16:20,,2026-05-23
PO/VJA/26-27/00301,2026-05-14 13:41,V0004,VJA,4733,15.76,74592.08,PUR-VJA-02,DM-VJA,Depot Manager,2026-05-15 10:14,,2026-06-03
PO/HYD/26-27/00624,2026-05-14 13:49,V0185,HYD,28,754.80,21134.40,PUR-HYD-03,DM-HYD,Depot Manager,2026-05-15 10:41,2026-05-18 17:48,2026-05-27
PO/BLR/26-27/00348,2026-05-14 14:26,V0041,BLR,1050,1344.28,1411494.00,PUR-BLR-01,CFO-01,CFO,2026-05-16 14:00,,2026-06-05
PO/VJA/26-27/00302,2026-05-14 14:34,V0080,VJA,17720,51.71,916301.20,PUR-VJA-01,CFO-01,CFO,2026-05-18 10:32,,2026-06-03
PO/HYD/26-27/00625,2026-05-14 14:47,V0302,HYD,399,90.88,36261.12,PUR-HYD-02,DM-HYD,Depot Manager,2026-05-15 10:48,2026-05-18 10:49,2026-06-13
PO/VSP/26-27/00217,2026-05-14 15:30,V0256,VSP,11637,105.14,1223514.18,PUR-VSP-02,FC-01,Finance Controller,2026-05-16 13:23,,2026-05-22
PO/VSP/26-27/00218,2026-05-14 16:11,V0437,VSP,5418,146.58,794170.44,PUR-VSP-01,CFO-01,CFO,2026-05-16 13:09,,2026-06-07
PO/BLR/26-27/00349,2026-05-14 16:14,V0018,BLR,168,1397.56,234790.08,PUR-BLR-01,FC-01,Finance Controller,2026-05-15 10:15,2026-05-19 15:08,2026-05-31
PO/HYD/26-27/00626,2026-05-14 16:25,V0339,HYD,1590,12.84,20415.60,PUR-HYD-02,DM-HYD,Depot Manager,2026-05-18 10:39,,2026-06-06
PO/VSP/26-27/00219,2026-05-14 17:03,V0148,VSP,41,761.71,31230.11,PUR-VSP-01,DM-VSP,Depot Manager,2026-05-15 10:13,2026-05-18 10:33,2026-06-13
PO/HYD/26-27/00627,2026-05-14 17:18,V0083,HYD,2042,8.03,16397.26,PUR-HYD-03,DM-HYD,Depot Manager,2026-05-15 10:50,,2026-06-12
PO/HYD/26-27/00628,2026-05-14 17:30,V0052,HYD,78,212.42,16568.76,PUR-HYD-02,DM-HYD,Depot Manager,2026-05-15 10:12,,2026-06-03
PO/HYD/26-27/00629,2026-05-14 17:48,V0185,HYD,28719,52.94,1520383.86,PUR-HYD-01,CFO-01,CFO,2026-05-18 10:11,,2026-05-21
PO/HYD/26-27/00630,2026-05-15 10:01,V0451,HYD,276,888.66,245270.16,PUR-HYD-03,FC-01,Finance Controller,2026-05-16 10:37,2026-05-19 10:31,2026-06-06
PO/HYD/26-27/00631,2026-05-15 10:01,V0196,HYD,9001,38.56,347078.56,PUR-HYD-02,FC-01,Finance Controller,2026-05-16 10:06,,2026-05-29
PO/WGL/26-27/00197,2026-05-15 10:05,V0126,WGL,11,1765.43,19419.73,PUR-WGL-02,DM-WGL,Depot Manager,2026-05-16 10:50,,2026-05-30
PO/BLR/26-27/00350,2026-05-15 10:05,V0193,BLR,5384,14.67,78983.28,PUR-BLR-01,DM-BLR,Depot Manager,2026-05-15 17:06,2026-05-16 10:37,2026-06-05
PO/HYD/26-27/00632,2026-05-15 10:05,V0020,HYD,23114,13.15,303949.10,PUR-HYD-03,FC-01,Finance Controller,2026-05-16 15:20,,2026-05-29
PO/HYD/26-27/00633,2026-05-15 10:06,V0304,HYD,652,207.42,135237.84,PUR-HYD-03,FC-01,Finance Controller,2026-05-16 11:03,2026-05-21 10:04,2026-05-31
PO/HYD/26-27/00634,2026-05-15 10:11,V0332,HYD,3001,87.41,262317.41,PUR-HYD-02,FC-01,Finance Controller,2026-05-18 10:44,2026-05-21 16:30,2026-06-13
PO/VJA/26-27/00303,2026-05-15 10:11,V0056,VJA,1808,10.94,19779.52,PUR-VJA-01,DM-VJA,Depot Manager,2026-05-15 10:16,2026-05-22 10:37,2026-05-26
PO/HBL/26-27/00156,2026-05-15 10:12,V0387,HBL,8774,21.27,186622.98,PUR-HBL-03,FC-01,Finance Controller,2026-05-15 10:18,,2026-06-02
PO/VJA/26-27/00304,2026-05-15 10:13,V0086,VJA,330,445.57,147038.10,PUR-VJA-01,FC-01,Finance Controller,2026-05-15 11:48,2026-05-25 10:38,2026-05-29
PO/BLR/26-27/00351,2026-05-15 10:13,V0311,BLR,815,20.38,16609.70,PUR-BLR-03,DM-BLR,Depot Manager,2026-05-15 10:42,,2026-05-28
PO/VJA/26-27/00305,2026-05-15 10:14,V0178,VJA,1073,10.37,11127.01,PUR-VJA-03,DM-VJA,Depot Manager,2026-05-15 13:02,2026-05-20 18:18,2026-06-05
PO/HYD/26-27/00635,2026-05-15 10:20,V0104,HYD,21470,29.95,643026.50,PUR-HYD-01,CFO-01,CFO,2026-05-18 10:35,,2026-06-13
PO/HYD/26-27/00636,2026-05-15 10:23,V0442,HYD,305,165.13,50364.65,PUR-HYD-03,DM-HYD,Depot Manager,2026-05-15 18:32,,2026-05-28
PO/HYD/26-27/00637,2026-05-15 10:24,V0266,HYD,1100,11.89,13079.00,PUR-HYD-01,DM-HYD,Depot Manager,2026-05-15 17:04,2026-06-03 10:13,2026-06-05
PO/BLR/26-27/00352,2026-05-15 10:25,V0500,BLR,30430,8.31,252873.30,PUR-BLR-01,FC-01,Finance Controller,2026-05-15 11:23,,2026-06-13
PO/VSP/26-27/00220,2026-05-15 10:28,V0079,VSP,240,694.01,166562.40,PUR-VSP-01,FC-01,Finance Controller,2026-05-18 10:29,2026-05-25 10:16,2026-06-01
PO/VJA/26-27/00306,2026-05-15 10:29,V0042,VJA,32332,40.95,1323995.40,PUR-VJA-03,CFO-01,CFO,2026-05-18 10:39,,2026-05-25
PO/VSP/26-27/00221,2026-05-15 10:32,V0275,VSP,1846,33.67,62154.82,PUR-VSP-03,DM-VSP,Depot Manager,2026-05-15 11:21,,2026-05-28
PO/HYD/26-27/00638,2026-05-15 10:39,V0409,HYD,508,332.08,168696.64,PUR-HYD-03,FC-01,Finance Controller,2026-05-16 10:05,2026-05-23 13:05,2026-06-05
PO/HYD/26-27/00639,2026-05-15 10:40,V0484,HYD,83,1512.75,125558.25,PUR-HYD-03,FC-01,Finance Controller,2026-05-15 11:26,,2026-06-06
PO/BLR/26-27/00353,2026-05-15 10:45,V0459,BLR,9005,122.24,1100771.20,PUR-BLR-01,CFO-01,CFO,2026-05-16 12:13,,2026-05-28
PO/HYD/26-27/00640,2026-05-15 10:48,V0027,HYD,1282,17.16,21999.12,PUR-HYD-01,DM-HYD,Depot Manager,2026-05-15 11:11,2026-05-18 10:48,2026-05-27
PO/HYD/26-27/00641,2026-05-15 10:48,V0250,HYD,1332,399.91,532680.12,PUR-HYD-03,CFO-01,CFO,2026-05-18 10:25,,2026-05-26
PO/WGL/26-27/00198,2026-05-15 11:03,V0319,WGL,1032,140.64,145140.48,PUR-WGL-03,FC-01,Finance Controller,2026-05-15 17:11,,2026-06-13
PO/HYD/26-27/00642,2026-05-15 11:07,V0372,HYD,252,102.64,25865.28,PUR-HYD-01,DM-HYD,Depot Manager,2026-05-15 15:03,,2026-05-31
PO/HYD/26-27/00643,2026-05-15 11:56,V0100,HYD,1517,120.30,182495.10,PUR-HYD-02,FC-01,Finance Controller,2026-05-16 10:26,,2026-06-12
PO/HYD/26-27/00644,2026-05-15 12:36,V0193,HYD,183,72.31,13232.73,PUR-HYD-03,DM-HYD,Depot Manager,2026-05-15 16:17,2026-05-19 10:21,2026-06-11
PO/HBL/26-27/00157,2026-05-15 13:00,V0020,HBL,5699,32.62,185901.38,PUR-HBL-03,FC-01,Finance Controller,2026-05-18 10:44,,2026-06-11
PO/VJA/26-27/00307,2026-05-15 13:57,V0193,VJA,22,1089.41,23967.02,PUR-VJA-03,DM-VJA,Depot Manager,2026-05-16 10:21,,2026-05-27
PO/HYD/26-27/00645,2026-05-15 14:30,V0056,HYD,454,300.04,136218.16,PUR-HYD-02,FC-01,Finance Controller,2026-05-16 14:38,2026-05-27 10:03,2026-06-13
PO/HYD/26-27/00646,2026-05-15 14:53,V0067,HYD,44,323.27,14223.88,PUR-HYD-02,DM-HYD,Depot Manager,2026-05-15 18:17,2026-05-18 10:12,2026-06-04
PO/VJA/26-27/00308,2026-05-15 15:32,V0291,VJA,890,66.99,59621.10,PUR-VJA-01,DM-VJA,Depot Manager,2026-05-16 10:11,,2026-06-01
PO/HYD/26-27/00647,2026-05-15 16:48,V0226,HYD,551,727.29,400736.79,PUR-HYD-01,FC-01,Finance Controller,2026-05-18 10:26,,2026-06-08
PO/HYD/26-27/00648,2026-05-15 17:06,V0445,HYD,111,603.98,67041.78,PUR-HYD-02,DM-HYD,Depot Manager,2026-05-16 10:46,,2026-06-11
PO/HYD/26-27/00649,2026-05-15 17:30,V0438,HYD,60221,8.97,540182.37,PUR-HYD-02,FC-01,Finance Controller,2026-05-18 10:38,,2026-06-14
PO/WGL/26-27/00199,2026-05-15 17:34,V0286,WGL,8824,34.39,303457.36,PUR-WGL-02,FC-01,Finance Controller,2026-05-16 13:28,2026-05-26 10:42,2026-06-02
PO/HYD/26-27/00650,2026-05-15 17:40,V0057,HYD,251,519.09,130291.59,PUR-HYD-03,FC-01,Finance Controller,2026-05-18 10:50,,2026-06-10
PO/BLR/26-27/00354,2026-05-15 17:41,V0136,BLR,103,849.18,87465.54,PUR-BLR-03,DM-BLR,Depot Manager,2026-05-16 10:17,2026-05-20 10:03,2026-06-07
PO/HYD/26-27/00651,2026-05-15 18:51,V0487,HYD,479,35.96,17224.84,PUR-HYD-03,DM-HYD,Depot Manager,2026-05-16 10:35,,2026-05-28
PO/HYD/26-27/00652,2026-05-15 18:58,V0146,HYD,2642,8.65,22853.30,PUR-HYD-03,DM-HYD,Depot Manager,2026-05-16 10:12,2026-05-21 10:23,2026-05-26
PO/HYD/26-27/00653,2026-05-16 10:06,V0462,HYD,124,300.90,37311.60,PUR-HYD-01,DM-HYD,Depot Manager,2026-05-16 10:23,,2026-05-27
PO/HYD/26-27/00654,2026-05-16 10:06,V0266,HYD,3993,12.19,48674.67,PUR-HYD-01,DM-HYD,Depot Manager,2026-05-16 14:31,,2026-06-01
PO/HYD/26-27/00655,2026-05-16 10:08,V0136,HYD,22198,8.16,181135.68,PUR-HYD-03,FC-01,Finance Controller,2026-05-18 10:24,2026-05-26 18:49,2026-06-07
PO/VSP/26-27/00222,2026-05-16 10:10,V0194,VSP,108,557.00,60156.00,PUR-VSP-02,DM-VSP,Depot Manager,2026-05-16 10:50,2026-05-22 10:25,2026-06-10
PO/HYD/26-27/00656,2026-05-16 10:10,V0029,HYD,1933,19.56,37809.48,PUR-HYD-02,DM-HYD,Depot Manager,2026-05-16 14:52,,2026-06-02
PO/HYD/26-27/00657,2026-05-16 10:11,V0027,HYD,5832,57.60,335923.20,PUR-HYD-01,FC-01,Finance Controller,2026-05-18 10:29,,2026-06-15
PO/BLR/26-27/00355,2026-05-16 10:11,V0075,BLR,88,1645.79,144829.52,PUR-BLR-02,FC-01,Finance Controller,2026-05-18 10:35,,2026-06-02
PO/BLR/26-27/00356,2026-05-16 10:16,V0062,BLR,81726,9.24,755148.24,PUR-BLR-01,CFO-01,CFO,2026-05-19 10:31,,2026-05-28
PO/HYD/26-27/00658,2026-05-16 10:19,V0043,HYD,573,656.63,376248.99,PUR-HYD-03,FC-01,Finance Controller,2026-05-18 10:03,,2026-06-03
PO/VSP/26-27/00223,2026-05-16 10:20,V0130,VSP,427,139.01,59357.27,PUR-VSP-03,DM-VSP,Depot Manager,2026-05-16 10:44,,2026-06-06
PO/BLR/26-27/00357,2026-05-16 10:22,V0256,BLR,324,373.93,121153.32,PUR-BLR-01,FC-01,Finance Controller,2026-05-18 10:11,2026-05-20 10:31,2026-06-03
PO/VJA/26-27/00309,2026-05-16 10:25,V0201,VJA,14,1175.26,16453.64,PUR-VJA-02,DM-VJA,Depot Manager,2026-05-16 11:38,,2026-06-12
PO/VSP/26-27/00224,2026-05-16 10:28,V0010,VSP,46,281.81,12963.26,PUR-VSP-02,DM-VSP,Depot Manager,2026-05-16 11:37,2026-06-01 10:39,2026-06-07
PO/VSP/26-27/00225,2026-05-16 10:28,V0125,VSP,2693,465.85,1254534.05,PUR-VSP-01,CFO-01,CFO,2026-05-18 10:10,,2026-06-11
PO/HBL/26-27/00158,2026-05-16 10:29,V0304,HBL,11,1783.04,19613.44,PUR-HBL-01,DM-HBL,Depot Manager,2026-05-16 12:39,,2026-05-31
PO/VJA/26-27/00310,2026-05-16 10:31,V0036,VJA,5656,45.74,258705.44,PUR-VJA-02,FC-01,Finance Controller,2026-05-18 10:43,2026-05-19 11:42,2026-06-14
PO/HYD/26-27/00659,2026-05-16 10:31,V0066,HYD,380,43.22,16423.60,PUR-HYD-03,DM-HYD,Depot Manager,2026-05-16 10:50,,2026-05-23
PO/VJA/26-27/00311,2026-05-16 10:32,V0018,VJA,7,1293.61,9055.27,PUR-VJA-02,DM-VJA,Depot Manager,2026-05-16 11:47,2026-05-23 10:31,2026-05-29
PO/BLR/26-27/00358,2026-05-16 10:37,V0293,BLR,547,605.38,331142.86,PUR-BLR-01,FC-01,Finance Controller,2026-05-19 10:48,,2026-06-13
PO/BLR/26-27/00359,2026-05-16 10:40,V0148,BLR,37,792.83,29334.71,PUR-BLR-03,DM-BLR,Depot Manager,2026-05-16 17:44,2026-06-01 10:29,2026-06-08
PO/HYD/26-27/00660,2026-05-16 10:42,V0347,HYD,4560,17.94,81806.40,PUR-HYD-02,DM-HYD,Depot Manager,2026-05-16 12:07,,2026-06-03
PO/HYD/26-27/00661,2026-05-16 10:46,V0101,HYD,112,699.46,78339.52,PUR-HYD-01,DM-HYD,Depot Manager,2026-05-18 10:42,,2026-05-27
PO/VJA/26-27/00312,2026-05-16 13:17,V0479,VJA,636,536.98,341519.28,PUR-VJA-02,FC-01,Finance Controller,2026-05-18 10:18,,2026-06-07
PO/HYD/26-27/00662,2026-05-16 15:07,V0056,HYD,81,153.25,12413.25,PUR-HYD-02,DM-HYD,Depot Manager,2026-05-18 10:34,2026-05-21 10:03,2026-06-11
PO/HYD/26-27/00663,2026-05-16 15:09,V0101,HYD,2697,45.57,122902.29,PUR-HYD-02,FC-01,Finance Controller,2026-05-18 13:24,2026-05-19 10:10,2026-06-15
PO/BLR/26-27/00360,2026-05-16 15:26,V0400,BLR,7544,37.83,285389.52,PUR-BLR-02,FC-01,Finance Controller,2026-05-18 10:26,,2026-06-06
PO/HYD/26-27/00664,2026-05-16 15:27,V0340,HYD,1314,200.84,263903.76,PUR-HYD-01,FC-01,Finance Controller,2026-05-18 10:34,2026-05-25 10:13,2026-06-03
PO/WGL/26-27/00200,2026-05-16 16:11,V0099,WGL,2415,143.53,346624.95,PUR-WGL-02,FC-01,Finance Controller,2026-05-18 10:08,,2026-05-31
PO/HYD/26-27/00665,2026-05-16 16:40,V0100,HYD,5225,26.90,140552.50,PUR-HYD-02,FC-01,Finance Controller,2026-05-18 10:30,2026-05-26 12:59,2026-05-31
PO/VSP/26-27/00226,2026-05-16 17:20,V0133,VSP,13922,12.24,170405.28,PUR-VSP-03,FC-01,Finance Controller,2026-05-18 09:36,,2026-06-10
PO/BLR/26-27/00361,2026-05-16 18:08,V0176,BLR,585,178.27,104287.95,PUR-BLR-01,FC-01,Finance Controller,2026-05-18 10:18,,2026-05-28
PO/WGL/26-27/00201,2026-05-16 18:16,V0124,WGL,103,368.50,37955.50,PUR-WGL-02,DM-WGL,Depot Manager,2026-05-18 10:50,,2026-06-03
PO/BLR/26-27/00362,2026-05-17 14:54,V0042,BLR,190,271.34,51554.60,PUR-BLR-03,DM-BLR,Depot Manager,2026-05-17 17:27,2026-05-19 10:41,2026-05-24
PO/BLR/26-27/00363,2026-05-18 10:03,V0359,BLR,83,558.08,46320.64,PUR-BLR-02,DM-BLR,Depot Manager,2026-05-18 10:19,2026-05-29 15:16,2026-05-28
PO/HBL/26-27/00159,2026-05-18 10:04,V0091,HBL,1766,35.24,62233.84,PUR-HBL-01,DM-HBL,Depot Manager,2026-05-18 10:27,,2026-05-28
PO/VSP/26-27/00227,2026-05-18 10:07,V0137,VSP,910,77.44,70470.40,PUR-VSP-01,DM-VSP,Depot Manager,2026-05-18 10:50,,2026-06-13
PO/BLR/26-27/00364,2026-05-18 10:07,V0246,BLR,636,96.49,61367.64,PUR-BLR-02,DM-BLR,Depot Manager,2026-05-18 10:24,,2026-06-14
PO/WGL/26-27/00202,2026-05-18 10:08,V0021,WGL,5867,12.95,75977.65,PUR-WGL-02,DM-WGL,Depot Manager,2026-05-18 18:47,,2026-05-30
PO/BLR/26-27/00365,2026-05-18 10:09,V0098,BLR,33804,9.46,319785.84,PUR-BLR-02,FC-01,Finance Controller,2026-05-19 10:33,2026-05-22 10:57,2026-05-25
PO/VJA/26-27/00313,2026-05-18 10:11,V0076,VJA,749,198.88,148961.12,PUR-VJA-01,FC-01,Finance Controller,2026-05-18 13:44,2026-05-26 10:32,2026-06-07
PO/VSP/26-27/00228,2026-05-18 10:14,V0407,VSP,1205,67.81,81711.05,PUR-VSP-01,DM-VSP,Depot Manager,2026-05-18 10:32,2026-06-01 10:15,2026-06-09
PO/VJA/26-27/00314,2026-05-18 10:14,V0081,VJA,36375,12.04,437955.00,PUR-VJA-03,FC-01,Finance Controller,2026-05-18 10:34,,2026-05-28
PO/HYD/26-27/00666,2026-05-18 10:14,V0079,HYD,3559,55.52,197595.68,PUR-HYD-02,FC-01,Finance Controller,2026-05-19 10:16,,2026-05-26
PO/BLR/26-27/00366,2026-05-18 10:16,V0223,BLR,128,161.41,20660.48,PUR-BLR-01,DM-BLR,Depot Manager,2026-05-18 10:22,,2026-06-08
PO/HYD/26-27/00667,2026-05-18 10:17,V0397,HYD,1476,482.66,712406.16,PUR-HYD-01,CFO-01,CFO,2026-05-20 10:49,,2026-05-28
PO/BLR/26-27/00367,2026-05-18 10:18,V0488,BLR,19,1264.50,24025.50,PUR-BLR-03,DM-BLR,Depot Manager,2026-05-19 10:50,,2026-06-06
PO/HBL/26-27/00160,2026-05-18 10:18,V0069,HBL,155,849.44,131663.20,PUR-HBL-03,FC-01,Finance Controller,2026-05-19 15:53,,2026-06-01
PO/HYD/26-27/00668,2026-05-18 10:18,V0229,HYD,216,319.73,69061.68,PUR-HYD-01,DM-HYD,Depot Manager,2026-05-18 10:29,,2026-06-14
PO/VJA/26-27/00315,2026-05-18 10:22,V0041,VJA,69,997.49,68826.81,PUR-VJA-03,DM-VJA,Depot Manager,2026-05-18 11:57,2026-05-20 10:06,2026-06-10
PO/HBL/26-27/00161,2026-05-18 10:22,V0048,HBL,225,218.23,49101.75,PUR-HBL-03,DM-HBL,Depot Manager,2026-05-18 11:48,,2026-05-25
PO/HYD/26-27/00669,2026-05-18 10:24,V0400,HYD,4462,138.08,616112.96,PUR-HYD-01,CFO-01,CFO,2026-05-19 11:43,,2026-06-17
PO/HYD/26-27/00670,2026-05-18 10:25,V0184,HYD,390,163.97,63948.30,PUR-HYD-01,DM-HYD,Depot Manager,2026-05-18 10:40,,2026-05-26
PO/HYD/26-27/00671,2026-05-18 10:29,V0124,HYD,855,448.48,383450.40,PUR-HYD-03,FC-01,Finance Controller,2026-05-19 10:08,,2026-06-11
PO/HYD/26-27/00672,2026-05-18 10:29,V0261,HYD,389,186.53,72560.17,PUR-HYD-01,DM-HYD,Depot Manager,2026-05-18 11:24,2026-05-27 12:35,2026-05-27
PO/HYD/26-27/00673,2026-05-18 10:30,V0447,HYD,131,846.81,110932.11,PUR-HYD-01,FC-01,Finance Controller,2026-05-18 12:26,,2026-06-13
PO/BLR/26-27/00368,2026-05-18 10:34,V0018,BLR,4512,11.11,50128.32,PUR-BLR-02,DM-BLR,Depot Manager,2026-05-18 12:11,,2026-06-01
PO/HYD/26-27/00674,2026-05-18 10:35,V0483,HYD,3209,22.43,71977.87,PUR-HYD-02,DM-HYD,Depot Manager,2026-05-19 14:35,,2026-06-03
PO/BLR/26-27/00369,2026-05-18 10:35,V0358,BLR,1323,18.03,23853.69,PUR-BLR-01,DM-BLR,Depot Manager,2026-05-18 11:41,,2026-06-09
PO/VSP/26-27/00229,2026-05-18 10:35,V0379,VSP,493,162.78,80250.54,PUR-VSP-01,DM-VSP,Depot Manager,2026-05-18 11:59,,2026-06-13
PO/HYD/26-27/00675,2026-05-18 10:36,V0365,HYD,781,392.13,306253.53,PUR-HYD-01,FC-01,Finance Controller,2026-05-19 10:27,,2026-06-04
PO/WGL/26-27/00203,2026-05-18 10:38,V0081,WGL,510,274.67,140081.70,PUR-WGL-03,FC-01,Finance Controller,2026-05-19 10:16,,2026-06-13
PO/HYD/26-27/00676,2026-05-18 10:40,V0292,HYD,3135,16.03,50254.05,PUR-HYD-01,DM-HYD,Depot Manager,2026-05-19 10:08,2026-05-28 09:32,2026-05-28
PO/VJA/26-27/00316,2026-05-18 10:40,V0124,VJA,4629,231.68,1072446.72,PUR-VJA-02,CFO-01,CFO,2026-05-19 17:15,,2026-05-25
PO/BLR/26-27/00370,2026-05-18 10:42,V0067,BLR,34685,15.97,553919.45,PUR-BLR-02,CFO-01,CFO,2026-05-20 10:50,,2026-06-08
PO/VJA/26-27/00317,2026-05-18 10:42,V0169,VJA,209,912.03,190614.27,PUR-VJA-01,FC-01,Finance Controller,2026-05-18 11:16,,2026-06-12
PO/HYD/26-27/00677,2026-05-18 10:43,V0023,HYD,1164,94.45,109939.80,PUR-HYD-03,FC-01,Finance Controller,2026-05-19 09:51,2026-06-01 10:28,2026-05-25
PO/HYD/26-27/00678,2026-05-18 10:44,V0410,HYD,4289,9.56,41002.84,PUR-HYD-01,DM-HYD,Depot Manager,2026-05-18 11:10,2026-05-25 10:20,2026-05-25
PO/WGL/26-27/00204,2026-05-18 10:44,V0335,WGL,714,1469.39,1049144.46,PUR-WGL-02,CFO-01,CFO,2026-05-19 10:41,,2026-06-06
PO/HYD/26-27/00679,2026-05-18 10:45,V0315,HYD,2805,68.13,191104.65,PUR-HYD-01,FC-01,Finance Controller,2026-05-19 10:28,2026-05-23 15:41,2026-06-12
PO/WGL/26-27/00205,2026-05-18 10:46,V0100,WGL,55,1280.95,70452.25,PUR-WGL-02,DM-WGL,Depot Manager,2026-05-18 12:24,2026-05-29 10:46,2026-06-08
PO/VJA/26-27/00318,2026-05-18 10:48,V0080,VJA,543,1188.46,645333.78,PUR-VJA-02,CFO-01,CFO,2026-05-20 10:30,,2026-05-31
PO/BLR/26-27/00371,2026-05-18 11:38,V0225,BLR,48,1223.70,58737.60,PUR-BLR-02,DM-BLR,Depot Manager,2026-05-19 10:50,,2026-06-03
PO/VSP/26-27/00230,2026-05-18 11:52,V0193,VSP,294,173.02,50867.88,PUR-VSP-03,DM-VSP,Depot Manager,2026-05-19 10:14,,2026-06-10
PO/VJA/26-27/00319,2026-05-18 12:08,V0016,VJA,497,662.62,329322.14,PUR-VJA-01,FC-01,Finance Controller,2026-05-20 16:54,,2026-06-01
PO/WGL/26-27/00206,2026-05-18 12:20,V0377,WGL,1910,32.81,62667.10,PUR-WGL-02,DM-WGL,Depot Manager,2026-05-18 13:58,,2026-05-30
PO/BLR/26-27/00372,2026-05-18 13:06,V0339,BLR,1961,16.43,32219.23,PUR-BLR-03,DM-BLR,Depot Manager,2026-05-19 10:35,,2026-06-05
PO/VSP/26-27/00231,2026-05-18 13:20,V0479,VSP,1470,1033.90,1519833.00,PUR-VSP-01,FC-01,Finance Controller,2026-05-20 10:41,,2026-06-03
PO/HBL/26-27/00162,2026-05-18 13:28,V0478,HBL,8480,15.09,127963.20,PUR-HBL-01,FC-01,Finance Controller,2026-05-20 10:13,,2026-05-31
PO/HYD/26-27/00680,2026-05-18 13:56,V0487,HYD,24,935.09,22442.16,PUR-HYD-02,DM-HYD,Depot Manager,2026-05-18 15:21,,2026-06-12
PO/HYD/26-27/00681,2026-05-18 15:29,V0300,HYD,1057,130.37,137801.09,PUR-HYD-01,FC-01,Finance Controller,2026-05-20 10:25,2026-05-25 10:47,2026-05-31
PO/BLR/26-27/00373,2026-05-18 15:39,V0055,BLR,16544,12.06,199520.64,PUR-BLR-03,FC-01,Finance Controller,2026-05-20 15:04,2026-05-25 10:40,2026-05-29
PO/HYD/26-27/00682,2026-05-18 15:53,V0483,HYD,34,613.83,20870.22,PUR-HYD-01,DM-HYD,Depot Manager,2026-05-20 10:35,,2026-06-11
PO/BLR/26-27/00374,2026-05-18 16:34,V0327,BLR,2309,132.08,304972.72,PUR-BLR-03,FC-01,Finance Controller,2026-05-20 10:31,,2026-06-06
PO/HYD/26-27/00683,2026-05-18 17:06,V0058,HYD,23,873.55,20091.65,PUR-HYD-01,DM-HYD,Depot Manager,2026-05-20 10:01,,2026-06-08
PO/HYD/26-27/00684,2026-05-18 17:59,V0423,HYD,584,394.23,230230.32,PUR-HYD-02,FC-01,Finance Controller,2026-05-19 10:05,2026-06-01 10:09,2026-05-29
PO/VSP/26-27/00232,2026-05-19 10:02,V0207,VSP,6381,61.24,390772.44,PUR-VSP-03,FC-01,Finance Controller,2026-05-20 10:30,,2026-06-14
PO/BLR/26-27/00375,2026-05-19 10:03,V0340,BLR,16,919.39,14710.24,PUR-BLR-02,DM-BLR,Depot Manager,2026-05-19 10:06,2026-05-26 11:17,2026-06-18
PO/HYD/26-27/00685,2026-05-19 10:09,V0225,HYD,568,37.61,21362.48,PUR-HYD-01,DM-HYD,Depot Manager,2026-05-20 13:42,,2026-05-26
PO/BLR/26-27/00376,2026-05-19 10:09,V0016,BLR,219,154.84,33909.96,PUR-BLR-03,DM-BLR,Depot Manager,2026-05-20 10:03,2026-05-26 10:21,2026-05-31
PO/BLR/26-27/00377,2026-05-19 10:11,V0107,BLR,216,81.83,17675.28,PUR-BLR-02,DM-BLR,Depot Manager,2026-05-19 13:16,,2026-06-03
PO/VSP/26-27/00233,2026-05-19 10:13,V0225,VSP,120,284.56,34147.20,PUR-VSP-03,DM-VSP,Depot Manager,2026-05-19 11:29,2026-06-03 10:31,2026-06-09
PO/BLR/26-27/00378,2026-05-19 10:13,V0025,BLR,186,106.29,19769.94,PUR-BLR-03,DM-BLR,Depot Manager,2026-05-19 10:38,2026-05-19 22:23,2026-06-17
PO/VJA/26-27/00320,2026-05-19 10:15,V0033,VJA,41148,19.46,800740.08,PUR-VJA-03,CFO-01,CFO,2026-05-21 10:37,,2026-06-01
PO/BLR/26-27/00379,2026-05-19 10:18,V0031,BLR,15950,11.86,189167.00,PUR-BLR-02,FC-01,Finance Controller,2026-05-19 11:11,,2026-06-03
PO/HYD/26-27/00686,2026-05-19 10:20,V0002,HYD,13,1441.68,18741.84,PUR-HYD-03,DM-HYD,Depot Manager,2026-05-19 17:15,,2026-05-31
PO/VSP/26-27/00234,2026-05-19 10:22,V0086,VSP,6150,11.01,67711.50,PUR-VSP-03,DM-VSP,Depot Manager,2026-05-19 12:28,,2026-06-18
PO/VSP/26-27/00235,2026-05-19 10:22,V0276,VSP,1148,180.34,207030.32,PUR-VSP-02,FC-01,Finance Controller,2026-05-21 10:22,,2026-06-12
PO/BLR/26-27/00380,2026-05-19 10:24,V0488,BLR,19349,9.84,190394.16,PUR-BLR-02,FC-01,Finance Controller,2026-05-20 10:48,,2026-06-07
PO/VJA/26-27/00321,2026-05-19 10:25,V0191,VJA,1241,13.92,17274.72,PUR-VJA-01,DM-VJA,Depot Manager,2026-05-20 10:45,,2026-06-06
PO/VSP/26-27/00236,2026-05-19 10:27,V0136,VSP,315,518.30,163264.50,PUR-VSP-01,FC-01,Finance Controller,2026-05-20 10:01,2026-06-01 10:32,2026-06-10
PO/VJA/26-27/00322,2026-05-19 10:28,V0068,VJA,635,340.86,216446.10,PUR-VJA-02,FC-01,Finance Controller,2026-05-20 10:49,,2026-06-10
PO/HBL/26-27/00163,2026-05-19 10:32,V0046,HBL,26572,8.14,216296.08,PUR-HBL-02,FC-01,Finance Controller,2026-05-19 17:02,,2026-06-08
PO/HBL/26-27/00164,2026-05-19 10:34,V0433,HBL,2127,87.88,186920.76,PUR-HBL-02,FC-01,Finance Controller,2026-05-20 16:21,2026-05-23 17:31,2026-06-18
PO/HYD/26-27/00687,2026-05-19 10:36,V0455,HYD,3406,47.50,161785.00,PUR-HYD-03,FC-01,Finance Controller,2026-05-20 10:36,2026-05-20 18:36,2026-05-26
PO/HYD/26-27/00688,2026-05-19 10:41,V0340,HYD,1148,17.49,20078.52,PUR-HYD-03,DM-HYD,Depot Manager,2026-05-19 13:56,2026-05-22 12:25,2026-06-12
PO/VSP/26-27/00237,2026-05-19 10:41,V0409,VSP,51548,15.77,812911.96,PUR-VSP-01,CFO-01,CFO,2026-05-20 10:27,,2026-06-06
PO/VJA/26-27/00323,2026-05-19 10:43,V0298,VJA,3492,96.97,338619.24,PUR-VJA-03,FC-01,Finance Controller,2026-05-19 15:42,,2026-06-08
PO/BLR/26-27/00381,2026-05-19 10:43,V0079,BLR,232,44.51,10326.32,PUR-BLR-03,DM-BLR,Depot Manager,2026-05-19 11:13,2026-05-25 10:34,2026-06-11
PO/HYD/26-27/00689,2026-05-19 10:46,V0100,HYD,985,37.72,37154.20,PUR-HYD-02,DM-HYD,Depot Manager,2026-05-19 18:06,,2026-06-11
PO/BLR/26-27/00382,2026-05-19 10:47,V0419,BLR,24546,38.37,941830.02,PUR-BLR-01,CFO-01,CFO,2026-05-20 16:21,,2026-06-16
PO/VJA/26-27/00324,2026-05-19 11:24,V0360,VJA,2925,72.88,213174.00,PUR-VJA-01,FC-01,Finance Controller,2026-05-22 10:29,,2026-06-09
PO/VJA/26-27/00325,2026-05-19 11:39,V0187,VJA,43,1144.24,49202.32,PUR-VJA-02,DM-VJA,Depot Manager,2026-05-20 10:35,2026-05-22 11:34,2026-06-02
PO/HBL/26-27/00165,2026-05-19 13:28,V0048,HBL,68,1211.47,82379.96,PUR-HBL-01,DM-HBL,Depot Manager,2026-05-22 10:42,,2026-06-09
PO/HYD/26-27/00690,2026-05-19 14:16,V0394,HYD,130,316.00,41080.00,PUR-HYD-03,DM-HYD,Depot Manager,2026-05-21 10:24,,2026-06-05
PO/WGL/26-27/00207,2026-05-19 14:43,V0396,WGL,234,1068.05,249923.70,PUR-WGL-03,FC-01,Finance Controller,2026-05-20 10:11,2026-05-20 22:23,2026-06-05
PO/BLR/26-27/00383,2026-05-19 18:01,V0029,BLR,835,28.05,23421.75,PUR-BLR-03,DM-BLR,Depot Manager,2026-05-20 10:29,2026-05-21 10:26,2026-06-18
PO/HYD/26-27/00691,2026-05-19 18:36,V0184,HYD,98,320.68,31426.64,PUR-HYD-01,DM-HYD,Depot Manager,2026-05-20 14:58,,2026-06-03
PO/BLR/26-27/00384,2026-05-20 10:02,V0128,BLR,228,1698.07,387159.96,PUR-BLR-02,FC-01,Finance Controller,2026-05-21 10:25,,2026-06-02
PO/BLR/26-27/00385,2026-05-20 10:08,V0145,BLR,1497,44.45,66541.65,PUR-BLR-03,DM-BLR,Depot Manager,2026-05-20 12:52,2026-05-23 22:16,2026-06-18
PO/HYD/26-27/00692,2026-05-20 10:09,V0149,HYD,124,128.61,15947.64,PUR-HYD-03,DM-HYD,Depot Manager,2026-05-20 10:57,,2026-06-14
PO/HBL/26-27/00166,2026-05-20 10:12,V0049,HBL,888,29.63,26311.44,PUR-HBL-01,DM-HBL,Depot Manager,2026-05-22 11:32,,2026-06-05
PO/VSP/26-27/00238,2026-05-20 10:14,V0424,VSP,3501,22.53,78877.53,PUR-VSP-02,DM-VSP,Depot Manager,2026-05-21 10:31,2026-06-04 10:43,2026-06-19
PO/BLR/26-27/00386,2026-05-20 10:14,V0277,BLR,1006,25.31,25461.86,PUR-BLR-01,DM-BLR,Depot Manager,2026-05-21 10:22,,2026-06-02
PO/BLR/26-27/00387,2026-05-20 10:15,V0023,BLR,801,464.32,371920.32,PUR-BLR-02,FC-01,Finance Controller,2026-05-23 10:29,,2026-05-29
PO/BLR/26-27/00388,2026-05-20 10:16,V0226,BLR,749,327.59,245364.91,PUR-BLR-02,FC-01,Finance Controller,2026-05-20 10:29,,2026-06-14
PO/HYD/26-27/00693,2026-05-20 10:25,V0128,HYD,18622,17.20,320298.40,PUR-HYD-02,FC-01,Finance Controller,2026-05-22 10:01,,2026-05-29
PO/BLR/26-27/00389,2026-05-20 10:27,V0020,BLR,1095,13.01,14245.95,PUR-BLR-01,DM-BLR,Depot Manager,2026-05-20 10:42,2026-05-23 14:12,2026-06-02
PO/BLR/26-27/00390,2026-05-20 10:30,V0191,BLR,197,1348.01,265557.97,PUR-BLR-03,FC-01,Finance Controller,2026-05-21 10:19,,2026-05-29
PO/HBL/26-27/00167,2026-05-20 10:34,V0346,HBL,3611,43.48,157006.28,PUR-HBL-03,FC-01,Finance Controller,2026-05-21 14:56,2026-05-25 10:35,2026-06-14
PO/VSP/26-27/00239,2026-05-20 10:35,V0095,VSP,572,52.56,30064.32,PUR-VSP-01,DM-VSP,Depot Manager,2026-05-21 10:30,,2026-06-15
PO/WGL/26-27/00208,2026-05-20 10:35,V0149,WGL,540,88.77,47935.80,PUR-WGL-01,DM-WGL,Depot Manager,2026-05-22 10:39,,2026-06-16
PO/VJA/26-27/00326,2026-05-20 10:37,V0451,VJA,310,1044.46,323782.60,PUR-VJA-03,FC-01,Finance Controller,2026-05-22 10:42,,2026-05-29
PO/HYD/26-27/00694,2026-05-20 10:37,V0041,HYD,324,1071.89,347292.36,PUR-HYD-01,FC-01,Finance Controller,2026-05-20 12:35,,2026-06-01
PO/HYD/26-27/00695,2026-05-20 10:38,V0193,HYD,2117,27.51,58238.67,PUR-HYD-01,DM-HYD,Depot Manager,2026-05-20 10:50,2026-05-29 10:29,2026-06-19
PO/BLR/26-27/00391,2026-05-20 10:39,V0324,BLR,13,1494.52,19428.76,PUR-BLR-03,DM-BLR,Depot Manager,2026-05-20 14:50,,2026-05-29
PO/VSP/26-27/00240,2026-05-20 10:47,V0063,VSP,2108,18.69,39398.52,PUR-VSP-03,DM-VSP,Depot Manager,2026-05-22 10:31,,2026-06-02
PO/HYD/26-27/00696,2026-05-20 10:47,V0397,HYD,149,127.08,18934.92,PUR-HYD-03,DM-HYD,Depot Manager,2026-05-21 10:50,,2026-06-19
PO/BLR/26-27/00392,2026-05-20 10:48,V0106,BLR,38,1056.58,40150.04,PUR-BLR-03,DM-BLR,Depot Manager,2026-05-21 12:15,,2026-06-08
PO/VJA/26-27/00327,2026-05-20 10:49,V0065,VJA,137,740.72,101478.64,PUR-VJA-02,FC-01,Finance Controller,2026-05-21 10:09,,2026-06-06
PO/HYD/26-27/00697,2026-05-20 10:56,V0159,HYD,838,28.83,24159.54,PUR-HYD-03,DM-HYD,Depot Manager,2026-05-21 10:44,,2026-05-31
PO/VSP/26-27/00241,2026-05-20 13:01,V0352,VSP,82,500.83,41068.06,PUR-VSP-01,DM-VSP,Depot Manager,2026-05-21 10:29,,2026-06-10
PO/HYD/26-27/00698,2026-05-20 13:02,V0202,HYD,13,1421.68,18481.84,PUR-HYD-02,DM-HYD,Depot Manager,2026-05-22 10:27,,2026-06-11
PO/HYD/26-27/00699,2026-05-20 14:04,V0343,HYD,1713,9.93,17010.09,PUR-HYD-01,DM-HYD,Depot Manager,2026-05-21 10:01,,2026-06-02
PO/VJA/26-27/00328,2026-05-20 14:32,V0294,VJA,324,681.93,220945.32,PUR-VJA-02,FC-01,Finance Controller,2026-05-21 10:18,2026-05-23 10:22,2026-05-29
PO/WGL/26-27/00209,2026-05-20 17:14,V0005,WGL,9034,22.60,204168.40,PUR-WGL-01,FC-01,Finance Controller,2026-05-21 18:15,,2026-06-13
PO/BLR/26-27/00393,2026-05-20 18:40,V0254,BLR,383,278.70,106742.10,PUR-BLR-03,FC-01,Finance Controller,2026-05-21 10:23,,2026-05-31
PO/HBL/26-27/00168,2026-05-21 10:05,V0305,HBL,3550,67.31,238950.50,PUR-HBL-03,FC-01,Finance Controller,2026-05-23 10:45,,2026-06-14
PO/VJA/26-27/00329,2026-05-21 10:06,V0107,VJA,37,382.42,14149.54,PUR-VJA-03,DM-VJA,Depot Manager,2026-05-21 14:05,2026-05-22 13:45,2026-06-15
PO/VSP/26-27/00242,2026-05-21 10:08,V0423,VSP,4605,12.05,55490.25,PUR-VSP-02,DM-VSP,Depot Manager,2026-05-22 11:03,,2026-06-08
PO/VJA/26-27/00330,2026-05-21 10:10,V0302,VJA,78,149.32,11646.96,PUR-VJA-02,DM-VJA,Depot Manager,2026-05-21 18:29,2026-05-28 10:37,2026-06-05
PO/HBL/26-27/00169,2026-05-21 10:10,V0025,HBL,841,104.28,87699.48,PUR-HBL-02,DM-HBL,Depot Manager,2026-05-21 15:59,2026-05-25 10:19,2026-06-09
PO/WGL/26-27/00210,2026-05-21 10:11,V0357,WGL,4526,272.67,1234104.42,PUR-WGL-01,FC-01,Finance Controller,2026-05-22 13:37,,2026-06-03
PO/HYD/26-27/00700,2026-05-21 10:13,V0420,HYD,23,1365.51,31406.73,PUR-HYD-03,DM-HYD,Depot Manager,2026-05-22 10:48,,2026-06-18
PO/HYD/26-27/00701,2026-05-21 10:15,V0183,HYD,18937,14.94,282918.78,PUR-HYD-02,FC-01,Finance Controller,2026-05-22 10:02,2026-06-06 12:05,2026-06-16
PO/HYD/26-27/00702,2026-05-21 10:16,V0351,HYD,969,184.32,178606.08,PUR-HYD-02,FC-01,Finance Controller,2026-05-22 17:02,,2026-06-14
PO/HYD/26-27/00703,2026-05-21 10:17,V0140,HYD,119,189.03,22494.57,PUR-HYD-02,DM-HYD,Depot Manager,2026-05-21 16:52,2026-05-27 10:17,2026-06-15
PO/VJA/26-27/00331,2026-05-21 10:17,V0209,VJA,531,573.55,304555.05,PUR-VJA-02,FC-01,Finance Controller,2026-05-22 09:49,2026-05-25 10:37,2026-06-14
PO/HBL/26-27/00170,2026-05-21 10:18,V0384,HBL,3334,12.41,41374.94,PUR-HBL-03,DM-HBL,Depot Manager,2026-05-22 10:49,,2026-06-17
PO/VJA/26-27/00332,2026-05-21 10:20,V0424,VJA,9610,11.99,115223.90,PUR-VJA-03,FC-01,Finance Controller,2026-05-23 16:02,,2026-06-18
PO/VJA/26-27/00333,2026-05-21 10:20,V0412,VJA,1135,127.65,144882.75,PUR-VJA-02,FC-01,Finance Controller,2026-05-21 10:41,,2026-06-06
PO/HYD/26-27/00704,2026-05-21 10:21,V0121,HYD,308,170.70,52575.60,PUR-HYD-03,DM-HYD,Depot Manager,2026-05-21 13:20,,2026-06-20
PO/VJA/26-27/00334,2026-05-21 10:22,V0467,VJA,645,1156.55,745974.75,PUR-VJA-03,FC-01,Finance Controller,2026-05-21 11:53,,
PO/VJA/26-27/00335,2026-05-21 10:25,V0079,VJA,3798,18.18,69047.64,PUR-VJA-02,DM-VJA,Depot Manager,2026-05-21 13:52,,2026-05-29
PO/VJA/26-27/00336,2026-05-21 10:26,V0465,VJA,2206,29.00,63974.00,PUR-VJA-03,DM-VJA,Depot Manager,2026-05-22 10:42,,2026-06-06
PO/VSP/26-27/00243,2026-05-21 10:27,V0179,VSP,1032,64.36,66419.52,PUR-VSP-02,DM-VSP,Depot Manager,2026-05-21 15:28,,2026-06-08
PO/VJA/26-27/00337,2026-05-21 10:27,V0415,VJA,92,736.62,67769.04,PUR-VJA-01,DM-VJA,Depot Manager,2026-05-21 17:28,,2026-06-15
PO/VJA/26-27/00338,2026-05-21 10:27,V0043,VJA,1687,23.75,40066.25,PUR-VJA-01,DM-VJA,Depot Manager,2026-05-21 10:31,,2026-06-10
PO/BLR/26-27/00394,2026-05-21 10:30,V0054,BLR,1880,212.40,399312.00,PUR-BLR-01,FC-01,Finance Controller,2026-05-21 11:05,,2026-06-01
PO/HYD/26-27/00705,2026-05-21 10:36,V0330,HYD,17700,12.69,224613.00,PUR-HYD-01,FC-01,Finance Controller,2026-05-22 10:06,,2026-06-06
PO/HYD/26-27/00706,2026-05-21 10:37,V0377,HYD,20,637.33,12746.60,PUR-HYD-03,DM-HYD,Depot Manager,2026-05-22 10:19,2026-05-25 10:01,2026-06-11
PO/HYD/26-27/00707,2026-05-21 10:38,V0079,HYD,61,627.27,38263.47,PUR-HYD-03,DM-HYD,Depot Manager,2026-05-21 11:58,2026-05-22 16:49,2026-06-19
PO/VSP/26-27/00244,2026-05-21 10:45,V0384,VSP,102,855.74,87285.48,PUR-VSP-02,DM-VSP,Depot Manager,2026-05-21 17:46,,2026-06-12
PO/HYD/26-27/00708,2026-05-21 10:45,V0317,HYD,184,162.72,29940.48,PUR-HYD-02,DM-HYD,Depot Manager,2026-05-22 10:19,,2026-06-06
PO/BLR/26-27/00395,2026-05-21 10:47,V0470,BLR,244,199.93,48782.92,PUR-BLR-02,DM-BLR,Depot Manager,2026-05-22 10:38,,2026-06-09
PO/BLR/26-27/00396,2026-05-21 11:11,V0137,BLR,400,567.34,226936.00,PUR-BLR-01,FC-01,Finance Controller,2026-05-22 14:42,,2026-06-18
PO/VSP/26-27/00245,2026-05-21 12:19,V0132,VSP,733,202.09,148131.97,PUR-VSP-01,FC-01,Finance Controller,2026-05-22 11:04,,2026-06-02
PO/VSP/26-27/00246,2026-05-21 12:51,V0136,VSP,1226,70.96,86996.96,PUR-VSP-01,DM-VSP,Depot Manager,2026-05-22 10:33,,2026-06-18
PO/HYD/26-27/00709,2026-05-21 13:01,V0171,HYD,3716,89.65,333139.40,PUR-HYD-02,FC-01,Finance Controller,2026-05-22 10:44,,2026-05-28
PO/BLR/26-27/00397,2026-05-21 13:47,V0488,BLR,231,55.56,12834.36,PUR-BLR-01,DM-BLR,Depot Manager,2026-05-22 10:36,2026-06-08 12:46,2026-06-12
PO/HYD/26-27/00710,2026-05-21 17:29,V0079,HYD,27,1038.86,28049.22,PUR-HYD-03,DM-HYD,Depot Manager,2026-05-25 10:34,,2026-06-15
PO/WGL/26-27/00211,2026-05-21 17:49,V0068,WGL,13,679.12,8828.56,PUR-WGL-03,DM-WGL,Depot Manager,2026-05-22 10:38,2026-05-25 10:09,2026-06-06
PO/HYD/26-27/00711,2026-05-21 17:50,V0076,HYD,1507,189.64,285787.48,PUR-HYD-02,FC-01,Finance Controller,2026-05-22 11:53,,2026-05-30
PO/VJA/26-27/00339,2026-05-21 18:38,V0489,VJA,10921,12.71,138805.91,PUR-VJA-02,FC-01,Finance Controller,2026-05-26 10:05,,2026-05-30
PO/VSP/26-27/00247,2026-05-22 10:02,V0158,VSP,3763,9.51,35786.13,PUR-VSP-01,DM-VSP,Depot Manager,2026-05-22 10:14,2026-05-23 15:17,2026-06-06
PO/HYD/26-27/00712,2026-05-22 10:04,V0214,HYD,2606,19.15,49904.90,PUR-HYD-01,DM-HYD,Depot Manager,2026-05-22 10:37,,2026-06-20
PO/BLR/26-27/00398,2026-05-22 10:05,V0109,BLR,48,348.89,16746.72,PUR-BLR-01,DM-BLR,Depot Manager,2026-05-22 10:31,,2026-06-08
PO/VSP/26-27/00248,2026-05-22 10:09,V0324,VSP,25,1244.26,31106.50,PUR-VSP-03,DM-VSP,Depot Manager,2026-05-22 11:17,,2026-06-13
PO/WGL/26-27/00212,2026-05-22 10:10,V0198,WGL,473,154.50,73078.50,PUR-WGL-03,DM-WGL,Depot Manager,2026-05-22 18:45,2026-05-23 17:40,2026-06-21
PO/VSP/26-27/00249,2026-05-22 10:18,V0029,VSP,1860,10.29,19139.40,PUR-VSP-02,DM-VSP,Depot Manager,2026-05-25 10:39,,2026-06-15
PO/WGL/26-27/00213,2026-05-22 10:18,V0358,WGL,33,1085.62,35825.46,PUR-WGL-03,DM-WGL,Depot Manager,2026-05-22 10:36,,2026-06-07
PO/HYD/26-27/00713,2026-05-22 10:19,V0323,HYD,112,84.70,9486.40,PUR-HYD-01,DM-HYD,Depot Manager,2026-05-22 10:21,2026-06-06 10:32,2026-06-08
PO/HBL/26-27/00171,2026-05-22 10:23,V0176,HBL,5765,8.66,49924.90,PUR-HBL-03,DM-HBL,Depot Manager,2026-05-23 10:28,,2026-06-12
PO/WGL/26-27/00214,2026-05-22 10:23,V0140,WGL,14206,13.05,185388.30,PUR-WGL-01,FC-01,Finance Controller,2026-05-23 17:34,2026-06-08 10:08,2026-06-02
PO/HYD/26-27/00714,2026-05-22 10:26,V0273,HYD,48,379.20,18201.60,PUR-HYD-03,DM-HYD,Depot Manager,2026-05-25 13:17,,2026-06-07
PO/VJA/26-27/00340,2026-05-22 10:29,V0484,VJA,7,1732.17,12125.19,PUR-VJA-01,DM-VJA,Depot Manager,2026-05-22 11:15,2026-05-23 10:09,2026-06-03
PO/HBL/26-27/00172,2026-05-22 10:32,V0014,HBL,13,1149.38,14941.94,PUR-HBL-02,DM-HBL,Depot Manager,2026-05-22 14:24,2026-05-27 10:24,2026-06-06
PO/HYD/26-27/00715,2026-05-22 10:33,V0085,HYD,1399,59.80,83660.20,PUR-HYD-02,DM-HYD,Depot Manager,2026-05-23 10:06,,2026-06-13
PO/HYD/26-27/00716,2026-05-22 10:36,V0171,HYD,38,681.90,25912.20,PUR-HYD-01,DM-HYD,Depot Manager,2026-05-23 10:10,,2026-06-04
PO/WGL/26-27/00215,2026-05-22 10:36,V0223,WGL,2280,57.64,131419.20,PUR-WGL-01,FC-01,Finance Controller,2026-05-23 10:30,,2026-06-21
PO/HYD/26-27/00717,2026-05-22 10:41,V0004,HYD,14362,9.22,132417.64,PUR-HYD-03,FC-01,Finance Controller,2026-05-25 10:10,,2026-06-13
PO/VJA/26-27/00341,2026-05-22 10:43,V0040,VJA,37,1749.10,64716.70,PUR-VJA-02,DM-VJA,Depot Manager,2026-05-22 12:37,,2026-06-15
PO/HYD/26-27/00718,2026-05-22 10:44,V0167,HYD,1504,29.64,44578.56,PUR-HYD-03,DM-HYD,Depot Manager,2026-05-22 15:13,2026-05-27 15:24,2026-06-15
PO/WGL/26-27/00216,2026-05-22 10:46,V0450,WGL,809,223.92,181151.28,PUR-WGL-03,FC-01,Finance Controller,2026-05-22 11:08,,2026-06-14
PO/WGL/26-27/00217,2026-05-22 10:48,V0156,WGL,2792,116.52,325323.84,PUR-WGL-03,FC-01,Finance Controller,2026-05-23 16:12,,2026-06-12
PO/HBL/26-27/00173,2026-05-22 12:34,V0171,HBL,3775,18.03,68063.25,PUR-HBL-03,DM-HBL,Depot Manager,2026-05-23 11:42,,2026-06-17
PO/HYD/26-27/00719,2026-05-22 12:46,V0083,HYD,1671,10.62,17746.02,PUR-HYD-01,DM-HYD,Depot Manager,2026-05-23 10:12,,2026-05-31
PO/WGL/26-27/00218,2026-05-22 15:08,V0466,WGL,287,668.65,191902.55,PUR-WGL-02,FC-01,Finance Controller,2026-05-23 13:18,,2026-06-15
PO/BLR/26-27/00399,2026-05-22 16:56,V0302,BLR,474,73.17,34682.58,PUR-BLR-02,DM-BLR,Depot Manager,2026-05-23 10:47,,2026-06-15
PO/BLR/26-27/00400,2026-05-22 17:02,V0030,BLR,8984,23.57,211752.88,PUR-BLR-03,FC-01,Finance Controller,2026-05-23 10:05,2026-06-01 10:22,2026-06-21
PO/HYD/26-27/00720,2026-05-22 18:41,V0270,HYD,365,43.78,15979.70,PUR-HYD-02,DM-HYD,Depot Manager,2026-05-23 10:24,2026-06-04 10:20,2026-06-13
PO/HYD/26-27/00721,2026-05-22 18:52,V0355,HYD,93,652.75,60705.75,PUR-HYD-01,DM-HYD,Depot Manager,2026-05-25 10:24,,2026-06-07
PO/BLR/26-27/00401,2026-05-23 03:58,V0408,BLR,1791,11.86,21241.26,PUR-BLR-02,DM-BLR,Depot Manager,2026-05-23 20:25,,2026-06-07
PO/HYD/26-27/00722,2026-05-23 09:59,V0433,HYD,54,312.32,16865.28,PUR-HYD-03,DM-HYD,Depot Manager,2026-05-25 10:14,2026-06-08 10:05,2026-06-09
PO/HYD/26-27/00723,2026-05-23 10:01,V0014,HYD,1006,15.95,16045.70,PUR-HYD-02,DM-HYD,Depot Manager,2026-05-23 10:38,2026-05-27 15:37,2026-06-07
PO/HYD/26-27/00724,2026-05-23 10:03,V0222,HYD,1267,42.28,53568.76,PUR-HYD-03,DM-HYD,Depot Manager,2026-05-25 10:38,,2026-06-01
PO/VSP/26-27/00250,2026-05-23 10:03,V0436,VSP,44039,11.97,527146.83,PUR-VSP-01,CFO-01,CFO,2026-05-25 18:33,,2026-06-20
PO/VJA/26-27/00342,2026-05-23 10:10,V0405,VJA,55,382.27,21024.85,PUR-VJA-01,DM-VJA,Depot Manager,2026-05-25 10:50,2026-05-26 10:03,2026-05-31
PO/BLR/26-27/00402,2026-05-23 10:12,V0013,BLR,763,561.82,428668.66,PUR-BLR-03,FC-01,Finance Controller,2026-05-25 10:01,,2026-06-16
PO/VSP/26-27/00251,2026-05-23 10:14,V0245,VSP,130,785.24,102081.20,PUR-VSP-02,FC-01,Finance Controller,2026-05-23 10:38,,2026-06-05
PO/BLR/26-27/00403,2026-05-23 10:24,V0023,BLR,2910,15.18,44173.80,PUR-BLR-01,DM-BLR,Depot Manager,2026-05-23 11:29,2026-06-01 09:46,2026-06-16
PO/HYD/26-27/00725,2026-05-23 10:30,V0381,HYD,50150,25.86,1296879.00,PUR-HYD-01,CFO-01,CFO,2026-05-25 10:29,,2026-05-31
PO/VSP/26-27/00252,2026-05-23 10:36,V0128,VSP,716,453.68,324834.88,PUR-VSP-03,FC-01,Finance Controller,2026-05-25 10:41,,2026-06-12
PO/VJA/26-27/00343,2026-05-23 10:37,V0216,VJA,378,481.55,182025.90,PUR-VJA-03,FC-01,Finance Controller,2026-05-23 12:22,2026-05-27 15:08,2026-06-09
PO/HYD/26-27/00726,2026-05-23 10:40,V0043,HYD,3576,202.50,724140.00,PUR-HYD-02,CFO-01,CFO,2026-05-25 10:17,,2026-06-03
PO/WGL/26-27/00219,2026-05-23 10:42,V0266,WGL,2794,91.41,255399.54,PUR-WGL-03,FC-01,Finance Controller,2026-05-23 16:04,2026-06-01 10:23,2026-06-21
PO/HYD/26-27/00727,2026-05-23 10:42,V0235,HYD,1172,1239.46,1452647.12,PUR-HYD-03,CFO-01,CFO,2026-05-25 10:15,,2026-06-05
PO/HYD/26-27/00728,2026-05-23 10:45,V0402,HYD,167,813.01,135772.67,PUR-HYD-01,FC-01,Finance Controller,2026-05-25 10:32,,2026-05-30
PO/HYD/26-27/00729,2026-05-23 10:52,V0014,HYD,183,794.99,145483.17,PUR-HYD-01,FC-01,Finance Controller,2026-05-25 10:26,2026-05-26 16:42,2026-06-13
PO/BLR/26-27/00404,2026-05-23 11:30,V0349,BLR,356,227.21,80886.76,PUR-BLR-03,DM-BLR,Depot Manager,2026-05-23 13:14,,2026-06-16
PO/HBL/26-27/00174,2026-05-23 11:54,V0057,HBL,173,436.95,75592.35,PUR-HBL-03,DM-HBL,Depot Manager,2026-05-25 10:02,,2026-06-14
PO/WGL/26-27/00220,2026-05-23 12:23,V0444,WGL,1789,70.61,126321.29,PUR-WGL-03,FC-01,Finance Controller,2026-05-23 17:33,,2026-06-08
PO/HYD/26-27/00730,2026-05-23 12:45,V0302,HYD,20198,27.55,556454.90,PUR-HYD-03,CFO-01,CFO,2026-05-25 11:21,,2026-06-08
PO/HYD/26-27/00731,2026-05-23 13:39,V0387,HYD,546,43.23,23603.58,PUR-HYD-03,DM-HYD,Depot Manager,2026-05-25 10:29,,2026-06-22
PO/HYD/26-27/00732,2026-05-23 13:55,V0419,HYD,2224,140.27,311960.48,PUR-HYD-03,FC-01,Finance Controller,2026-05-25 10:43,2026-05-28 10:49,2026-06-18
PO/HYD/26-27/00733,2026-05-23 14:08,V0285,HYD,429,55.47,23796.63,PUR-HYD-03,DM-HYD,Depot Manager,2026-05-25 10:34,,2026-06-02
PO/HYD/26-27/00734,2026-05-23 14:12,V0475,HYD,151,522.17,78847.67,PUR-HYD-02,DM-HYD,Depot Manager,2026-05-25 10:27,,2026-06-07
PO/VJA/26-27/00344,2026-05-23 14:17,V0424,VJA,1133,22.33,25299.89,PUR-VJA-02,DM-VJA,Depot Manager,2026-05-25 10:07,,2026-06-06
PO/VJA/26-27/00345,2026-05-23 14:46,V0107,VJA,812,306.72,249056.64,PUR-VJA-01,FC-01,Finance Controller,2026-05-23 18:42,,2026-06-22
PO/HYD/26-27/00735,2026-05-23 16:11,V0018,HYD,6036,13.61,82149.96,PUR-HYD-02,DM-HYD,Depot Manager,2026-05-25 10:32,,2026-06-02
PO/BLR/26-27/00405,2026-05-23 17:04,V0315,BLR,480,315.26,151324.80,PUR-BLR-02,FC-01,Finance Controller,2026-05-25 14:23,2026-06-08 10:37,2026-06-19
PO/HBL/26-27/00175,2026-05-25 10:01,V0020,HBL,250,198.78,49695.00,PUR-HBL-01,DM-HBL,Depot Manager,2026-05-25 10:26,,2026-06-16
PO/HBL/26-27/00176,2026-05-25 10:02,V0463,HBL,1462,35.06,51257.72,PUR-HBL-01,DM-HBL,Depot Manager,2026-05-26 10:25,,2026-06-03
PO/HBL/26-27/00177,2026-05-25 10:04,V0054,HBL,10199,8.82,89955.18,PUR-HBL-03,DM-HBL,Depot Manager,2026-05-28 10:39,,2026-06-09
PO/BLR/26-27/00406,2026-05-25 10:09,V0187,BLR,294,161.30,47422.20,PUR-BLR-01,DM-BLR,Depot Manager,2026-05-25 10:45,,2026-06-23
PO/BLR/26-27/00407,2026-05-25 10:10,V0403,BLR,1692,109.78,185747.76,PUR-BLR-02,FC-01,Finance Controller,2026-05-25 14:24,,2026-06-09
PO/HYD/26-27/00736,2026-05-25 10:11,V0451,HYD,4570,32.87,150215.90,PUR-HYD-02,FC-01,Finance Controller,2026-05-25 10:17,,2026-06-17
PO/VJA/26-27/00346,2026-05-25 10:13,V0232,VJA,835,24.02,20056.70,PUR-VJA-01,DM-VJA,Depot Manager,2026-05-25 11:11,2026-05-29 10:20,2026-06-06
PO/WGL/26-27/00221,2026-05-25 10:13,V0207,WGL,513,36.86,18909.18,PUR-WGL-03,DM-WGL,Depot Manager,2026-05-25 10:30,2026-05-27 10:21,2026-06-22
PO/VJA/26-27/00347,2026-05-25 10:14,V0056,VJA,40,589.07,23562.80,PUR-VJA-03,DM-VJA,Depot Manager,2026-05-25 10:27,,2026-06-16
PO/WGL/26-27/00222,2026-05-25 10:14,V0043,WGL,10039,29.21,293239.19,PUR-WGL-02,FC-01,Finance Controller,2026-05-25 10:33,,2026-06-21
PO/VSP/26-27/00253,2026-05-25 10:14,V0285,VSP,10140,12.83,130096.20,PUR-VSP-01,FC-01,Finance Controller,2026-05-25 11:03,2026-05-28 10:14,2026-06-05
PO/HBL/26-27/00178,2026-05-25 10:15,V0016,HBL,36128,8.16,294804.48,PUR-HBL-02,FC-01,Finance Controller,2026-05-25 10:21,,2026-06-03
PO/BLR/26-27/00408,2026-05-25 10:16,V0393,BLR,134,1753.52,234971.68,PUR-BLR-01,FC-01,Finance Controller,2026-05-26 10:13,2026-06-01 10:35,2026-06-13
PO/HYD/26-27/00737,2026-05-25 10:16,V0300,HYD,1924,73.11,140663.64,PUR-HYD-02,FC-01,Finance Controller,2026-05-25 17:45,,2026-06-13
PO/VJA/26-27/00348,2026-05-25 10:16,V0493,VJA,2500,157.31,393275.00,PUR-VJA-01,FC-01,Finance Controller,2026-05-26 09:30,,2026-06-03
PO/WGL/26-27/00223,2026-05-25 10:17,V0063,WGL,1525,183.38,279654.50,PUR-WGL-01,FC-01,Finance Controller,2026-05-25 10:58,,2026-06-14
PO/HYD/26-27/00738,2026-05-25 10:17,V0023,HYD,2495,16.01,39944.95,PUR-HYD-03,DM-HYD,Depot Manager,2026-05-25 11:35,,2026-06-16
PO/VJA/26-27/00349,2026-05-25 10:17,V0150,VJA,660,29.98,19786.80,PUR-VJA-02,DM-VJA,Depot Manager,2026-05-25 10:36,,2026-06-07
PO/BLR/26-27/00409,2026-05-25 10:20,V0415,BLR,292,54.42,15890.64,PUR-BLR-02,DM-BLR,Depot Manager,2026-05-25 11:55,2026-05-27 10:24,2026-06-01
PO/HYD/26-27/00739,2026-05-25 10:21,V0254,HYD,199,143.28,28512.72,PUR-HYD-03,DM-HYD,Depot Manager,2026-05-25 10:38,,2026-06-20
PO/WGL/26-27/00224,2026-05-25 10:21,V0303,WGL,174,193.67,33698.58,PUR-WGL-02,DM-WGL,Depot Manager,2026-05-25 10:34,2026-06-03 10:04,2026-06-06
PO/BLR/26-27/00410,2026-05-25 10:23,V0295,BLR,8612,25.55,220036.60,PUR-BLR-03,FC-01,Finance Controller,2026-05-25 17:59,,2026-06-19
PO/HYD/26-27/00740,2026-05-25 10:25,V0144,HYD,37798,9.37,354167.26,PUR-HYD-02,FC-01,Finance Controller,2026-05-25 14:47,,2026-06-18
PO/VSP/26-27/00254,2026-05-25 10:27,V0156,VSP,2095,186.65,391031.75,PUR-VSP-01,FC-01,Finance Controller,2026-05-26 10:39,,2026-06-16
PO/HYD/26-27/00741,2026-05-25 10:27,V0083,HYD,9,1253.17,11278.53,PUR-HYD-01,DM-HYD,Depot Manager,2026-05-25 11:12,2026-05-26 10:26,2026-06-09
PO/HBL/26-27/00179,2026-05-25 10:27,V0453,HBL,147,337.46,49606.62,PUR-HBL-02,DM-HBL,Depot Manager,2026-05-25 10:53,,2026-06-16
PO/VSP/26-27/00255,2026-05-25 10:28,V0377,VSP,102,387.46,39520.92,PUR-VSP-01,DM-VSP,Depot Manager,2026-05-25 11:51,,2026-06-16
PO/HYD/26-27/00742,2026-05-25 10:28,V0467,HYD,2484,41.92,104129.28,PUR-HYD-01,FC-01,Finance Controller,2026-05-26 11:15,,2026-06-09
PO/BLR/26-27/00411,2026-05-25 10:30,V0223,BLR,613,35.00,21455.00,PUR-BLR-03,DM-BLR,Depot Manager,2026-05-25 11:37,,2026-06-02
PO/VSP/26-27/00256,2026-05-25 10:31,V0305,VSP,12358,27.85,344170.30,PUR-VSP-02,FC-01,Finance Controller,2026-05-25 10:40,,2026-06-04
PO/HYD/26-27/00743,2026-05-25 10:31,V0281,HYD,105,126.45,13277.25,PUR-HYD-02,DM-HYD,Depot Manager,2026-05-25 10:32,2026-05-28 10:32,2026-06-11
PO/HBL/26-27/00180,2026-05-25 10:32,V0461,HBL,93,215.70,20060.10,PUR-HBL-02,DM-HBL,Depot Manager,2026-05-25 11:11,2026-05-26 10:13,2026-06-23
PO/VSP/26-27/00257,2026-05-25 10:34,V0018,VSP,401,1709.33,685441.33,PUR-VSP-02,CFO-01,CFO,2026-05-26 15:46,,2026-06-12
PO/BLR/26-27/00412,2026-05-25 10:35,V0173,BLR,110,311.26,34238.60,PUR-BLR-03,DM-BLR,Depot Manager,2026-05-25 11:38,,2026-06-12
PO/VJA/26-27/00350,2026-05-25 10:40,V0163,VJA,3352,11.38,38145.76,PUR-VJA-03,DM-VJA,Depot Manager,2026-05-25 11:29,,2026-06-10
PO/BLR/26-27/00413,2026-05-25 10:41,V0207,BLR,402,46.65,18753.30,PUR-BLR-02,DM-BLR,Depot Manager,2026-05-25 13:40,2026-05-28 10:18,2026-06-11
PO/VJA/26-27/00351,2026-05-25 10:42,V0083,VJA,41,540.48,22159.68,PUR-VJA-02,DM-VJA,Depot Manager,2026-05-25 12:40,2026-05-27 16:37,2026-06-01
PO/VSP/26-27/00258,2026-05-25 10:43,V0179,VSP,3840,15.53,59635.20,PUR-VSP-03,DM-VSP,Depot Manager,2026-05-25 12:37,,2026-06-17
PO/VJA/26-27/00352,2026-05-25 10:43,V0083,VJA,2887,489.94,1414456.78,PUR-VJA-01,FC-01,Finance Controller,2026-05-25 10:47,,2026-06-07
PO/VJA/26-27/00353,2026-05-25 10:46,V0266,VJA,333,77.73,25884.09,PUR-VJA-02,DM-VJA,Depot Manager,2026-05-25 11:25,,2026-06-04
PO/HYD/26-27/00744,2026-05-25 10:46,V0045,HYD,1217,262.23,319133.91,PUR-HYD-02,FC-01,Finance Controller,2026-05-26 10:17,2026-05-27 10:08,2026-06-02
PO/BLR/26-27/00414,2026-05-25 10:48,V0317,BLR,1075,166.18,178643.50,PUR-BLR-02,FC-01,Finance Controller,2026-05-25 18:18,2026-05-28 10:33,2026-06-10
PO/VSP/26-27/00259,2026-05-25 11:11,V0266,VSP,1013,83.86,84950.18,PUR-VSP-02,DM-VSP,Depot Manager,2026-05-26 10:01,,2026-06-22
PO/HYD/26-27/00745,2026-05-25 12:33,V0146,HYD,60,506.51,30390.60,PUR-HYD-01,DM-HYD,Depot Manager,2026-05-25 14:28,,2026-06-07
PO/HYD/26-27/00746,2026-05-25 12:35,V0082,HYD,164,1113.78,182659.92,PUR-HYD-01,FC-01,Finance Controller,2026-05-25 13:16,,2026-06-07
PO/HBL/26-27/00181,2026-05-25 12:42,V0470,HBL,49,763.46,37409.54,PUR-HBL-01,DM-HBL,Depot Manager,2026-05-27 10:10,,2026-06-06
PO/HYD/26-27/00747,2026-05-25 13:06,V0098,HYD,161,1660.14,267282.54,PUR-HYD-01,FC-01,Finance Controller,2026-05-26 10:30,,2026-06-02
PO/WGL/26-27/00225,2026-05-25 13:11,V0148,WGL,1660,184.84,306834.40,PUR-WGL-01,FC-01,Finance Controller,2026-05-27 10:15,,2026-06-24
PO/VJA/26-27/00354,2026-05-25 13:15,V0326,VJA,181,726.43,131483.83,PUR-VJA-03,FC-01,Finance Controller,2026-05-25 14:08,,2026-06-21
PO/HYD/26-27/00748,2026-05-25 13:32,V0158,HYD,14,1393.92,19514.88,PUR-HYD-02,DM-HYD,Depot Manager,2026-05-26 10:50,,2026-06-11
PO/VJA/26-27/00355,2026-05-25 14:51,V0008,VJA,160,1232.87,197259.20,PUR-VJA-02,FC-01,Finance Controller,2026-05-27 10:25,,2026-06-04
PO/VJA/26-27/00356,2026-05-25 15:46,V0210,VJA,5145,35.10,180589.50,PUR-VJA-01,FC-01,Finance Controller,2026-05-27 10:22,,2026-06-12
PO/HYD/26-27/00749,2026-05-25 16:55,V0090,HYD,188,647.66,121760.08,PUR-HYD-01,FC-01,Finance Controller,2026-05-27 10:22,2026-06-01 10:42,2026-06-22
PO/VJA/26-27/00357,2026-05-25 17:46,V0245,VJA,3203,9.21,29499.63,PUR-VJA-02,DM-VJA,Depot Manager,2026-05-26 10:08,2026-06-01 10:15,2026-06-20
PO/WGL/26-27/00226,2026-05-25 18:21,V0259,WGL,8904,37.15,330783.60,PUR-WGL-01,FC-01,Finance Controller,2026-05-28 10:41,,2026-06-13
PO/BLR/26-27/00415,2026-05-26 09:36,V0154,BLR,114,656.00,74784.00,PUR-BLR-01,DM-BLR,Depot Manager,2026-05-27 10:08,2026-06-01 10:42,2026-06-19
PO/VSP/26-27/00260,2026-05-26 09:36,V0128,VSP,38890,10.63,413400.70,PUR-VSP-02,FC-01,Finance Controller,2026-05-28 10:03,,2026-06-11
PO/VSP/26-27/00261,2026-05-26 10:04,V0452,VSP,2329,35.72,83191.88,PUR-VSP-02,DM-VSP,Depot Manager,2026-05-27 12:11,,2026-06-05
PO/BLR/26-27/00416,2026-05-26 10:04,V0212,BLR,44,1258.13,55357.72,PUR-BLR-01,DM-BLR,Depot Manager,2026-05-26 16:52,,2026-06-10
PO/BLR/26-27/00417,2026-05-26 10:04,V0056,BLR,937,304.31,285138.47,PUR-BLR-03,FC-01,Finance Controller,2026-05-26 16:21,,2026-06-15
PO/BLR/26-27/00418,2026-05-26 10:06,V0101,BLR,110,494.12,54353.20,PUR-BLR-02,DM-BLR,Depot Manager,2026-05-26 11:18,2026-05-27 10:08,2026-06-16
PO/VJA/26-27/00358,2026-05-26 10:06,V0350,VJA,329,46.55,15314.95,PUR-VJA-03,DM-VJA,Depot Manager,2026-05-27 10:27,,2026-06-24
PO/VJA/26-27/00359,2026-05-26 10:10,V0325,VJA,553,27.01,14936.53,PUR-VJA-03,DM-VJA,Depot Manager,2026-05-27 10:38,2026-05-30 10:11,2026-06-23
PO/BLR/26-27/00419,2026-05-26 10:13,V0052,BLR,753,52.83,39780.99,PUR-BLR-01,DM-BLR,Depot Manager,2026-05-26 10:23,2026-05-29 10:42,
PO/HYD/26-27/00750,2026-05-26 10:25,V0029,HYD,49,402.17,19706.33,PUR-HYD-03,DM-HYD,Depot Manager,2026-05-27 10:04,2026-05-29 10:21,2026-06-06
PO/BLR/26-27/00420,2026-05-26 10:27,V0461,BLR,13243,13.55,179442.65,PUR-BLR-03,FC-01,Finance Controller,2026-05-27 12:34,,2026-06-08
PO/HYD/26-27/00751,2026-05-26 10:33,V0091,HYD,340,151.38,51469.20,PUR-HYD-03,DM-HYD,Depot Manager,2026-05-26 14:22,2026-05-30 12:27,2026-06-15
PO/VJA/26-27/00360,2026-05-26 10:33,V0396,VJA,1785,175.28,312874.80,PUR-VJA-01,FC-01,Finance Controller,2026-05-27 10:49,2026-06-06 10:44,2026-06-19
PO/HYD/26-27/00752,2026-05-26 10:35,V0031,HYD,829,11.42,9467.18,PUR-HYD-03,DM-HYD,Depot Manager,2026-05-26 10:39,2026-05-29 10:28,2026-06-23
PO/VJA/26-27/00361,2026-05-26 10:35,V0036,VJA,946,27.05,25589.30,PUR-VJA-01,DM-VJA,Depot Manager,2026-05-26 11:13,2026-06-06 10:42,2026-06-07
PO/VJA/26-27/00362,2026-05-26 10:37,V0261,VJA,127,161.04,20452.08,PUR-VJA-03,DM-VJA,Depot Manager,2026-05-26 11:31,2026-06-03 14:38,2026-06-17
PO/HBL/26-27/00182,2026-05-26 10:45,V0439,HBL,126,1176.33,148217.58,PUR-HBL-01,FC-01,Finance Controller,2026-05-27 12:59,,2026-06-19
PO/BLR/26-27/00421,2026-05-26 10:49,V0380,BLR,952,309.12,294282.24,PUR-BLR-03,FC-01,Finance Controller,2026-05-27 10:03,2026-05-28 10:37,2026-06-18
PO/BLR/26-27/00422,2026-05-26 10:50,V0021,BLR,687,21.02,14440.74,PUR-BLR-02,DM-BLR,Depot Manager,2026-05-27 10:04,2026-06-08 10:45,2026-06-20
PO/VJA/26-27/00363,2026-05-26 12:28,V0237,VJA,153,911.36,139438.08,PUR-VJA-01,FC-01,Finance Controller,2026-05-27 13:35,2026-06-11 10:28,2026-06-25
PO/HYD/26-27/00753,2026-05-26 13:36,V0309,HYD,123,526.10,64710.30,PUR-HYD-01,DM-HYD,Depot Manager,2026-05-27 10:05,2026-06-12 10:19,2026-06-22
PO/VSP/26-27/00262,2026-05-26 14:20,V0096,VSP,170,85.31,14502.70,PUR-VSP-02,DM-VSP,Depot Manager,2026-05-27 10:24,2026-05-28 10:25,2026-06-02
PO/BLR/26-27/00423,2026-05-26 14:28,V0471,BLR,87,208.72,18158.64,PUR-BLR-01,DM-BLR,Depot Manager,2026-05-27 10:40,,2026-06-08
PO/WGL/26-27/00227,2026-05-26 14:40,V0267,WGL,904,16.22,14662.88,PUR-WGL-01,DM-WGL,Depot Manager,2026-05-27 10:45,2026-06-01 10:21,2026-06-08
PO/VJA/26-27/00364,2026-05-26 15:06,V0107,VJA,100,642.23,64223.00,PUR-VJA-01,DM-VJA,Depot Manager,2026-05-27 10:35,,2026-06-15
PO/HYD/26-27/00754,2026-05-26 16:41,V0007,HYD,69,1014.95,70031.55,PUR-HYD-01,DM-HYD,Depot Manager,2026-05-27 10:45,,2026-06-25
PO/HYD/26-27/00755,2026-05-26 17:14,V0317,HYD,3554,29.75,105731.50,PUR-HYD-01,FC-01,Finance Controller,2026-05-27 14:53,,2026-06-13
PO/VSP/26-27/00263,2026-05-26 17:39,V0437,VSP,1088,103.53,112640.64,PUR-VSP-02,FC-01,Finance Controller,2026-05-28 10:20,,2026-06-08
PO/VSP/26-27/00264,2026-05-26 18:21,V0412,VSP,59,783.46,46224.14,PUR-VSP-01,DM-VSP,Depot Manager,2026-05-27 10:18,2026-06-09 10:08,2026-06-24
PO/HYD/26-27/00756,2026-05-26 18:31,V0114,HYD,14,1693.39,23707.46,PUR-HYD-03,DM-HYD,Depot Manager,2026-05-27 10:05,,2026-06-13
PO/BLR/26-27/00424,2026-05-27 09:40,V0479,BLR,1308,130.96,171295.68,PUR-BLR-02,FC-01,Finance Controller,2026-05-28 13:08,2026-06-10 16:34,2026-06-21
PO/VJA/26-27/00365,2026-05-27 10:06,V0033,VJA,47212,15.92,751615.04,PUR-VJA-02,CFO-01,CFO,2026-05-29 10:08,,2026-06-15
PO/BLR/26-27/00425,2026-05-27 10:09,V0261,BLR,498,246.56,122786.88,PUR-BLR-03,FC-01,Finance Controller,2026-05-28 10:24,,2026-06-09
PO/HYD/26-27/00757,2026-05-27 10:14,V0007,HYD,7975,17.45,139163.75,PUR-HYD-01,FC-01,Finance Controller,2026-05-28 10:05,2026-06-03 10:03,2026-06-03
PO/BLR/26-27/00426,2026-05-27 10:16,V0083,BLR,865,380.15,328829.75,PUR-BLR-01,FC-01,Finance Controller,2026-05-27 18:17,,2026-06-05
PO/HYD/26-27/00758,2026-05-27 10:21,V0440,HYD,44,716.27,31515.88,PUR-HYD-01,DM-HYD,Depot Manager,2026-05-28 10:37,,2026-06-11
PO/VSP/26-27/00265,2026-05-27 10:22,V0004,VSP,4862,12.69,61698.78,PUR-VSP-03,DM-VSP,Depot Manager,2026-05-27 14:15,,2026-06-25
PO/VSP/26-27/00266,2026-05-27 10:22,V0463,VSP,2606,44.70,116488.20,PUR-VSP-02,FC-01,Finance Controller,2026-05-28 09:49,2026-05-28 22:02,2026-06-22
PO/VJA/26-27/00366,2026-05-27 10:26,V0049,VJA,72,1492.56,107464.32,PUR-VJA-01,FC-01,Finance Controller,2026-05-28 15:06,,2026-06-17
PO/BLR/26-27/00427,2026-05-27 10:27,V0083,BLR,1611,33.06,53259.66,PUR-BLR-03,DM-BLR,Depot Manager,2026-05-27 15:29,2026-06-01 10:29,2026-06-08
PO/BLR/26-27/00428,2026-05-27 10:31,V0380,BLR,732,154.63,113189.16,PUR-BLR-01,FC-01,Finance Controller,2026-05-27 17:37,2026-05-29 10:53,2026-06-03
PO/HBL/26-27/00183,2026-05-27 10:32,V0436,HBL,9823,33.01,324257.23,PUR-HBL-02,FC-01,Finance Controller,2026-05-29 10:50,,2026-06-23
PO/VSP/26-27/00267,2026-05-27 10:33,V0473,VSP,418,175.44,73333.92,PUR-VSP-02,DM-VSP,Depot Manager,2026-05-28 10:43,,2026-06-20
PO/HYD/26-27/00759,2026-05-27 10:35,V0444,HYD,1427,18.15,25900.05,PUR-HYD-03,DM-HYD,Depot Manager,2026-05-28 10:36,,2026-06-07
PO/VJA/26-27/00367,2026-05-27 10:36,V0176,VJA,1194,16.53,19736.82,PUR-VJA-02,DM-VJA,Depot Manager,2026-05-28 10:16,,2026-06-14
PO/VSP/26-27/00268,2026-05-27 10:37,V0065,VSP,33,368.70,12167.10,PUR-VSP-03,DM-VSP,Depot Manager,2026-05-27 16:31,2026-05-30 13:58,2026-06-08
PO/HYD/26-27/00760,2026-05-27 10:40,V0251,HYD,2817,15.05,42395.85,PUR-HYD-01,DM-HYD,Depot Manager,2026-05-27 12:17,,2026-06-24
PO/HYD/26-27/00761,2026-05-27 10:47,V0004,HYD,1389,175.12,243241.68,PUR-HYD-01,FC-01,Finance Controller,2026-05-28 10:01,2026-06-04 18:34,2026-06-19
PO/VSP/26-27/00269,2026-05-27 12:40,V0036,VSP,1239,175.19,217060.41,PUR-VSP-02,FC-01,Finance Controller,2026-05-28 10:17,,2026-06-21
PO/BLR/26-27/00429,2026-05-27 13:55,V0174,BLR,488,266.60,130100.80,PUR-BLR-01,FC-01,Finance Controller,2026-05-28 15:42,,2026-06-25
PO/VSP/26-27/00270,2026-05-27 16:26,V0168,VSP,3539,91.04,322190.56,PUR-VSP-01,FC-01,Finance Controller,2026-05-28 10:48,,2026-06-25
PO/HYD/26-27/00762,2026-05-27 16:32,V0130,HYD,50,1604.83,80241.50,PUR-HYD-01,DM-HYD,Depot Manager,2026-05-28 10:01,2026-06-06 15:38,2026-06-16
PO/BLR/26-27/00430,2026-05-27 17:29,V0071,BLR,522,39.57,20655.54,PUR-BLR-03,DM-BLR,Depot Manager,2026-05-29 10:39,,2026-06-09
PO/BLR/26-27/00431,2026-05-27 18:51,V0424,BLR,24979,11.76,293753.04,PUR-BLR-02,FC-01,Finance Controller,2026-05-28 17:09,,2026-06-14
PO/BLR/26-27/00432,2026-05-28 09:56,V0162,BLR,339,1054.83,357587.37,PUR-BLR-01,FC-01,Finance Controller,2026-05-28 18:10,,2026-06-17
PO/HBL/26-27/00184,2026-05-28 10:08,V0255,HBL,1367,40.25,55021.75,PUR-HBL-01,DM-HBL,Depot Manager,2026-05-29 10:17,2026-06-08 17:59,2026-06-12
PO/HYD/26-27/00763,2026-05-28 10:09,V0445,HYD,37,835.08,30897.96,PUR-HYD-01,DM-HYD,Depot Manager,2026-05-28 11:59,2026-06-06 10:23,2026-06-06
PO/VJA/26-27/00368,2026-05-28 10:15,V0072,VJA,20,924.29,18485.80,PUR-VJA-01,DM-VJA,Depot Manager,2026-05-29 10:49,,2026-06-07
PO/HYD/26-27/00764,2026-05-28 10:16,V0119,HYD,38461,10.63,408840.43,PUR-HYD-03,FC-01,Finance Controller,2026-05-28 14:18,,2026-06-20
PO/BLR/26-27/00433,2026-05-28 10:16,V0160,BLR,14878,25.68,382067.04,PUR-BLR-02,FC-01,Finance Controller,2026-05-29 10:02,,2026-06-23
PO/VJA/26-27/00369,2026-05-28 10:20,V0434,VJA,32,983.48,31471.36,PUR-VJA-03,DM-VJA,Depot Manager,2026-05-28 16:52,2026-06-02 10:24,2026-06-19
PO/HYD/26-27/00765,2026-05-28 10:23,V0166,HYD,1226,95.45,117021.70,PUR-HYD-01,FC-01,Finance Controller,2026-05-28 14:29,2026-06-12 18:41,2026-06-12
PO/VJA/26-27/00370,2026-05-28 10:25,V0343,VJA,22740,9.23,209890.20,PUR-VJA-03,FC-01,Finance Controller,2026-05-29 10:14,,2026-06-07
PO/BLR/26-27/00434,2026-05-28 10:29,V0032,BLR,667,13.65,9104.55,PUR-BLR-02,DM-BLR,Depot Manager,2026-05-28 11:49,2026-06-05 12:37,2026-06-19
PO/BLR/26-27/00435,2026-05-28 10:34,V0025,BLR,3376,33.20,112083.20,PUR-BLR-03,FC-01,Finance Controller,2026-05-29 10:31,,2026-06-15
PO/VSP/26-27/00271,2026-05-28 10:42,V0176,VSP,960,359.06,344697.60,PUR-VSP-03,FC-01,Finance Controller,2026-05-29 13:20,,2026-06-06
PO/HYD/26-27/00766,2026-05-28 12:24,V0200,HYD,20,1446.58,28931.60,PUR-HYD-02,DM-HYD,Depot Manager,2026-05-29 10:50,2026-06-08 10:23,2026-06-22
PO/HYD/26-27/00767,2026-05-28 12:28,V0177,HYD,2974,21.39,63613.86,PUR-HYD-02,DM-HYD,Depot Manager,2026-05-29 10:16,2026-06-01 10:28,2026-06-27
PO/WGL/26-27/00228,2026-05-28 12:40,V0058,WGL,111,110.37,12251.07,PUR-WGL-02,DM-WGL,Depot Manager,2026-05-29 10:45,2026-06-01 10:36,2026-06-18
PO/VSP/26-27/00272,2026-05-28 12:49,V0012,VSP,532,66.65,35457.80,PUR-VSP-02,DM-VSP,Depot Manager,2026-05-29 10:24,2026-06-04 10:16,2026-06-20
PO/HYD/26-27/00768,2026-05-28 13:39,V0399,HYD,114,408.33,46549.62,PUR-HYD-02,DM-HYD,Depot Manager,2026-05-29 10:35,,2026-06-21
PO/BLR/26-27/00436,2026-05-28 14:09,V0128,BLR,1530,10.61,16233.30,PUR-BLR-03,DM-BLR,Depot Manager,2026-05-29 10:19,2026-06-01 10:45,2026-06-13
PO/WGL/26-27/00229,2026-05-28 15:09,V0206,WGL,102,674.85,68834.70,PUR-WGL-02,DM-WGL,Depot Manager,2026-05-29 10:20,,2026-06-21
PO/BLR/26-27/00437,2026-05-28 17:21,V0468,BLR,130,184.53,23988.90,PUR-BLR-03,DM-BLR,Depot Manager,2026-05-30 10:26,,2026-06-23
PO/HYD/26-27/00769,2026-05-28 18:34,V0148,HYD,47,1173.13,55137.11,PUR-HYD-02,DM-HYD,Depot Manager,2026-05-29 10:23,2026-06-04 16:09,2026-06-23
PO/HYD/26-27/00770,2026-05-28 18:41,V0493,HYD,249,72.51,18054.99,PUR-HYD-01,DM-HYD,Depot Manager,2026-05-29 11:18,,2026-06-04
PO/HBL/26-27/00185,2026-05-29 10:07,V0124,HBL,5697,17.74,101064.78,PUR-HBL-01,FC-01,Finance Controller,2026-06-01 10:09,,2026-06-12
PO/VJA/26-27/00371,2026-05-29 10:09,V0372,VJA,102,1527.49,155803.98,PUR-VJA-01,FC-01,Finance Controller,2026-05-30 10:27,2026-06-10 16:17,2026-06-12
PO/HYD/26-27/00771,2026-05-29 10:10,V0040,HYD,106,1773.77,188019.62,PUR-HYD-01,FC-01,Finance Controller,2026-06-01 10:40,,2026-06-19
PO/VSP/26-27/00273,2026-05-29 10:11,V0040,VSP,2237,96.85,216653.45,PUR-VSP-02,FC-01,Finance Controller,2026-06-01 10:03,2026-06-04 12:52,2026-06-14
PO/HYD/26-27/00772,2026-05-29 10:12,V0358,HYD,118,730.93,86249.74,PUR-HYD-02,DM-HYD,Depot Manager,2026-05-29 10:48,,2026-06-09
PO/WGL/26-27/00230,2026-05-29 10:14,V0065,WGL,4793,39.69,190234.17,PUR-WGL-03,FC-01,Finance Controller,2026-05-30 10:01,2026-06-02 12:58,2026-06-09
PO/VSP/26-27/00274,2026-05-29 10:17,V0128,VSP,1464,129.29,189280.56,PUR-VSP-01,FC-01,Finance Controller,2026-05-30 10:39,,2026-06-08
PO/HBL/26-27/00186,2026-05-29 10:19,V0065,HBL,945,89.38,84464.10,PUR-HBL-01,DM-HBL,Depot Manager,2026-06-01 10:43,,2026-06-07
PO/VSP/26-27/00275,2026-05-29 10:20,V0121,VSP,735,89.08,65473.80,PUR-VSP-01,DM-VSP,Depot Manager,2026-05-29 11:44,2026-06-02 10:36,2026-06-19
PO/WGL/26-27/00231,2026-05-29 10:21,V0096,WGL,1102,74.42,82010.84,PUR-WGL-02,DM-WGL,Depot Manager,2026-05-30 10:03,,2026-06-08
PO/HYD/26-27/00773,2026-05-29 10:21,V0304,HYD,53,178.06,9437.18,PUR-HYD-01,DM-HYD,Depot Manager,2026-05-30 10:41,2026-06-02 10:10,2026-06-14
PO/VJA/26-27/00372,2026-05-29 10:24,V0273,VJA,10410,33.62,349984.20,PUR-VJA-01,FC-01,Finance Controller,2026-06-01 10:14,,2026-06-26
PO/BLR/26-27/00438,2026-05-29 10:24,V0229,BLR,1314,646.37,849330.18,PUR-BLR-01,CFO-01,CFO,2026-06-01 10:49,,2026-06-23
PO/BLR/26-27/00439,2026-05-29 10:29,V0186,BLR,62,1773.83,109977.46,PUR-BLR-03,FC-01,Finance Controller,2026-05-30 10:40,2026-06-01 10:03,2026-06-09
PO/HYD/26-27/00774,2026-05-29 10:32,V0011,HYD,82,399.08,32724.56,PUR-HYD-01,DM-HYD,Depot Manager,2026-05-29 12:17,2026-06-01 10:32,2026-06-25
PO/HYD/26-27/00775,2026-05-29 10:33,V0061,HYD,430,317.56,136550.80,PUR-HYD-03,FC-01,Finance Controller,2026-05-30 13:22,,2026-06-21
PO/VJA/26-27/00373,2026-05-29 10:37,V0048,VJA,19,1273.77,24201.63,PUR-VJA-02,DM-VJA,Depot Manager,2026-05-30 10:44,,2026-06-15
PO/VSP/26-27/00276,2026-05-29 10:43,V0073,VSP,1834,14.82,27179.88,PUR-VSP-02,DM-VSP,Depot Manager,2026-06-01 10:22,,2026-06-27
PO/HBL/26-27/00187,2026-05-29 10:43,V0331,HBL,122,940.87,114786.14,PUR-HBL-03,FC-01,Finance Controller,2026-05-30 17:46,,2026-06-15
PO/VJA/26-27/00374,2026-05-29 10:44,V0056,VJA,94,190.17,17875.98,PUR-VJA-03,DM-VJA,Depot Manager,2026-05-29 13:24,,2026-06-21
PO/BLR/26-27/00440,2026-05-29 10:47,V0020,BLR,196,74.19,14541.24,PUR-BLR-01,DM-BLR,Depot Manager,2026-05-29 12:02,2026-06-02 10:05,2026-06-19
PO/VJA/26-27/00375,2026-05-29 10:48,V0498,VJA,164,121.76,19968.64,PUR-VJA-03,DM-VJA,Depot Manager,2026-05-29 11:12,2026-06-05 17:43,2026-06-10
PO/VSP/26-27/00277,2026-05-29 11:22,V0158,VSP,479,38.68,18527.72,PUR-VSP-03,DM-VSP,Depot Manager,2026-06-01 10:31,,2026-06-16
PO/WGL/26-27/00232,2026-05-29 11:57,V0017,WGL,130940,8.89,1164056.60,PUR-WGL-01,FC-01,Finance Controller,2026-05-30 10:20,,2026-06-05
PO/HBL/26-27/00188,2026-05-29 12:59,V0113,HBL,10100,21.48,216948.00,PUR-HBL-02,FC-01,Finance Controller,2026-06-01 10:14,,2026-06-10
PO/HYD/26-27/00776,2026-05-29 14:18,V0295,HYD,622,199.41,124033.02,PUR-HYD-01,FC-01,Finance Controller,2026-05-30 10:09,,2026-06-28
PO/HBL/26-27/00189,2026-05-29 17:26,V0400,HBL,1552,45.32,70336.64,PUR-HBL-02,DM-HBL,Depot Manager,2026-06-01 10:33,,2026-06-11
PO/BLR/26-27/00441,2026-05-29 17:51,V0377,BLR,2042,156.79,320165.18,PUR-BLR-02,FC-01,Finance Controller,2026-05-30 10:35,,2026-06-22
PO/VJA/26-27/00376,2026-05-29 18:22,V0197,VJA,21559,11.52,248359.68,PUR-VJA-01,FC-01,Finance Controller,2026-06-01 16:20,,2026-06-13
PO/BLR/26-27/00442,2026-05-29 18:28,V0043,BLR,33229,24.75,822417.75,PUR-BLR-03,FC-01,Finance Controller,2026-05-30 10:41,,2026-06-07
PO/BLR/26-27/00443,2026-05-29 18:32,V0081,BLR,7257,42.35,307333.95,PUR-BLR-02,FC-01,Finance Controller,2026-05-30 09:41,,2026-06-15
PO/HYD/26-27/00777,2026-05-30 09:43,V0413,HYD,989,330.26,326627.14,PUR-HYD-03,FC-01,Finance Controller,2026-06-01 10:40,,2026-06-28
PO/WGL/26-27/00233,2026-05-30 09:56,V0466,WGL,1558,18.38,28636.04,PUR-WGL-01,DM-WGL,Depot Manager,2026-06-01 10:49,,2026-06-19
PO/VJA/26-27/00377,2026-05-30 10:05,V0362,VJA,831,15.10,12548.10,PUR-VJA-03,DM-VJA,Depot Manager,2026-05-30 18:22,2026-06-12 13:55,2026-06-19
PO/HYD/26-27/00778,2026-05-30 10:06,V0326,HYD,557,229.52,127842.64,PUR-HYD-01,FC-01,Finance Controller,2026-05-30 10:49,,2026-06-11
PO/VJA/26-27/00378,2026-05-30 10:12,V0148,VJA,1422,58.97,83855.34,PUR-VJA-02,DM-VJA,Depot Manager,2026-05-30 13:39,2026-06-01 10:10,2026-06-06
PO/HYD/26-27/00779,2026-05-30 10:13,V0439,HYD,1468,371.44,545273.92,PUR-HYD-01,FC-01,Finance Controller,2026-06-01 10:50,,2026-06-11
PO/VSP/26-27/00278,2026-05-30 10:15,V0338,VSP,1236,785.75,971187.00,PUR-VSP-03,CFO-01,CFO,2026-06-01 10:42,,2026-06-27
PO/BLR/26-27/00444,2026-05-30 10:21,V0367,BLR,104,705.84,73407.36,PUR-BLR-01,DM-BLR,Depot Manager,2026-06-02 10:29,,2026-06-06
PO/VSP/26-27/00279,2026-05-30 10:27,V0042,VSP,426,466.59,198767.34,PUR-VSP-02,FC-01,Finance Controller,2026-05-30 15:54,2026-06-11 14:45,2026-06-11
PO/HYD/26-27/00780,2026-05-30 10:30,V0158,HYD,23257,14.40,334900.80,PUR-HYD-02,FC-01,Finance Controller,2026-06-01 10:18,,2026-06-06
PO/BLR/26-27/00445,2026-05-30 10:31,V0340,BLR,12,1123.38,13480.56,PUR-BLR-02,DM-BLR,Depot Manager,2026-06-01 10:11,2026-06-03 16:24,2026-06-25
PO/VSP/26-27/00280,2026-05-30 10:33,V0228,VSP,28,561.23,15714.44,PUR-VSP-02,DM-VSP,Depot Manager,2026-06-01 10:21,2026-06-02 10:11,2026-06-20
PO/HYD/26-27/00781,2026-05-30 10:35,V0451,HYD,361,1017.80,367425.80,PUR-HYD-03,FC-01,Finance Controller,2026-06-01 10:17,,2026-06-19
PO/HYD/26-27/00782,2026-05-30 10:37,V0069,HYD,8881,76.68,680995.08,PUR-HYD-03,CFO-01,CFO,2026-06-01 10:13,,2026-06-13
PO/HBL/26-27/00190,2026-05-30 10:41,V0083,HBL,158,180.77,28561.66,PUR-HBL-03,DM-HBL,Depot Manager,2026-05-30 10:42,2026-06-01 10:12,2026-06-18
PO/VJA/26-27/00379,2026-05-30 10:42,V0479,VJA,235,489.25,114973.75,PUR-VJA-03,FC-01,Finance Controller,2026-06-01 10:02,2026-06-01 10:20,2026-06-07
PO/VJA/26-27/00380,2026-05-30 10:47,V0030,VJA,250,95.45,23862.50,PUR-VJA-02,DM-VJA,Depot Manager,2026-05-30 18:05,2026-06-08 10:02,2026-06-16
PO/HYD/26-27/00783,2026-05-30 10:47,V0185,HYD,62,965.24,59844.88,PUR-HYD-01,DM-HYD,Depot Manager,2026-05-30 12:20,,2026-06-18
PO/BLR/26-27/00446,2026-05-30 11:00,V0276,BLR,56,1545.99,86575.44,PUR-BLR-01,DM-BLR,Depot Manager,2026-05-30 18:03,2026-06-11 15:25,
PO/HBL/26-27/00191,2026-05-30 11:36,V0295,HBL,349,1016.39,354720.11,PUR-HBL-03,FC-01,Finance Controller,2026-06-02 10:34,,2026-06-13
PO/BLR/26-27/00447,2026-05-30 12:05,V0211,BLR,575,206.36,118657.00,PUR-BLR-01,FC-01,Finance Controller,2026-06-01 10:13,,2026-06-21
PO/VSP/26-27/00281,2026-05-30 12:12,V0077,VSP,15,1437.92,21568.80,PUR-VSP-02,DM-VSP,Depot Manager,2026-06-01 10:40,,2026-06-19
PO/VJA/26-27/00381,2026-05-30 13:42,V0095,VJA,12269,16.07,197162.83,PUR-VJA-03,FC-01,Finance Controller,2026-06-01 10:56,2026-06-04 14:40,2026-06-16
PO/HYD/26-27/00784,2026-05-30 15:20,V0036,HYD,3758,17.52,65840.16,PUR-HYD-01,DM-HYD,Depot Manager,2026-06-01 10:20,,2026-06-27
PO/HYD/26-27/00785,2026-05-30 15:30,V0029,HYD,337,102.30,34475.10,PUR-HYD-03,DM-HYD,Depot Manager,2026-06-01 10:21,2026-06-02 12:45,2026-06-14
PO/WGL/26-27/00234,2026-05-30 17:12,V0279,WGL,828,185.49,153585.72,PUR-WGL-01,FC-01,Finance Controller,2026-06-01 10:31,2026-06-08 10:35,2026-06-15
PO/HYD/26-27/00786,2026-05-30 18:15,V0033,HYD,70,811.34,56793.80,PUR-HYD-02,DM-HYD,Depot Manager,2026-05-31 07:57,2026-05-31 21:00,2026-06-11
PO/BLR/26-27/00448,2026-05-30 18:40,V0204,BLR,140,516.90,72366.00,PUR-BLR-01,DM-BLR,Depot Manager,2026-06-01 10:03,,2026-06-25
PO/VJA/26-27/00382,2026-05-30 18:43,V0478,VJA,46,392.78,18067.88,PUR-VJA-01,DM-VJA,Depot Manager,2026-06-01 10:36,,2026-06-29
PO/BLR/26-27/00449,2026-05-31 13:57,V0379,BLR,5852,9.45,55301.40,PUR-BLR-01,DM-BLR,Depot Manager,2026-05-31 18:56,2026-06-02 10:04,2026-06-15
PO/HYD/26-27/00787,2026-06-01 10:03,V0125,HYD,13327,12.53,166987.31,PUR-HYD-02,FC-01,Finance Controller,2026-06-01 10:29,2026-06-02 18:45,2026-06-24
PO/BLR/26-27/00450,2026-06-01 10:04,V0107,BLR,574,156.05,89572.70,PUR-BLR-03,DM-BLR,Depot Manager,2026-06-02 11:16,,2026-06-10
PO/VJA/26-27/00383,2026-06-01 10:04,V0031,VJA,1420,55.04,78156.80,PUR-VJA-03,DM-VJA,Depot Manager,2026-06-01 10:23,2026-06-01 10:24,2026-06-19
PO/HYD/26-27/00788,2026-06-01 10:05,V0018,HYD,2529,115.93,293186.97,PUR-HYD-02,FC-01,Finance Controller,2026-06-02 10:14,,2026-06-16
PO/BLR/26-27/00451,2026-06-01 10:06,V0185,BLR,704,58.15,40937.60,PUR-BLR-01,DM-BLR,Depot Manager,2026-06-03 18:06,,2026-06-17
PO/VSP/26-27/00282,2026-06-01 10:06,V0261,VSP,421,187.92,79114.32,PUR-VSP-01,DM-VSP,Depot Manager,2026-06-01 10:24,2026-06-10 10:18,2026-06-26
PO/HYD/26-27/00789,2026-06-01 10:08,V0493,HYD,23469,11.43,268250.67,PUR-HYD-03,FC-01,Finance Controller,2026-06-02 15:21,,2026-06-30
PO/VJA/26-27/00384,2026-06-01 10:11,V0492,VJA,125,693.89,86736.25,PUR-VJA-03,DM-VJA,Depot Manager,2026-06-02 10:32,,2026-06-26
PO/HYD/26-27/00790,2026-06-01 10:12,V0339,HYD,225,56.04,12609.00,PUR-HYD-02,DM-HYD,Depot Manager,2026-06-01 11:45,2026-06-11 10:21,2026-06-26
PO/HYD/26-27/00791,2026-06-01 10:17,V0217,HYD,202,596.15,120422.30,PUR-HYD-01,FC-01,Finance Controller,2026-06-02 10:03,2026-06-04 10:48,2026-06-13
PO/WGL/26-27/00235,2026-06-01 10:22,V0157,WGL,4368,62.77,274179.36,PUR-WGL-02,FC-01,Finance Controller,2026-06-02 12:16,2026-06-04 18:45,2026-06-15
PO/HYD/26-27/00792,2026-06-01 10:27,V0284,HYD,667,54.97,36664.99,PUR-HYD-01,DM-HYD,Depot Manager,2026-06-02 10:37,,2026-06-14
PO/WGL/26-27/00236,2026-06-01 10:27,V0462,WGL,1434,25.41,36437.94,PUR-WGL-03,DM-WGL,Depot Manager,2026-06-01 10:47,,2026-06-19
PO/VSP/26-27/00283,2026-06-01 10:28,V0075,VSP,22608,9.73,219975.84,PUR-VSP-01,FC-01,Finance Controller,2026-06-02 10:35,,2026-06-22
PO/HYD/26-27/00793,2026-06-01 10:35,V0262,HYD,1394,33.66,46922.04,PUR-HYD-01,DM-HYD,Depot Manager,2026-06-02 10:45,,2026-06-24
PO/VSP/26-27/00284,2026-06-01 10:37,V0171,VSP,8661,14.93,129308.73,PUR-VSP-02,FC-01,Finance Controller,2026-06-01 10:40,,2026-06-29
PO/BLR/26-27/00452,2026-06-01 10:40,V0397,BLR,4903,33.11,162338.33,PUR-BLR-02,FC-01,Finance Controller,2026-06-01 11:19,,2026-06-28
PO/BLR/26-27/00453,2026-06-01 10:42,V0083,BLR,9300,21.05,195765.00,PUR-BLR-03,FC-01,Finance Controller,2026-06-01 15:41,,2026-06-21
PO/VJA/26-27/00385,2026-06-01 10:43,V0376,VJA,860,90.59,77907.40,PUR-VJA-01,DM-VJA,Depot Manager,2026-06-03 10:40,,2026-06-16
PO/VJA/26-27/00386,2026-06-01 10:43,V0100,VJA,861,256.04,220450.44,PUR-VJA-01,FC-01,Finance Controller,2026-06-01 10:48,2026-06-10 10:25,2026-06-25
PO/VJA/26-27/00387,2026-06-01 10:45,V0326,VJA,1051,36.32,38172.32,PUR-VJA-03,DM-VJA,Depot Manager,2026-06-01 11:35,,2026-06-09
PO/HYD/26-27/00794,2026-06-01 10:45,V0440,HYD,17,1619.39,27529.63,PUR-HYD-02,DM-HYD,Depot Manager,2026-06-01 11:57,,2026-06-26
PO/VJA/26-27/00388,2026-06-01 10:47,V0251,VJA,1869,8.38,15662.22,PUR-VJA-03,DM-VJA,Depot Manager,2026-06-01 17:25,2026-06-06 10:37,2026-06-11
PO/HYD/26-27/00795,2026-06-01 10:50,V0091,HYD,649,512.72,332755.28,PUR-HYD-02,FC-01,Finance Controller,2026-06-03 10:04,,2026-06-20
PO/HYD/26-27/00796,2026-06-01 11:38,V0065,HYD,28505,12.20,347761.00,PUR-HYD-01,FC-01,Finance Controller,2026-06-01 12:02,,2026-06-16
PO/HYD/26-27/00797,2026-06-01 11:40,V0209,HYD,94,444.70,41801.80,PUR-HYD-03,DM-HYD,Depot Manager,2026-06-01 17:06,,2026-06-12
PO/VSP/26-27/00285,2026-06-01 11:52,V0388,VSP,868,31.67,27489.56,PUR-VSP-01,DM-VSP,Depot Manager,2026-06-01 14:04,,2026-06-10
PO/HYD/26-27/00798,2026-06-01 12:11,V0108,HYD,2103,13.59,28579.77,PUR-HYD-02,DM-HYD,Depot Manager,2026-06-01 14:07,,2026-06-17
PO/HBL/26-27/00192,2026-06-01 12:13,V0072,HBL,5129,12.62,64727.98,PUR-HBL-01,DM-HBL,Depot Manager,2026-06-02 10:22,2026-06-06 16:32,2026-06-29
PO/HYD/26-27/00799,2026-06-01 12:23,V0030,HYD,13,1418.76,18443.88,PUR-HYD-01,DM-HYD,Depot Manager,2026-06-01 13:12,,2026-06-28
PO/HYD/26-27/00800,2026-06-01 14:55,V0419,HYD,1557,78.60,122380.20,PUR-HYD-01,FC-01,Finance Controller,2026-06-03 10:23,,2026-06-14
PO/HYD/26-27/00801,2026-06-01 15:18,V0210,HYD,370,161.47,59743.90,PUR-HYD-02,DM-HYD,Depot Manager,2026-06-02 09:40,2026-06-15 10:39,2026-06-26
PO/HYD/26-27/00802,2026-06-01 15:27,V0347,HYD,470,639.29,300466.30,PUR-HYD-03,FC-01,Finance Controller,2026-06-03 10:30,,2026-06-12
PO/VJA/26-27/00389,2026-06-01 16:23,V0079,VJA,6109,33.20,202818.80,PUR-VJA-01,FC-01,Finance Controller,2026-06-05 14:10,,2026-06-28
PO/VJA/26-27/00390,2026-06-01 18:55,V0271,VJA,107,421.34,45083.38,PUR-VJA-01,DM-VJA,Depot Manager,2026-06-02 10:25,2026-06-08 10:42,2026-06-16
PO/WGL/26-27/00237,2026-06-02 09:40,V0452,WGL,152,188.56,28661.12,PUR-WGL-02,DM-WGL,Depot Manager,2026-06-02 10:55,2026-06-08 10:42,2026-07-01
PO/HYD/26-27/00803,2026-06-02 10:02,V0310,HYD,3127,26.91,84147.57,PUR-HYD-02,DM-HYD,Depot Manager,2026-06-03 10:01,,2026-06-27
PO/WGL/26-27/00238,2026-06-02 10:03,V0329,WGL,119,508.67,60531.73,PUR-WGL-01,DM-WGL,Depot Manager,2026-06-03 10:49,,2026-06-15
PO/HYD/26-27/00804,2026-06-02 10:03,V0100,HYD,280,120.56,33756.80,PUR-HYD-03,DM-HYD,Depot Manager,2026-06-03 10:49,,2026-07-01
PO/HYD/26-27/00805,2026-06-02 10:03,V0079,HYD,26,1288.86,33510.36,PUR-HYD-02,DM-HYD,Depot Manager,2026-06-02 10:59,2026-06-04 15:27,2026-06-30
PO/BLR/26-27/00454,2026-06-02 10:07,V0375,BLR,128,490.62,62799.36,PUR-BLR-01,DM-BLR,Depot Manager,2026-06-02 14:16,2026-06-03 00:15,2026-06-18
PO/BLR/26-27/00455,2026-06-02 10:12,V0004,BLR,265,1064.98,282219.70,PUR-BLR-03,FC-01,Finance Controller,2026-06-03 10:16,,2026-06-28
PO/VSP/26-27/00286,2026-06-02 10:18,V0316,VSP,3331,68.76,229039.56,PUR-VSP-03,FC-01,Finance Controller,2026-06-04 10:23,2026-06-04 10:31,2026-06-14
PO/VSP/26-27/00287,2026-06-02 10:19,V0080,VSP,11932,26.29,313692.28,PUR-VSP-02,FC-01,Finance Controller,2026-06-04 16:05,,2026-06-27
PO/VSP/26-27/00288,2026-06-02 10:19,V0463,VSP,171,106.47,18206.37,PUR-VSP-03,DM-VSP,Depot Manager,2026-06-02 15:14,2026-06-09 10:42,2026-06-20
PO/BLR/26-27/00456,2026-06-02 10:27,V0033,BLR,19691,9.54,187852.14,PUR-BLR-01,FC-01,Finance Controller,2026-06-02 17:38,,2026-06-10
PO/VSP/26-27/00289,2026-06-02 10:28,V0380,VSP,17,753.06,12802.02,PUR-VSP-01,DM-VSP,Depot Manager,2026-06-02 17:51,2026-06-05 10:05,2026-06-09
PO/HBL/26-27/00193,2026-06-02 10:29,V0490,HBL,291,156.76,45617.16,PUR-HBL-01,DM-HBL,Depot Manager,2026-06-02 10:39,,2026-06-12
PO/BLR/26-27/00457,2026-06-02 10:30,V0458,BLR,227,1469.35,333542.45,PUR-BLR-01,FC-01,Finance Controller,2026-06-03 10:27,,2026-06-17
PO/BLR/26-27/00458,2026-06-02 10:44,V0086,BLR,583,40.04,23343.32,PUR-BLR-01,DM-BLR,Depot Manager,2026-06-03 10:44,,2026-06-24
PO/WGL/26-27/00239,2026-06-02 10:45,V0380,WGL,77,217.84,16773.68,PUR-WGL-03,DM-WGL,Depot Manager,2026-06-02 17:48,,2026-06-18
PO/BLR/26-27/00459,2026-06-02 12:26,V0156,BLR,234,832.46,194795.64,PUR-BLR-03,FC-01,Finance Controller,2026-06-03 10:46,2026-06-11 10:04,2026-06-26
PO/WGL/26-27/00240,2026-06-02 13:31,V0038,WGL,1452,20.45,29693.40,PUR-WGL-03,DM-WGL,Depot Manager,2026-06-04 10:02,,2026-06-23
PO/HYD/26-27/00806,2026-06-02 14:13,V0195,HYD,572,235.47,134688.84,PUR-HYD-02,FC-01,Finance Controller,2026-06-03 13:23,2026-06-06 10:37,2026-06-19
PO/HYD/26-27/00807,2026-06-02 14:19,V0299,HYD,133,1535.78,204258.74,PUR-HYD-02,FC-01,Finance Controller,2026-06-03 18:31,2026-06-06 22:32,2026-06-21
PO/VJA/26-27/00391,2026-06-02 14:50,V0042,VJA,2817,24.62,69354.54,PUR-VJA-03,DM-VJA,Depot Manager,2026-06-03 10:47,,2026-06-28
PO/HBL/26-27/00194,2026-06-02 17:31,V0434,HBL,929,53.53,49729.37,PUR-HBL-02,DM-HBL,Depot Manager,2026-06-03 12:01,2026-06-16 10:08,2026-06-21
PO/VSP/26-27/00290,2026-06-02 17:59,V0290,VSP,4974,8.05,40040.70,PUR-VSP-03,DM-VSP,Depot Manager,2026-06-03 10:36,2026-06-08 10:27,2026-06-19
PO/HYD/26-27/00808,2026-06-02 18:18,V0320,HYD,3265,11.97,39082.05,PUR-HYD-01,DM-HYD,Depot Manager,2026-06-03 10:36,,2026-06-10
PO/BLR/26-27/00460,2026-06-02 18:44,V0362,BLR,2274,9.66,21966.84,PUR-BLR-01,DM-BLR,Depot Manager,2026-06-06 12:40,,2026-06-15
PO/WGL/26-27/00241,2026-06-03 10:04,V0397,WGL,468,288.13,134844.84,PUR-WGL-01,FC-01,Finance Controller,2026-06-03 18:30,2026-06-04 02:26,2026-06-13
PO/HYD/26-27/00809,2026-06-03 10:05,V0005,HYD,5728,11.66,66788.48,PUR-HYD-01,DM-HYD,Depot Manager,2026-06-03 10:46,,2026-06-19
PO/VJA/26-27/00392,2026-06-03 10:17,V0463,VJA,1408,56.65,79763.20,PUR-VJA-02,DM-VJA,Depot Manager,2026-06-08 10:24,,2026-06-28
PO/VJA/26-27/00393,2026-06-03 10:18,V0212,VJA,8386,32.20,270029.20,PUR-VJA-02,FC-01,Finance Controller,2026-06-04 14:26,2026-06-08 10:33,2026-06-16
PO/BLR/26-27/00461,2026-06-03 10:25,V0273,BLR,181,1098.27,198786.87,PUR-BLR-02,FC-01,Finance Controller,2026-06-04 10:36,2026-06-06 12:47,2026-06-21
PO/VSP/26-27/00291,2026-06-03 10:25,V0332,VSP,5869,8.54,50121.26,PUR-VSP-02,DM-VSP,Depot Manager,2026-06-04 10:41,2026-06-08 10:05,2026-06-17
PO/WGL/26-27/00242,2026-06-03 10:34,V0397,WGL,2642,23.27,61479.34,PUR-WGL-03,DM-WGL,Depot Manager,2026-06-03 15:11,,2026-07-01
PO/WGL/26-27/00243,2026-06-03 10:40,V0274,WGL,19473,10.53,205050.69,PUR-WGL-02,FC-01,Finance Controller,2026-06-03 14:18,,2026-07-02
PO/HBL/26-27/00195,2026-06-03 10:45,V0049,HBL,5838,37.49,218866.62,PUR-HBL-01,FC-01,Finance Controller,2026-06-05 10:05,2026-06-09 10:22,2026-06-22
PO/HYD/26-27/00810,2026-06-03 10:48,V0107,HYD,33,1631.22,53830.26,PUR-HYD-01,DM-HYD,Depot Manager,2026-06-05 10:40,,2026-06-15
PO/VJA/26-27/00394,2026-06-03 10:49,V0493,VJA,52,1017.38,52903.76,PUR-VJA-01,DM-VJA,Depot Manager,2026-06-03 12:43,,2026-06-16
PO/VJA/26-27/00395,2026-06-03 10:49,V0367,VJA,33,1128.83,37251.39,PUR-VJA-01,DM-VJA,Depot Manager,2026-06-03 14:12,,2026-06-20
PO/HYD/26-27/00811,2026-06-03 12:05,V0160,HYD,6763,12.33,83387.79,PUR-HYD-01,DM-HYD,Depot Manager,2026-06-04 10:23,2026-06-08 10:33,2026-07-03
PO/HYD/26-27/00812,2026-06-03 17:14,V0445,HYD,4597,82.33,378471.01,PUR-HYD-01,FC-01,Finance Controller,2026-06-04 10:05,,2026-06-29
PO/HYD/26-27/00813,2026-06-03 17:42,V0009,HYD,1340,13.58,18197.20,PUR-HYD-01,DM-HYD,Depot Manager,2026-06-04 10:18,,2026-06-22
PO/BLR/26-27/00462,2026-06-04 10:05,V0069,BLR,216,82.97,17921.52,PUR-BLR-03,DM-BLR,Depot Manager,2026-06-04 10:34,2026-06-13 10:01,2026-06-28
PO/WGL/26-27/00244,2026-06-04 10:10,V0298,WGL,10,1794.95,17949.50,PUR-WGL-03,DM-WGL,Depot Manager,2026-06-04 11:19,,2026-06-22
PO/HYD/26-27/00814,2026-06-04 10:11,V0336,HYD,11348,17.62,199951.76,PUR-HYD-01,FC-01,Finance Controller,2026-06-06 10:30,,2026-07-04
PO/HBL/26-27/00196,2026-06-04 10:15,V0032,HBL,36,1336.52,48114.72,PUR-HBL-02,DM-HBL,Depot Manager,2026-06-05 10:35,,2026-07-04
PO/HYD/26-27/00815,2026-06-04 10:22,V0150,HYD,9800,21.14,207172.00,PUR-HYD-02,FC-01,Finance Controller,2026-06-04 10:38,,2026-07-03
PO/BLR/26-27/00463,2026-06-04 10:25,V0399,BLR,1214,22.72,27582.08,PUR-BLR-02,DM-BLR,Depot Manager,2026-06-05 10:45,,2026-06-20
PO/HYD/26-27/00816,2026-06-04 10:28,V0445,HYD,940,303.71,285487.40,PUR-HYD-02,FC-01,Finance Controller,2026-06-04 18:08,,2026-07-03
PO/HYD/26-27/00817,2026-06-04 10:29,V0265,HYD,14,1446.21,20246.94,PUR-HYD-01,DM-HYD,Depot Manager,2026-06-04 17:32,,2026-06-17
PO/BLR/26-27/00464,2026-06-04 10:31,V0136,BLR,70,1740.80,121856.00,PUR-BLR-01,FC-01,Finance Controller,2026-06-04 10:48,,2026-06-18
PO/VJA/26-27/00396,2026-06-04 10:34,V0407,VJA,254,89.10,22631.40,PUR-VJA-03,DM-VJA,Depot Manager,2026-06-04 10:52,2026-06-08 10:14,2026-06-27
PO/VSP/26-27/00292,2026-06-04 10:41,V0048,VSP,174,316.45,55062.30,PUR-VSP-03,DM-VSP,Depot Manager,2026-06-04 11:28,,2026-06-15
PO/HYD/26-27/00818,2026-06-04 11:18,V0083,HYD,6000,64.08,384480.00,PUR-HYD-01,FC-01,Finance Controller,2026-06-05 10:00,,2026-07-01
PO/HYD/26-27/00819,2026-06-04 11:54,V0090,HYD,527,206.52,108836.04,PUR-HYD-02,FC-01,Finance Controller,2026-06-05 17:14,,2026-06-16
PO/BLR/26-27/00465,2026-06-04 15:16,V0232,BLR,1628,214.99,350003.72,PUR-BLR-02,FC-01,Finance Controller,2026-06-05 14:10,,2026-06-18
PO/VSP/26-27/00293,2026-06-04 15:18,V0465,VSP,59,606.78,35800.02,PUR-VSP-01,DM-VSP,Depot Manager,2026-06-05 10:43,2026-06-09 10:49,2026-06-18
PO/HBL/26-27/00197,2026-06-04 15:58,V0061,HBL,8134,30.26,246134.84,PUR-HBL-01,FC-01,Finance Controller,2026-06-04 18:37,,2026-06-15
PO/BLR/26-27/00466,2026-06-04 17:00,V0086,BLR,55,1585.93,87226.15,PUR-BLR-03,DM-BLR,Depot Manager,2026-06-05 10:42,,2026-06-13
PO/HYD/26-27/00820,2026-06-04 17:05,V0127,HYD,10,1644.31,16443.10,PUR-HYD-03,DM-HYD,Depot Manager,2026-06-05 10:08,2026-06-12 15:31,2026-06-11
PO/WGL/26-27/00245,2026-06-04 17:17,V0109,WGL,127,1114.38,141526.26,PUR-WGL-03,FC-01,Finance Controller,2026-06-05 10:11,2026-06-06 22:16,2026-06-22
PO/VSP/26-27/00294,2026-06-04 17:21,V0202,VSP,112,146.48,16405.76,PUR-VSP-03,DM-VSP,Depot Manager,2026-06-06 10:46,,2026-06-20
PO/VJA/26-27/00397,2026-06-05 09:50,V0040,VJA,416,82.96,34511.36,PUR-VJA-02,DM-VJA,Depot Manager,2026-06-08 10:32,,2026-06-16
PO/VJA/26-27/00398,2026-06-05 09:52,V0216,VJA,31760,12.27,389695.20,PUR-VJA-01,FC-01,Finance Controller,2026-06-06 11:59,,2026-07-01
PO/HBL/26-27/00198,2026-06-05 10:04,V0143,HBL,3152,49.14,154889.28,PUR-HBL-01,FC-01,Finance Controller,2026-06-08 10:19,2026-06-11 10:38,2026-06-26
PO/VSP/26-27/00295,2026-06-05 10:16,V0053,VSP,276,53.98,14898.48,PUR-VSP-02,DM-VSP,Depot Manager,2026-06-05 16:54,2026-06-08 11:32,2026-06-16
PO/HYD/26-27/00821,2026-06-05 10:18,V0331,HYD,74,1402.48,103783.52,PUR-HYD-02,FC-01,Finance Controller,2026-06-08 10:06,2026-06-12 10:29,2026-06-29
PO/WGL/26-27/00246,2026-06-05 10:26,V0320,WGL,625,122.23,76393.75,PUR-WGL-01,DM-WGL,Depot Manager,2026-06-05 17:24,,2026-06-21
PO/HYD/26-27/00822,2026-06-05 10:31,V0367,HYD,2539,9.78,24831.42,PUR-HYD-01,DM-HYD,Depot Manager,2026-06-05 10:57,,2026-06-24
PO/VJA/26-27/00399,2026-06-05 10:37,V0004,VJA,199,46.09,9171.91,PUR-VJA-03,DM-VJA,Depot Manager,2026-06-05 10:44,2026-06-12 10:30,2026-06-13
PO/BLR/26-27/00467,2026-06-05 10:43,V0479,BLR,141,112.60,15876.60,PUR-BLR-02,DM-BLR,Depot Manager,2026-06-08 10:42,,2026-07-05
PO/BLR/26-27/00468,2026-06-05 10:50,V0368,BLR,143,250.42,35810.06,PUR-BLR-01,DM-BLR,Depot Manager,2026-06-05 12:17,2026-06-12 10:01,2026-07-03
PO/HYD/26-27/00823,2026-06-05 11:21,V0148,HYD,180,439.92,79185.60,PUR-HYD-02,DM-HYD,Depot Manager,2026-06-06 11:18,,2026-07-02
PO/VSP/26-27/00296,2026-06-05 13:14,V0366,VSP,3406,15.40,52452.40,PUR-VSP-02,DM-VSP,Depot Manager,2026-06-06 10:38,,2026-06-26
PO/HYD/26-27/00824,2026-06-05 14:33,V0372,HYD,735,12.69,9327.15,PUR-HYD-03,DM-HYD,Depot Manager,2026-06-06 10:16,2026-06-15 10:14,2026-06-18
PO/VJA/26-27/00400,2026-06-05 14:44,V0103,VJA,2847,10.03,28555.41,PUR-VJA-02,DM-VJA,Depot Manager,2026-06-06 10:06,,2026-06-19
PO/HBL/26-27/00199,2026-06-05 15:20,V0079,HBL,511,93.44,47747.84,PUR-HBL-03,DM-HBL,Depot Manager,2026-06-06 10:19,,2026-06-13
PO/HYD/26-27/00825,2026-06-05 15:27,V0101,HYD,16594,20.69,343329.86,PUR-HYD-02,FC-01,Finance Controller,2026-06-06 10:29,,2026-06-15
PO/HYD/26-27/00826,2026-06-05 16:28,V0293,HYD,42,844.27,35459.34,PUR-HYD-02,DM-HYD,Depot Manager,2026-06-08 10:10,,2026-07-05
PO/HYD/26-27/00827,2026-06-05 17:38,V0200,HYD,34,924.91,31446.94,PUR-HYD-03,DM-HYD,Depot Manager,2026-06-06 10:12,2026-06-16 15:18,2026-06-14
PO/HYD/26-27/00828,2026-06-06 10:00,V0452,HYD,17,1304.67,22179.39,PUR-HYD-03,DM-HYD,Depot Manager,2026-06-10 10:08,,2026-07-02
PO/WGL/26-27/00247,2026-06-06 10:07,V0226,WGL,76,385.58,29304.08,PUR-WGL-01,DM-WGL,Depot Manager,2026-06-06 11:41,2026-06-07 10:50,2026-06-28
PO/BLR/26-27/00469,2026-06-06 10:10,V0356,BLR,633,381.58,241540.14,PUR-BLR-01,FC-01,Finance Controller,2026-06-06 13:30,2026-06-11 10:23,2026-06-13
PO/WGL/26-27/00248,2026-06-06 10:11,V0087,WGL,1680,110.33,185354.40,PUR-WGL-01,FC-01,Finance Controller,2026-06-08 10:41,2026-06-10 10:43,2026-06-27
PO/VJA/26-27/00401,2026-06-06 10:17,V0117,VJA,116,647.86,75151.76,PUR-VJA-01,DM-VJA,Depot Manager,2026-06-06 13:55,,2026-06-24
PO/VJA/26-27/00402,2026-06-06 10:18,V0081,VJA,1515,31.98,48449.70,PUR-VJA-03,DM-VJA,Depot Manager,2026-06-08 10:07,2026-06-16 10:47,2026-06-19
PO/WGL/26-27/00249,2026-06-06 10:19,V0199,WGL,4782,75.59,361471.38,PUR-WGL-02,FC-01,Finance Controller,2026-06-08 10:36,,2026-07-03
PO/WGL/26-27/00250,2026-06-06 10:22,V0051,WGL,627,22.22,13931.94,PUR-WGL-03,DM-WGL,Depot Manager,2026-06-06 11:31,2026-06-07 10:47,2026-06-22
PO/WGL/26-27/00251,2026-06-06 10:24,V0437,WGL,815,96.39,78557.85,PUR-WGL-03,DM-WGL,Depot Manager,2026-06-08 10:00,,2026-06-13
PO/VJA/26-27/00403,2026-06-06 10:27,V0085,VJA,540,120.15,64881.00,PUR-VJA-01,DM-VJA,Depot Manager,2026-06-06 14:32,,2026-06-15
PO/VSP/26-27/00297,2026-06-06 10:29,V0261,VSP,2541,16.15,41037.15,PUR-VSP-02,DM-VSP,Depot Manager,2026-06-09 10:19,,2026-06-19
PO/HBL/26-27/00200,2026-06-06 10:35,V0027,HBL,341,161.99,55238.59,PUR-HBL-03,DM-HBL,Depot Manager,2026-06-08 10:29,,2026-06-29
PO/HYD/26-27/00829,2026-06-06 10:44,V0164,HYD,3048,41.67,127010.16,PUR-HYD-03,FC-01,Finance Controller,2026-06-08 10:17,2026-06-10 10:37,2026-06-24
PO/HYD/26-27/00830,2026-06-06 10:48,V0442,HYD,374,42.20,15782.80,PUR-HYD-02,DM-HYD,Depot Manager,2026-06-06 18:47,,2026-06-16
PO/VJA/26-27/00404,2026-06-06 11:58,V0308,VJA,83,1313.67,109034.61,PUR-VJA-01,FC-01,Finance Controller,2026-06-08 10:18,,2026-06-13
PO/VSP/26-27/00298,2026-06-06 12:16,V0479,VSP,1271,155.36,197462.56,PUR-VSP-01,FC-01,Finance Controller,2026-06-08 09:49,2026-06-11 16:00,2026-06-22
PO/HYD/26-27/00831,2026-06-06 12:26,V0296,HYD,753,62.50,47062.50,PUR-HYD-03,DM-HYD,Depot Manager,2026-06-08 10:08,,2026-06-28
PO/BLR/26-27/00470,2026-06-06 13:16,V0223,BLR,4607,8.12,37408.84,PUR-BLR-03,DM-BLR,Depot Manager,2026-06-06 16:52,,2026-07-03
PO/HYD/26-27/00832,2026-06-06 15:56,V0250,HYD,80,542.76,43420.80,PUR-HYD-01,DM-HYD,Depot Manager,2026-06-08 10:09,,2026-06-26
PO/VJA/26-27/00405,2026-06-06 16:32,V0242,VJA,965,120.11,115906.15,PUR-VJA-01,FC-01,Finance Controller,2026-06-08 10:38,2026-06-10 10:07,2026-07-01
PO/VJA/26-27/00406,2026-06-06 18:02,V0068,VJA,2270,30.47,69166.90,PUR-VJA-02,DM-VJA,Depot Manager,2026-06-08 10:02,2026-06-08 10:20,2026-06-21
PO/HYD/26-27/00833,2026-06-06 22:43,V0349,HYD,242,435.87,105480.54,PUR-HYD-01,FC-01,Finance Controller,2026-06-07 07:10,2026-06-10 13:46,2026-06-24
PO/HBL/26-27/00201,2026-06-08 10:03,V0400,HBL,20765,15.38,319365.70,PUR-HBL-01,FC-01,Finance Controller,2026-06-08 18:00,2026-06-17 12:02,2026-07-05
PO/HYD/26-27/00834,2026-06-08 10:05,V0449,HYD,602,77.83,46853.66,PUR-HYD-03,DM-HYD,Depot Manager,2026-06-08 11:51,2026-06-09 10:02,2026-07-03
PO/WGL/26-27/00252,2026-06-08 10:08,V0063,WGL,3085,14.44,44547.40,PUR-WGL-01,DM-WGL,Depot Manager,2026-06-09 10:08,,2026-06-24
PO/VJA/26-27/00407,2026-06-08 10:08,V0091,VJA,758,193.88,146961.04,PUR-VJA-03,FC-01,Finance Controller,2026-06-08 10:35,,2026-07-04
PO/VSP/26-27/00299,2026-06-08 10:09,V0011,VSP,1619,13.37,21646.03,PUR-VSP-03,DM-VSP,Depot Manager,2026-06-08 10:25,,2026-06-30
PO/WGL/26-27/00253,2026-06-08 10:12,V0204,WGL,190,49.07,9323.30,PUR-WGL-01,DM-WGL,Depot Manager,2026-06-08 10:29,2026-06-20 10:37,2026-06-29
PO/VJA/26-27/00408,2026-06-08 10:13,V0134,VJA,2222,58.78,130609.16,PUR-VJA-02,FC-01,Finance Controller,2026-06-10 10:08,,2026-06-27
PO/VJA/26-27/00409,2026-06-08 10:14,V0288,VJA,6023,58.33,351321.59,PUR-VJA-02,FC-01,Finance Controller,2026-06-08 10:38,,2026-07-05
PO/HBL/26-27/00202,2026-06-08 10:14,V0366,HBL,19876,15.84,314835.84,PUR-HBL-02,FC-01,Finance Controller,2026-06-10 10:14,2026-06-12 10:49,2026-06-24
PO/HYD/26-27/00835,2026-06-08 10:15,V0461,HYD,396,142.52,56437.92,PUR-HYD-01,DM-HYD,Depot Manager,2026-06-09 10:25,,2026-06-30
PO/HYD/26-27/00836,2026-06-08 10:17,V0083,HYD,297,86.36,25648.92,PUR-HYD-03,DM-HYD,Depot Manager,2026-06-08 10:25,,2026-06-25
PO/HYD/26-27/00837,2026-06-08 10:22,V0397,HYD,207,841.30,174149.10,PUR-HYD-01,FC-01,Finance Controller,2026-06-09 13:51,2026-06-11 10:44,2026-06-27
PO/WGL/26-27/00254,2026-06-08 10:22,V0065,WGL,1016,18.40,18694.40,PUR-WGL-03,DM-WGL,Depot Manager,2026-06-08 17:45,,2026-06-17
PO/HYD/26-27/00838,2026-06-08 10:23,V0299,HYD,81,354.43,28708.83,PUR-HYD-03,DM-HYD,Depot Manager,2026-06-08 12:11,,2026-06-18
PO/HYD/26-27/00839,2026-06-08 10:29,V0318,HYD,1832,81.04,148465.28,PUR-HYD-03,FC-01,Finance Controller,2026-06-09 10:12,,2026-07-07
PO/VJA/26-27/00410,2026-06-08 10:29,V0308,VJA,1786,12.44,22217.84,PUR-VJA-02,DM-VJA,Depot Manager,2026-06-08 11:44,,2026-06-21
PO/HYD/26-27/00840,2026-06-08 10:29,V0498,HYD,58,578.92,33577.36,PUR-HYD-03,DM-HYD,Depot Manager,2026-06-08 17:21,2026-06-12 10:23,2026-06-29
PO/VJA/26-27/00411,2026-06-08 10:29,V0053,VJA,190,97.92,18604.80,PUR-VJA-03,DM-VJA,Depot Manager,2026-06-08 10:36,2026-06-09 10:44,2026-06-22
PO/BLR/26-27/00471,2026-06-08 10:30,V0396,BLR,268,275.90,73941.20,PUR-BLR-03,DM-BLR,Depot Manager,2026-06-08 10:46,2026-06-12 16:50,2026-07-04
PO/WGL/26-27/00255,2026-06-08 10:31,V0437,WGL,1692,11.11,18798.12,PUR-WGL-03,DM-WGL,Depot Manager,2026-06-08 10:47,2026-06-09 10:29,2026-06-23
PO/HYD/26-27/00841,2026-06-08 10:32,V0332,HYD,2634,28.52,75121.68,PUR-HYD-03,DM-HYD,Depot Manager,2026-06-08 10:48,,2026-06-27
PO/HYD/26-27/00842,2026-06-08 10:33,V0458,HYD,220,146.00,32120.00,PUR-HYD-02,DM-HYD,Depot Manager,2026-06-08 12:31,2026-06-09 10:23,2026-06-27
PO/BLR/26-27/00472,2026-06-08 10:34,V0424,BLR,439,24.09,10575.51,PUR-BLR-02,DM-BLR,Depot Manager,2026-06-08 12:03,2026-06-18 10:38,2026-06-29
PO/VJA/26-27/00412,2026-06-08 10:36,V0068,VJA,953,73.57,70112.21,PUR-VJA-01,DM-VJA,Depot Manager,2026-06-08 12:09,,2026-06-29
PO/HYD/26-27/00843,2026-06-08 10:37,V0487,HYD,126,373.02,47000.52,PUR-HYD-02,DM-HYD,Depot Manager,2026-06-09 10:16,,2026-07-01
PO/HYD/26-27/00844,2026-06-08 10:38,V0033,HYD,469,237.00,111153.00,PUR-HYD-03,FC-01,Finance Controller,2026-06-08 12:54,2026-06-17 10:17,2026-06-16
PO/VSP/26-27/00300,2026-06-08 10:39,V0367,VSP,5574,61.29,341630.46,PUR-VSP-01,FC-01,Finance Controller,2026-06-10 10:38,,2026-07-01
PO/VSP/26-27/00301,2026-06-08 10:40,V0174,VSP,393,163.51,64259.43,PUR-VSP-02,DM-VSP,Depot Manager,2026-06-08 12:23,,2026-07-03
PO/HYD/26-27/00845,2026-06-08 10:41,V0425,HYD,64,362.99,23231.36,PUR-HYD-02,DM-HYD,Depot Manager,2026-06-08 10:42,2026-06-10 14:36,2026-06-27
PO/HYD/26-27/00846,2026-06-08 10:42,V0397,HYD,15331,8.94,137059.14,PUR-HYD-01,FC-01,Finance Controller,2026-06-08 11:31,,2026-07-05
PO/HYD/26-27/00847,2026-06-08 10:48,V0463,HYD,2869,38.23,109681.87,PUR-HYD-03,FC-01,Finance Controller,2026-06-09 10:41,,2026-06-29
PO/HYD/26-27/00848,2026-06-08 10:48,V0288,HYD,7701,11.62,89485.62,PUR-HYD-03,DM-HYD,Depot Manager,2026-06-08 16:53,,2026-07-04
PO/VJA/26-27/00413,2026-06-08 10:49,V0299,VJA,675,278.30,187852.50,PUR-VJA-01,FC-01,Finance Controller,2026-06-08 16:17,,2026-07-03
PO/VJA/26-27/00414,2026-06-08 10:49,V0309,VJA,37,667.70,24704.90,PUR-VJA-02,DM-VJA,Depot Manager,2026-06-08 12:31,2026-06-18 10:31,2026-06-28
PO/HBL/26-27/00203,2026-06-08 10:50,V0018,HBL,146,251.25,36682.50,PUR-HBL-01,DM-HBL,Depot Manager,2026-06-10 11:11,,2026-06-29
PO/HYD/26-27/00849,2026-06-08 10:50,V0163,HYD,78,204.27,15933.06,PUR-HYD-02,DM-HYD,Depot Manager,2026-06-08 11:40,2026-06-09 10:35,2026-06-17
PO/BLR/26-27/00473,2026-06-08 13:51,V0486,BLR,30,659.17,19775.10,PUR-BLR-02,DM-BLR,Depot Manager,2026-06-08 15:37,2026-06-20 10:03,2026-07-02
PO/HBL/26-27/00204,2026-06-08 14:58,V0394,HBL,11227,14.91,167394.57,PUR-HBL-02,FC-01,Finance Controller,2026-06-09 16:08,2026-06-13 22:17,2026-07-01
PO/VJA/26-27/00415,2026-06-08 16:52,V0031,VJA,244,95.20,23228.80,PUR-VJA-03,DM-VJA,Depot Manager,2026-06-09 10:23,2026-06-10 17:58,2026-07-02
PO/VSP/26-27/00302,2026-06-09 10:11,V0353,VSP,23,780.28,17946.44,PUR-VSP-01,DM-VSP,Depot Manager,2026-06-10 10:30,2026-06-17 14:29,2026-06-30
PO/VJA/26-27/00416,2026-06-09 10:15,V0424,VJA,491,52.39,25723.49,PUR-VJA-01,DM-VJA,Depot Manager,2026-06-09 16:37,,2026-06-20
PO/BLR/26-27/00474,2026-06-09 10:16,V0286,BLR,117,1045.86,122365.62,PUR-BLR-01,FC-01,Finance Controller,2026-06-10 10:09,,2026-07-04
PO/WGL/26-27/00256,2026-06-09 10:24,V0043,WGL,1893,60.20,113958.60,PUR-WGL-01,FC-01,Finance Controller,2026-06-10 10:38,2026-06-19 12:05,2026-07-05
PO/VJA/26-27/00417,2026-06-09 10:31,V0176,VJA,3501,17.08,59797.08,PUR-VJA-02,DM-VJA,Depot Manager,2026-06-09 11:18,2026-06-12 11:19,2026-06-27
PO/WGL/26-27/00257,2026-06-09 10:32,V0076,WGL,423,188.97,79934.31,PUR-WGL-01,DM-WGL,Depot Manager,2026-06-10 10:21,2026-06-15 10:49,2026-07-04
PO/VSP/26-27/00303,2026-06-09 10:35,V0136,VSP,592,567.65,336048.80,PUR-VSP-02,FC-01,Finance Controller,2026-06-10 10:33,,2026-06-28
PO/WGL/26-27/00258,2026-06-09 10:36,V0245,WGL,18696,17.93,335219.28,PUR-WGL-03,FC-01,Finance Controller,2026-06-11 10:44,,2026-06-18
PO/HBL/26-27/00205,2026-06-09 10:38,V0083,HBL,52,472.99,24595.48,PUR-HBL-02,DM-HBL,Depot Manager,2026-06-12 10:07,,2026-06-24
PO/BLR/26-27/00475,2026-06-09 10:44,V0074,BLR,22823,16.60,378861.80,PUR-BLR-03,FC-01,Finance Controller,2026-06-12 10:19,,2026-06-26
PO/VSP/26-27/00304,2026-06-09 10:47,V0100,VSP,908,364.15,330648.20,PUR-VSP-01,FC-01,Finance Controller,2026-06-09 12:09,,2026-06-19
PO/HYD/26-27/00850,2026-06-09 10:48,V0468,HYD,337,184.25,62092.25,PUR-HYD-01,DM-HYD,Depot Manager,2026-06-09 12:42,,2026-07-08
PO/WGL/26-27/00259,2026-06-09 10:55,V0302,WGL,575,344.04,197823.00,PUR-WGL-02,FC-01,Finance Controller,2026-06-11 10:04,2026-06-15 10:24,2026-07-07
PO/HYD/26-27/00851,2026-06-09 14:15,V0023,HYD,577,17.56,10132.12,PUR-HYD-02,DM-HYD,Depot Manager,2026-06-09 16:11,2026-06-16 09:56,2026-06-29
PO/BLR/26-27/00476,2026-06-09 15:56,V0083,BLR,386,51.28,19794.08,PUR-BLR-02,DM-BLR,Depot Manager,2026-06-10 10:41,,2026-07-07
PO/VJA/26-27/00418,2026-06-09 17:50,V0498,VJA,186,280.29,52133.94,PUR-VJA-02,DM-VJA,Depot Manager,2026-06-10 10:43,2026-06-19 01:09,2026-06-26
PO/VJA/26-27/00419,2026-06-09 18:08,V0080,VJA,78,833.11,64982.58,PUR-VJA-03,DM-VJA,Depot Manager,2026-06-15 10:13,,2026-06-26
PO/VSP/26-27/00305,2026-06-10 10:03,V0088,VSP,1391,21.65,30115.15,PUR-VSP-03,DM-VSP,Depot Manager,2026-06-10 11:28,2026-06-15 10:06,2026-06-17
PO/HYD/26-27/00852,2026-06-10 10:20,V0104,HYD,1444,13.40,19349.60,PUR-HYD-01,DM-HYD,Depot Manager,2026-06-11 10:22,,2026-06-23
PO/VJA/26-27/00420,2026-06-10 10:20,V0100,VJA,897,66.97,60072.09,PUR-VJA-01,DM-VJA,Depot Manager,2026-06-10 10:53,,2026-07-08
PO/BLR/26-27/00477,2026-06-10 10:25,V0484,BLR,69,310.35,21414.15,PUR-BLR-01,DM-BLR,Depot Manager,2026-06-10 16:48,,2026-06-21
PO/VJA/26-27/00421,2026-06-10 10:31,V0328,VJA,569,64.65,36785.85,PUR-VJA-01,DM-VJA,Depot Manager,2026-06-10 10:45,2026-06-15 16:46,2026-07-02
PO/HYD/26-27/00853,2026-06-10 10:32,V0031,HYD,21,1624.59,34116.39,PUR-HYD-03,DM-HYD,Depot Manager,2026-06-13 15:47,,2026-06-24
PO/WGL/26-27/00260,2026-06-10 10:33,V0117,WGL,2972,27.88,82859.36,PUR-WGL-01,DM-WGL,Depot Manager,2026-06-10 16:56,,2026-06-24
PO/WGL/26-27/00261,2026-06-10 10:41,V0004,WGL,7477,51.35,383943.95,PUR-WGL-03,FC-01,Finance Controller,2026-06-10 16:50,,2026-07-04
PO/BLR/26-27/00478,2026-06-10 10:42,V0183,BLR,2478,108.92,269903.76,PUR-BLR-03,FC-01,Finance Controller,2026-06-11 12:45,,2026-06-18
PO/VSP/26-27/00306,2026-06-10 10:48,V0239,VSP,2451,25.95,63603.45,PUR-VSP-02,DM-VSP,Depot Manager,2026-06-11 10:20,,2026-06-23
PO/VJA/26-27/00422,2026-06-10 10:50,V0153,VJA,80,404.71,32376.80,PUR-VJA-02,DM-VJA,Depot Manager,2026-06-11 09:48,,2026-06-24
PO/VJA/26-27/00423,2026-06-10 11:06,V0214,VJA,9057,38.42,347969.94,PUR-VJA-01,FC-01,Finance Controller,2026-06-11 10:38,,2026-06-29
PO/BLR/26-27/00479,2026-06-10 12:50,V0036,BLR,161,486.40,78310.40,PUR-BLR-01,DM-BLR,Depot Manager,2026-06-11 10:44,,2026-06-25
PO/HBL/26-27/00206,2026-06-10 13:27,V0146,HBL,4577,29.37,134426.49,PUR-HBL-01,FC-01,Finance Controller,2026-06-12 09:40,,2026-06-17
PO/VJA/26-27/00424,2026-06-10 14:03,V0483,VJA,1740,20.63,35896.20,PUR-VJA-02,DM-VJA,Depot Manager,2026-06-11 10:28,,2026-07-03
PO/BLR/26-27/00480,2026-06-10 16:02,V0313,BLR,28,954.44,26724.32,PUR-BLR-03,DM-BLR,Depot Manager,2026-06-12 10:21,,2026-07-09
PO/WGL/26-27/00262,2026-06-10 18:36,V0166,WGL,5063,11.03,55844.89,PUR-WGL-03,DM-WGL,Depot Manager,2026-06-15 10:18,,2026-07-03
PO/WGL/26-27/00263,2026-06-10 18:52,V0232,WGL,86,242.66,20868.76,PUR-WGL-03,DM-WGL,Depot Manager,2026-06-11 10:03,2026-06-13 10:35,2026-06-23
PO/VSP/26-27/00307,2026-06-11 09:41,V0332,VSP,25501,12.97,330747.97,PUR-VSP-01,FC-01,Finance Controller,2026-06-12 12:33,,2026-06-25
PO/VSP/26-27/00308,2026-06-11 10:05,V0037,VSP,354,602.51,213288.54,PUR-VSP-03,FC-01,Finance Controller,2026-06-12 14:50,,2026-06-24
PO/WGL/26-27/00264,2026-06-11 10:05,V0063,WGL,970,122.44,118766.80,PUR-WGL-01,FC-01,Finance Controller,2026-06-12 12:13,2026-06-16 18:30,2026-07-05
PO/BLR/26-27/00481,2026-06-11 10:07,V0213,BLR,1563,13.86,21663.18,PUR-BLR-02,DM-BLR,Depot Manager,2026-06-12 10:12,,2026-07-11
PO/HYD/26-27/00854,2026-06-11 10:26,V0085,HYD,10,1488.59,14885.90,PUR-HYD-03,DM-HYD,Depot Manager,2026-06-11 10:37,2026-06-20 11:34,2026-06-29
PO/VSP/26-27/00309,2026-06-11 10:45,V0446,VSP,196,1266.89,248310.44,PUR-VSP-03,FC-01,Finance Controller,2026-06-18 14:51,,2026-07-09
PO/HYD/26-27/00855,2026-06-11 10:47,V0389,HYD,2414,115.93,279855.02,PUR-HYD-01,FC-01,Finance Controller,2026-06-11 12:05,,2026-07-01
PO/HBL/26-27/00207,2026-06-11 10:49,V0311,HBL,1483,153.37,227447.71,PUR-HBL-03,FC-01,Finance Controller,2026-06-11 18:33,,2026-06-25
PO/VSP/26-27/00310,2026-06-11 11:20,V0050,VSP,5320,12.78,67989.60,PUR-VSP-02,DM-VSP,Depot Manager,2026-06-12 10:26,,2026-06-22
PO/WGL/26-27/00265,2026-06-11 12:22,V0479,WGL,35,438.06,15332.10,PUR-WGL-03,DM-WGL,Depot Manager,2026-06-12 10:41,2026-06-15 10:47,2026-07-02
PO/BLR/26-27/00482,2026-06-11 17:02,V0270,BLR,6985,10.29,71875.65,PUR-BLR-01,DM-BLR,Depot Manager,2026-06-15 10:00,,2026-07-03
PO/HYD/26-27/00856,2026-06-11 18:42,V0295,HYD,4110,74.04,304304.40,PUR-HYD-01,FC-01,Finance Controller,2026-06-12 10:50,,2026-07-01
PO/BLR/26-27/00483,2026-06-12 10:06,V0348,BLR,115,1246.77,143378.55,PUR-BLR-03,FC-01,Finance Controller,2026-06-13 10:24,,2026-06-27
PO/BLR/26-27/00484,2026-06-12 10:08,V0430,BLR,212,979.01,207550.12,PUR-BLR-03,FC-01,Finance Controller,2026-06-12 10:52,,2026-07-12
PO/BLR/26-27/00485,2026-06-12 10:32,V0423,BLR,5315,11.79,62663.85,PUR-BLR-03,DM-BLR,Depot Manager,2026-06-12 11:39,,2026-07-04
PO/HBL/26-27/00208,2026-06-12 10:36,V0023,HBL,189,174.89,33054.21,PUR-HBL-01,DM-HBL,Depot Manager,2026-06-12 12:19,,2026-07-11
PO/HYD/26-27/00857,2026-06-12 10:43,V0394,HYD,4328,14.89,64443.92,PUR-HYD-02,DM-HYD,Depot Manager,2026-06-12 11:07,2026-06-20 17:01,2026-06-22
PO/VJA/26-27/00425,2026-06-12 10:45,V0253,VJA,4700,74.91,352077.00,PUR-VJA-01,FC-01,Finance Controller,2026-06-12 13:48,,2026-06-30
PO/HYD/26-27/00858,2026-06-12 11:54,V0219,HYD,1841,115.47,212580.27,PUR-HYD-02,FC-01,Finance Controller,2026-06-13 10:25,,2026-07-11
PO/BLR/26-27/00486,2026-06-12 12:34,V0422,BLR,1257,14.03,17635.71,PUR-BLR-02,DM-BLR,Depot Manager,2026-06-13 15:09,,2026-06-23
PO/VJA/26-27/00426,2026-06-12 16:15,V0293,VJA,1021,348.75,356073.75,PUR-VJA-03,FC-01,Finance Controller,2026-06-13 10:27,,2026-06-22
PO/HYD/26-27/00859,2026-06-12 16:47,V0126,HYD,477,586.92,279960.84,PUR-HYD-01,FC-01,Finance Controller,2026-06-13 10:24,2026-06-17 14:26,2026-07-10
PO/VJA/26-27/00427,2026-06-12 17:31,V0287,VJA,391,167.04,65312.64,PUR-VJA-02,DM-VJA,Depot Manager,2026-06-13 10:22,,2026-06-27
PO/HYD/26-27/00860,2026-06-13 04:08,V0426,HYD,10080,13.30,134064.00,PUR-HYD-02,FC-01,Finance Controller,2026-06-14 04:54,2026-06-14 19:35,2026-06-27
PO/HYD/26-27/00861,2026-06-13 10:07,V0058,HYD,110,328.36,36119.60,PUR-HYD-01,DM-HYD,Depot Manager,2026-06-15 10:12,2026-06-16 17:37,2026-07-13
PO/HYD/26-27/00862,2026-06-13 10:11,V0005,HYD,345,41.05,14162.25,PUR-HYD-03,DM-HYD,Depot Manager,2026-06-15 10:42,2026-06-17 13:27,2026-06-24
PO/BLR/26-27/00487,2026-06-13 10:19,V0083,BLR,305,1034.76,315601.80,PUR-BLR-02,FC-01,Finance Controller,2026-06-15 10:12,2026-06-22 10:35,2026-06-27
PO/HBL/26-27/00209,2026-06-13 10:21,V0422,HBL,45,566.41,25488.45,PUR-HBL-03,DM-HBL,Depot Manager,2026-06-15 10:03,2026-06-20 10:02,2026-07-10
PO/HYD/26-27/00863,2026-06-13 10:26,V0050,HYD,505,51.61,26063.05,PUR-HYD-01,DM-HYD,Depot Manager,2026-06-13 14:52,,2026-07-10
PO/HYD/26-27/00864,2026-06-13 10:30,V0177,HYD,236,1104.36,260628.96,PUR-HYD-03,FC-01,Finance Controller,2026-06-13 12:30,,2026-07-13
PO/HYD/26-27/00865,2026-06-13 10:34,V0116,HYD,1661,42.50,70592.50,PUR-HYD-03,DM-HYD,Depot Manager,2026-06-15 10:27,,2026-06-20
PO/VJA/26-27/00428,2026-06-13 10:35,V0185,VJA,85,1408.01,119680.85,PUR-VJA-02,FC-01,Finance Controller,2026-06-15 10:07,,2026-07-02
PO/HYD/26-27/00866,2026-06-13 10:36,V0056,HYD,1221,164.61,200988.81,PUR-HYD-02,FC-01,Finance Controller,2026-06-13 12:15,,2026-07-12
PO/VSP/26-27/00311,2026-06-13 10:43,V0038,VSP,1190,319.08,379705.20,PUR-VSP-03,FC-01,Finance Controller,2026-06-13 12:40,,2026-07-12
PO/HYD/26-27/00867,2026-06-13 10:43,V0394,HYD,216,270.60,58449.60,PUR-HYD-02,DM-HYD,Depot Manager,2026-06-13 12:09,,2026-07-13
PO/WGL/26-27/00266,2026-06-13 11:06,V0434,WGL,879,118.01,103730.79,PUR-WGL-01,FC-01,Finance Controller,2026-06-15 10:05,,2026-06-29
PO/VJA/26-27/00429,2026-06-13 12:51,V0185,VJA,4528,35.08,158842.24,PUR-VJA-03,FC-01,Finance Controller,2026-06-14 10:47,2026-06-14 22:33,2026-07-12
PO/VSP/26-27/00312,2026-06-13 13:45,V0189,VSP,1371,15.19,20825.49,PUR-VSP-03,DM-VSP,Depot Manager,2026-06-15 10:27,,2026-07-03
PO/VSP/26-27/00313,2026-06-13 17:18,V0087,VSP,84,910.87,76513.08,PUR-VSP-02,DM-VSP,Depot Manager,2026-06-15 12:14,,2026-06-24
PO/VJA/26-27/00430,2026-06-13 21:35,V0471,VJA,96,491.00,47136.00,PUR-VJA-01,DM-VJA,Depot Manager,2026-06-14 07:36,2026-06-18 13:14,2026-07-11
PO/HYD/26-27/00868,2026-06-14 05:12,V0123,HYD,141,151.01,21292.41,PUR-HYD-03,DM-HYD,Depot Manager,2026-06-14 19:19,2026-06-17 18:14,2026-07-13
PO/VSP/26-27/00314,2026-06-15 09:45,V0042,VSP,16,1029.01,16464.16,PUR-VSP-02,DM-VSP,Depot Manager,2026-06-16 10:36,,2026-07-05
PO/HYD/26-27/00869,2026-06-15 10:00,V0339,HYD,193,1742.80,336360.40,PUR-HYD-01,FC-01,Finance Controller,2026-06-15 10:19,,2026-07-08
PO/HYD/26-27/00870,2026-06-15 10:03,V0481,HYD,670,30.66,20542.20,PUR-HYD-03,DM-HYD,Depot Manager,2026-06-20 10:00,,2026-07-05
PO/HYD/26-27/00871,2026-06-15 10:08,V0034,HYD,389,173.90,67647.10,PUR-HYD-01,DM-HYD,Depot Manager,2026-06-15 11:18,,2026-07-14
PO/HYD/26-27/00872,2026-06-15 10:08,V0452,HYD,17361,22.76,395136.36,PUR-HYD-03,FC-01,Finance Controller,2026-06-16 09:32,,2026-07-02
PO/HYD/26-27/00873,2026-06-15 10:08,V0488,HYD,1030,8.83,9094.90,PUR-HYD-01,DM-HYD,Depot Manager,2026-06-15 10:09,2026-06-17 12:42,2026-07-04
PO/VSP/26-27/00315,2026-06-15 10:12,V0178,VSP,335,251.59,84282.65,PUR-VSP-01,DM-VSP,Depot Manager,2026-06-18 10:51,,2026-06-25
PO/VJA/26-27/00431,2026-06-15 10:16,V0063,VJA,5043,78.97,398245.71,PUR-VJA-01,FC-01,Finance Controller,2026-06-16 10:32,,2026-06-26
PO/HYD/26-27/00874,2026-06-15 10:16,V0421,HYD,97,541.57,52532.29,PUR-HYD-01,DM-HYD,Depot Manager,2026-06-15 10:41,,2026-07-11
PO/HYD/26-27/00875,2026-06-15 10:18,V0141,HYD,1645,88.71,145927.95,PUR-HYD-02,FC-01,Finance Controller,2026-06-15 10:46,,2026-07-02
PO/VSP/26-27/00316,2026-06-15 10:21,V0175,VSP,2277,143.42,326567.34,PUR-VSP-02,FC-01,Finance Controller,2026-06-15 11:13,,2026-06-27
PO/VJA/26-27/00432,2026-06-15 10:22,V0113,VJA,2817,51.76,145807.92,PUR-VJA-01,FC-01,Finance Controller,2026-06-16 12:35,,2026-06-29
PO/WGL/26-27/00267,2026-06-15 10:24,V0049,WGL,2126,53.56,113868.56,PUR-WGL-01,FC-01,Finance Controller,2026-06-16 10:40,,2026-07-08
PO/VJA/26-27/00433,2026-06-15 10:26,V0464,VJA,1727,61.91,106918.57,PUR-VJA-01,FC-01,Finance Controller,2026-06-15 11:56,,2026-07-10
PO/VJA/26-27/00434,2026-06-15 10:26,V0033,VJA,30,879.93,26397.90,PUR-VJA-03,DM-VJA,Depot Manager,2026-06-15 10:32,2026-06-15 22:26,2026-06-27
PO/VSP/26-27/00317,2026-06-15 10:27,V0049,VSP,153,554.96,84908.88,PUR-VSP-01,DM-VSP,Depot Manager,2026-06-15 12:12,2026-06-20 10:23,2026-07-13
PO/HYD/26-27/00876,2026-06-15 10:29,V0399,HYD,3769,14.76,55630.44,PUR-HYD-01,DM-HYD,Depot Manager,2026-06-15 13:25,,2026-06-30
PO/BLR/26-27/00488,2026-06-15 10:30,V0145,BLR,1664,21.98,36574.72,PUR-BLR-02,DM-BLR,Depot Manager,2026-06-15 10:49,,2026-07-10
PO/VJA/26-27/00435,2026-06-15 10:30,V0252,VJA,13345,16.62,221793.90,PUR-VJA-03,FC-01,Finance Controller,2026-06-16 10:20,2026-06-23 16:25,2026-07-13
PO/VJA/26-27/00436,2026-06-15 10:32,V0358,VJA,2589,29.30,75857.70,PUR-VJA-03,DM-VJA,Depot Manager,2026-06-18 10:02,,2026-07-02
PO/VJA/26-27/00437,2026-06-15 10:38,V0314,VJA,228,663.38,151250.64,PUR-VJA-03,FC-01,Finance Controller,2026-06-15 10:45,,2026-06-22
PO/BLR/26-27/00489,2026-06-15 10:38,V0471,BLR,677,80.10,54227.70,PUR-BLR-03,DM-BLR,Depot Manager,2026-06-16 10:15,,2026-07-11
PO/BLR/26-27/00490,2026-06-15 10:39,V0060,BLR,186,173.83,32332.38,PUR-BLR-02,DM-BLR,Depot Manager,2026-06-17 10:26,,2026-06-23
PO/BLR/26-27/00491,2026-06-15 10:40,V0086,BLR,932,43.07,40141.24,PUR-BLR-03,DM-BLR,Depot Manager,2026-06-15 10:56,,2026-07-14
PO/HYD/26-27/00877,2026-06-15 10:42,V0193,HYD,1197,27.80,33276.60,PUR-HYD-02,DM-HYD,Depot Manager,2026-06-15 11:35,,2026-07-04
PO/BLR/26-27/00492,2026-06-15 10:47,V0400,BLR,614,83.75,51422.50,PUR-BLR-02,DM-BLR,Depot Manager,2026-06-15 12:31,,2026-07-01
PO/BLR/26-27/00493,2026-06-15 10:47,V0336,BLR,1950,34.19,66670.50,PUR-BLR-03,DM-BLR,Depot Manager,2026-06-15 11:48,,2026-06-30
PO/HYD/26-27/00878,2026-06-15 10:49,V0032,HYD,1855,186.32,345623.60,PUR-HYD-03,FC-01,Finance Controller,2026-06-16 10:23,,2026-06-27
PO/BLR/26-27/00494,2026-06-15 10:49,V0008,BLR,26,1660.89,43183.14,PUR-BLR-01,DM-BLR,Depot Manager,2026-06-17 10:16,,2026-07-05
PO/HYD/26-27/00879,2026-06-15 11:47,V0192,HYD,780,196.93,153605.40,PUR-HYD-02,FC-01,Finance Controller,2026-06-15 17:45,,2026-07-14
PO/BLR/26-27/00495,2026-06-15 12:04,V0033,BLR,206,964.80,198748.80,PUR-BLR-02,FC-01,Finance Controller,2026-06-15 13:14,,2026-07-02
PO/WGL/26-27/00268,2026-06-15 12:09,V0016,WGL,30848,12.42,383132.16,PUR-WGL-03,FC-01,Finance Controller,2026-06-15 18:18,,2026-06-28
PO/HBL/26-27/00210,2026-06-15 12:14,V0033,HBL,191,150.14,28676.74,PUR-HBL-03,DM-HBL,Depot Manager,2026-06-16 10:47,,2026-07-02
PO/HYD/26-27/00880,2026-06-15 12:20,V0023,HYD,13981,23.92,334425.52,PUR-HYD-01,FC-01,Finance Controller,2026-06-16 10:22,,2026-06-29
PO/WGL/26-27/00269,2026-06-15 12:29,V0187,WGL,1530,25.40,38862.00,PUR-WGL-02,DM-WGL,Depot Manager,2026-06-15 13:48,,2026-07-12
PO/VJA/26-27/00438,2026-06-15 12:51,V0133,VJA,607,28.08,17044.56,PUR-VJA-02,DM-VJA,Depot Manager,2026-06-15 18:44,,2026-07-03
PO/HYD/26-27/00881,2026-06-15 13:01,V0129,HYD,41798,8.25,344833.50,PUR-HYD-02,FC-01,Finance Controller,2026-06-16 10:59,,2026-06-26
PO/HYD/26-27/00882,2026-06-15 13:09,V0327,HYD,43,764.34,32866.62,PUR-HYD-02,DM-HYD,Depot Manager,2026-06-15 14:03,,2026-07-07
PO/VJA/26-27/00439,2026-06-15 14:31,V0048,VJA,526,65.93,34679.18,PUR-VJA-02,DM-VJA,Depot Manager,2026-06-16 10:47,,2026-07-04
PO/VJA/26-27/00440,2026-06-15 15:32,V0083,VJA,662,124.69,82544.78,PUR-VJA-01,DM-VJA,Depot Manager,2026-06-16 10:15,,2026-07-11
PO/HYD/26-27/00883,2026-06-15 17:51,V0385,HYD,25,1125.10,28127.50,PUR-HYD-02,DM-HYD,Depot Manager,2026-06-19 10:37,,2026-07-09
PO/VJA/26-27/00441,2026-06-15 18:09,V0412,VJA,68,237.66,16160.88,PUR-VJA-02,DM-VJA,Depot Manager,2026-06-18 18:23,,2026-06-29
PO/BLR/26-27/00496,2026-06-16 09:47,V0065,BLR,6270,12.35,77434.50,PUR-BLR-02,DM-BLR,Depot Manager,2026-06-17 10:47,2026-06-24 10:08,2026-06-25
PO/VJA/26-27/00442,2026-06-16 10:06,V0331,VJA,170,148.47,25239.90,PUR-VJA-02,DM-VJA,Depot Manager,2026-06-19 13:51,,2026-07-12
PO/HYD/26-27/00884,2026-06-16 10:15,V0100,HYD,1007,215.50,217008.50,PUR-HYD-03,FC-01,Finance Controller,2026-06-17 10:29,,2026-07-06
PO/HYD/26-27/00885,2026-06-16 10:16,V0427,HYD,3997,17.64,70507.08,PUR-HYD-01,DM-HYD,Depot Manager,2026-06-16 10:49,,2026-07-07
PO/BLR/26-27/00497,2026-06-16 10:19,V0063,BLR,107,1250.97,133853.79,PUR-BLR-02,FC-01,Finance Controller,2026-06-17 10:08,,2026-07-12
PO/HBL/26-27/00211,2026-06-16 10:20,V0097,HBL,322,103.39,33291.58,PUR-HBL-03,DM-HBL,Depot Manager,2026-06-19 10:09,,2026-07-14
PO/VJA/26-27/00443,2026-06-16 10:45,V0351,VJA,669,26.20,17527.80,PUR-VJA-03,DM-VJA,Depot Manager,2026-06-16 14:46,2026-06-23 10:48,2026-07-13
PO/HYD/26-27/00886,2026-06-16 10:49,V0400,HYD,51,680.07,34683.57,PUR-HYD-02,DM-HYD,Depot Manager,2026-06-17 10:17,,2026-07-14
PO/HYD/26-27/00887,2026-06-16 11:21,V0333,HYD,7401,53.75,397803.75,PUR-HYD-02,FC-01,Finance Controller,2026-06-17 10:00,,2026-07-02
PO/WGL/26-27/00270,2026-06-16 13:27,V0481,WGL,865,208.45,180309.25,PUR-WGL-03,FC-01,Finance Controller,2026-06-16 17:13,,2026-06-29
PO/BLR/26-27/00498,2026-06-16 16:19,V0197,BLR,35,1168.32,40891.20,PUR-BLR-03,DM-BLR,Depot Manager,2026-06-17 10:38,,2026-07-01
PO/WGL/26-27/00271,2026-06-16 17:49,V0049,WGL,495,471.72,233501.40,PUR-WGL-01,FC-01,Finance Controller,2026-06-18 10:00,,2026-07-05
PO/VJA/26-27/00444,2026-06-16 18:09,V0468,VJA,899,17.81,16011.19,PUR-VJA-03,DM-VJA,Depot Manager,2026-06-18 10:01,,2026-07-06
PO/VJA/26-27/00445,2026-06-17 10:01,V0033,VJA,187,273.69,51180.03,PUR-VJA-02,DM-VJA,Depot Manager,2026-06-20 10:40,,2026-07-17
PO/BLR/26-27/00499,2026-06-17 10:04,V0037,BLR,613,431.65,264601.45,PUR-BLR-02,FC-01,Finance Controller,2026-06-17 18:10,2026-06-24 10:30,2026-07-14
PO/BLR/26-27/00500,2026-06-17 10:06,V0114,BLR,528,53.65,28327.20,PUR-BLR-01,DM-BLR,Depot Manager,2026-06-18 10:28,,2026-06-26
PO/HBL/26-27/00212,2026-06-17 10:11,V0176,HBL,785,59.92,47037.20,PUR-HBL-01,DM-HBL,Depot Manager,2026-06-18 10:19,,2026-07-10
PO/HYD/26-27/00888,2026-06-17 10:22,V0036,HYD,598,331.09,197991.82,PUR-HYD-02,FC-01,Finance Controller,2026-06-19 15:29,,2026-07-17
PO/HBL/26-27/00213,2026-06-17 10:29,V0498,HBL,765,174.43,133438.95,PUR-HBL-01,FC-01,Finance Controller,2026-06-18 10:46,,2026-07-13
PO/BLR/26-27/00501,2026-06-17 10:30,V0461,BLR,39194,9.19,360192.86,PUR-BLR-03,FC-01,Finance Controller,2026-06-17 11:17,,2026-07-17
PO/HYD/26-27/00889,2026-06-17 10:46,V0331,HYD,7921,45.32,358979.72,PUR-HYD-02,FC-01,Finance Controller,2026-06-17 15:44,,2026-07-07
PO/HYD/26-27/00890,2026-06-17 10:47,V0412,HYD,810,458.82,371644.20,PUR-HYD-02,FC-01,Finance Controller,2026-06-18 10:12,,2026-07-10
PO/WGL/26-27/00272,2026-06-17 10:48,V0019,WGL,186,1030.03,191585.58,PUR-WGL-01,FC-01,Finance Controller,2026-06-18 14:47,,2026-07-14
PO/VSP/26-27/00318,2026-06-17 11:19,V0223,VSP,122,401.14,48939.08,PUR-VSP-01,DM-VSP,Depot Manager,2026-06-17 18:32,,2026-06-29
PO/HYD/26-27/00891,2026-06-17 14:45,V0245,HYD,192,728.11,139797.12,PUR-HYD-01,FC-01,Finance Controller,2026-06-19 10:16,2026-06-22 10:35,2026-06-24
PO/HYD/26-27/00892,2026-06-17 15:04,V0445,HYD,1587,39.52,62718.24,PUR-HYD-02,DM-HYD,Depot Manager,2026-06-19 10:38,,2026-07-05
PO/HYD/26-27/00893,2026-06-17 15:27,V0312,HYD,9977,21.93,218795.61,PUR-HYD-02,FC-01,Finance Controller,2026-06-18 17:38,,2026-07-08
PO/VJA/26-27/00446,2026-06-18 10:00,V0168,VJA,20132,15.02,302382.64,PUR-VJA-01,FC-01,Finance Controller,2026-06-20 10:48,2026-06-24 10:38,2026-07-08
PO/HYD/26-27/00894,2026-06-18 10:07,V0067,HYD,16,1542.08,24673.28,PUR-HYD-02,DM-HYD,Depot Manager,2026-06-18 14:54,,2026-07-10
PO/HYD/26-27/00895,2026-06-18 10:33,V0063,HYD,1872,16.53,30944.16,PUR-HYD-02,DM-HYD,Depot Manager,2026-06-19 10:50,,2026-07-12
PO/HBL/26-27/00214,2026-06-18 10:43,V0071,HBL,5667,63.73,361157.91,PUR-HBL-01,FC-01,Finance Controller,2026-06-18 11:28,,2026-07-04
PO/HYD/26-27/00896,2026-06-18 10:45,V0367,HYD,1375,199.99,274986.25,PUR-HYD-03,FC-01,Finance Controller,2026-06-19 14:24,,2026-07-16
PO/VJA/26-27/00447,2026-06-18 10:47,V0139,VJA,104,765.27,79588.08,PUR-VJA-03,DM-VJA,Depot Manager,2026-06-19 10:37,,2026-07-08
PO/BLR/26-27/00502,2026-06-18 12:07,V0394,BLR,305,206.49,62979.45,PUR-BLR-03,DM-BLR,Depot Manager,2026-06-20 10:16,,2026-06-26
PO/HBL/26-27/00215,2026-06-18 12:40,V0086,HBL,1825,36.06,65809.50,PUR-HBL-01,DM-HBL,Depot Manager,2026-06-19 10:05,2026-06-24 10:46,2026-07-04
PO/VJA/26-27/00448,2026-06-18 14:51,V0078,VJA,16514,11.12,183635.68,PUR-VJA-01,FC-01,Finance Controller,2026-06-20 12:25,,2026-07-18
PO/VJA/26-27/00449,2026-06-18 15:02,V0112,VJA,300,202.00,60600.00,PUR-VJA-03,DM-VJA,Depot Manager,2026-06-19 09:55,2026-06-22 10:11,2026-07-14
PO/VSP/26-27/00319,2026-06-18 15:15,V0405,VSP,2897,8.93,25870.21,PUR-VSP-03,DM-VSP,Depot Manager,2026-06-19 12:31,,2026-07-15
PO/HYD/26-27/00897,2026-06-18 18:22,V0425,HYD,3949,56.34,222486.66,PUR-HYD-02,FC-01,Finance Controller,2026-06-20 10:09,,2026-07-16
PO/HYD/26-27/00898,2026-06-19 09:40,V0481,HYD,144,618.06,89000.64,PUR-HYD-02,DM-HYD,Depot Manager,2026-06-22 14:12,,2026-07-11
PO/HYD/26-27/00899,2026-06-19 10:15,V0076,HYD,84,677.05,56872.20,PUR-HYD-02,DM-HYD,Depot Manager,2026-06-20 13:10,,2026-06-27
PO/BLR/26-27/00503,2026-06-19 10:23,V0402,BLR,117,205.30,24020.10,PUR-BLR-03,DM-BLR,Depot Manager,2026-06-19 16:06,,2026-07-11
PO/HYD/26-27/00900,2026-06-19 10:28,V0010,HYD,12557,11.66,146414.62,PUR-HYD-03,FC-01,Finance Controller,2026-06-20 10:18,,2026-07-16
PO/HYD/26-27/00901,2026-06-19 10:37,V0200,HYD,378,654.10,247249.80,PUR-HYD-02,FC-01,Finance Controller,2026-06-20 10:04,,2026-07-02
PO/VSP/26-27/00320,2026-06-19 10:47,V0075,VSP,510,21.81,11123.10,PUR-VSP-01,DM-VSP,Depot Manager,2026-06-19 11:11,2026-06-20 10:38,2026-07-06
PO/VJA/26-27/00450,2026-06-19 11:09,V0146,VJA,7360,8.42,61971.20,PUR-VJA-01,DM-VJA,Depot Manager,2026-06-25 10:47,,2026-07-11
PO/HYD/26-27/00902,2026-06-19 16:16,V0095,HYD,6948,18.13,125967.24,PUR-HYD-03,FC-01,Finance Controller,2026-06-20 10:02,,2026-07-01
PO/VJA/26-27/00451,2026-06-20 10:03,V0188,VJA,1407,14.57,20499.99,PUR-VJA-03,DM-VJA,Depot Manager,2026-06-20 10:12,,2026-06-30
PO/HBL/26-27/00216,2026-06-20 10:06,V0421,HBL,56,1126.65,63092.40,PUR-HBL-03,DM-HBL,Depot Manager,2026-06-20 16:02,,2026-06-29
PO/VJA/26-27/00452,2026-06-20 10:19,V0318,VJA,472,162.65,76770.80,PUR-VJA-03,DM-VJA,Depot Manager,2026-06-20 11:18,,2026-07-18
PO/HYD/26-27/00903,2026-06-20 10:24,V0050,HYD,285,189.12,53899.20,PUR-HYD-01,DM-HYD,Depot Manager,2026-06-20 11:52,,2026-07-03
PO/HBL/26-27/00217,2026-06-20 10:29,V0017,HBL,53,1423.45,75442.85,PUR-HBL-01,DM-HBL,Depot Manager,2026-06-24 10:13,,2026-07-08
PO/WGL/26-27/00273,2026-06-20 10:30,V0069,WGL,2151,13.29,28586.79,PUR-WGL-03,DM-WGL,Depot Manager,2026-06-20 14:19,,2026-07-01
PO/HYD/26-27/00904,2026-06-20 10:36,V0424,HYD,20,1141.67,22833.40,PUR-HYD-03,DM-HYD,Depot Manager,2026-06-20 17:37,,2026-07-11
PO/VJA/26-27/00453,2026-06-20 10:41,V0066,VJA,247,103.28,25510.16,PUR-VJA-01,DM-VJA,Depot Manager,2026-06-20 12:23,,2026-07-19
PO/HYD/26-27/00905,2026-06-20 12:52,V0431,HYD,6984,19.65,137235.60,PUR-HYD-01,FC-01,Finance Controller,2026-06-20 13:07,,2026-07-03
PO/BLR/26-27/00504,2026-06-20 13:12,V0467,BLR,2132,189.11,403182.52,PUR-BLR-02,FC-01,Finance Controller,2026-06-22 10:00,,2026-07-19
PO/HYD/26-27/00906,2026-06-20 14:44,V0145,HYD,2744,8.63,23680.72,PUR-HYD-03,DM-HYD,Depot Manager,2026-06-22 10:36,,2026-07-12
PO/HYD/26-27/00907,2026-06-20 15:00,V0447,HYD,510,509.95,260074.50,PUR-HYD-03,FC-01,Finance Controller,2026-06-22 10:50,,2026-06-27
PO/BLR/26-27/00505,2026-06-20 16:40,V0479,BLR,9121,8.58,78258.18,PUR-BLR-01,DM-BLR,Depot Manager,2026-06-22 10:05,,2026-06-28
PO/BLR/26-27/00506,2026-06-20 16:54,V0065,BLR,326,191.48,62422.48,PUR-BLR-03,DM-BLR,Depot Manager,2026-06-22 10:39,,2026-07-13
PO/HYD/26-27/00908,2026-06-22 10:05,V0349,HYD,15167,16.03,243127.01,PUR-HYD-02,FC-01,Finance Controller,2026-06-22 10:46,,2026-07-07
PO/HYD/26-27/00909,2026-06-22 10:05,V0478,HYD,2087,20.31,42386.97,PUR-HYD-01,DM-HYD,Depot Manager,2026-06-22 15:15,,2026-07-01
PO/VJA/26-27/00454,2026-06-22 10:06,V0440,VJA,30,835.23,25056.90,PUR-VJA-01,DM-VJA,Depot Manager,2026-06-22 10:18,,2026-06-29
PO/HYD/26-27/00910,2026-06-22 10:11,V0033,HYD,532,683.16,363441.12,PUR-HYD-01,FC-01,Finance Controller,2026-06-22 14:44,,2026-07-17
PO/VJA/26-27/00455,2026-06-22 10:13,V0325,VJA,1184,337.84,400002.56,PUR-VJA-03,FC-01,Finance Controller,2026-06-22 17:59,,2026-07-09
PO/VJA/26-27/00456,2026-06-22 10:15,V0388,VJA,2208,31.18,68845.44,PUR-VJA-03,DM-VJA,Depot Manager,2026-06-24 10:45,,2026-07-21
PO/HBL/26-27/00218,2026-06-22 10:21,V0277,HBL,157,508.07,79766.99,PUR-HBL-03,DM-HBL,Depot Manager,2026-06-23 10:22,,2026-07-09
PO/HYD/26-27/00911,2026-06-22 10:21,V0004,HYD,32,630.20,20166.40,PUR-HYD-03,DM-HYD,Depot Manager,2026-06-22 10:43,,2026-07-13
PO/HYD/26-27/00912,2026-06-22 10:26,V0245,HYD,3038,16.69,50704.22,PUR-HYD-03,DM-HYD,Depot Manager,2026-06-23 10:32,,2026-07-13
PO/HYD/26-27/00913,2026-06-22 10:29,V0093,HYD,2047,42.18,86342.46,PUR-HYD-01,DM-HYD,Depot Manager,2026-06-25 10:47,,2026-07-02
PO/BLR/26-27/00507,2026-06-22 10:30,V0183,BLR,2030,13.58,27567.40,PUR-BLR-02,DM-BLR,Depot Manager,2026-06-24 10:31,,2026-07-20
PO/BLR/26-27/00508,2026-06-22 10:31,V0018,BLR,828,23.37,19350.36,PUR-BLR-02,DM-BLR,Depot Manager,2026-06-22 10:45,,2026-07-20
PO/VJA/26-27/00457,2026-06-22 10:39,V0202,VJA,5580,65.86,367498.80,PUR-VJA-03,FC-01,Finance Controller,2026-06-22 12:05,,2026-07-15
PO/VJA/26-27/00458,2026-06-22 10:41,V0082,VJA,14596,22.57,329431.72,PUR-VJA-02,FC-01,Finance Controller,2026-06-23 15:32,,2026-07-02
PO/VSP/26-27/00321,2026-06-22 10:45,V0473,VSP,6828,13.02,88900.56,PUR-VSP-02,DM-VSP,Depot Manager,2026-06-24 10:15,,2026-07-06
PO/HBL/26-27/00219,2026-06-22 10:46,V0066,HBL,12420,17.70,219834.00,PUR-HBL-01,FC-01,Finance Controller,2026-06-22 12:31,,2026-07-05
PO/VJA/26-27/00459,2026-06-22 10:47,V0425,VJA,136,1379.81,187654.16,PUR-VJA-02,FC-01,Finance Controller,2026-06-23 10:25,,2026-07-22
PO/HYD/26-27/00914,2026-06-22 10:49,V0057,HYD,602,37.62,22647.24,PUR-HYD-01,DM-HYD,Depot Manager,2026-06-22 11:12,,2026-07-16
PO/HYD/26-27/00915,2026-06-22 10:49,V0259,HYD,17795,14.50,258027.50,PUR-HYD-02,FC-01,Finance Controller,2026-06-23 10:46,,2026-07-18
PO/VSP/26-27/00322,2026-06-22 10:55,V0136,VSP,1801,57.67,103863.67,PUR-VSP-02,FC-01,Finance Controller,2026-06-23 11:28,,2026-07-21
PO/VSP/26-27/00323,2026-06-22 11:09,V0124,VSP,1615,37.14,59981.10,PUR-VSP-01,DM-VSP,Depot Manager,2026-06-22 12:27,,2026-07-04
PO/BLR/26-27/00509,2026-06-22 12:46,V0080,BLR,3349,72.97,244376.53,PUR-BLR-03,FC-01,Finance Controller,2026-06-24 10:44,,2026-07-15
PO/HYD/26-27/00916,2026-06-22 12:47,V0080,HYD,7818,10.60,82870.80,PUR-HYD-02,DM-HYD,Depot Manager,2026-06-23 10:03,,2026-07-08
PO/BLR/26-27/00510,2026-06-22 16:00,V0168,BLR,8477,45.34,384347.18,PUR-BLR-02,FC-01,Finance Controller,2026-06-23 16:29,,2026-07-22
PO/VJA/26-27/00460,2026-06-22 17:50,V0379,VJA,843,52.38,44156.34,PUR-VJA-01,DM-VJA,Depot Manager,2026-06-23 10:44,,2026-06-30
PO/HYD/26-27/00917,2026-06-22 18:38,V0202,HYD,247,1340.09,331002.23,PUR-HYD-01,FC-01,Finance Controller,2026-06-23 10:36,,2026-07-03
PO/VJA/26-27/00461,2026-06-23 10:00,V0058,VJA,974,197.80,192657.20,PUR-VJA-01,FC-01,Finance Controller,2026-06-24 10:27,,2026-07-02
PO/VSP/26-27/00324,2026-06-23 10:08,V0176,VSP,1945,51.46,100089.70,PUR-VSP-03,FC-01,Finance Controller,2026-06-24 10:16,,2026-07-14
PO/HBL/26-27/00220,2026-06-23 10:09,V0063,HBL,1028,260.23,267516.44,PUR-HBL-03,FC-01,Finance Controller,2026-06-23 13:01,,
PO/HBL/26-27/00221,2026-06-23 10:12,V0262,HBL,424,896.02,379912.48,PUR-HBL-03,FC-01,Finance Controller,2026-06-26 10:39,,2026-07-01
PO/HYD/26-27/00918,2026-06-23 10:22,V0440,HYD,3117,32.98,102798.66,PUR-HYD-01,FC-01,Finance Controller,2026-06-24 16:14,,2026-07-12
PO/VSP/26-27/00325,2026-06-23 10:39,V0496,VSP,174,836.91,145622.34,PUR-VSP-02,FC-01,Finance Controller,2026-06-24 11:30,,2026-07-02
PO/HYD/26-27/00919,2026-06-23 10:41,V0005,HYD,189,421.84,79727.76,PUR-HYD-02,DM-HYD,Depot Manager,2026-06-25 10:39,,2026-07-22
PO/HYD/26-27/00920,2026-06-23 10:42,V0437,HYD,1435,282.72,405703.20,PUR-HYD-01,FC-01,Finance Controller,2026-06-29 10:16,,2026-06-30
PO/VSP/26-27/00326,2026-06-23 10:43,V0436,VSP,15821,8.70,137642.70,PUR-VSP-02,FC-01,Finance Controller,2026-06-23 13:48,,2026-07-17
PO/HYD/26-27/00921,2026-06-23 10:44,V0050,HYD,872,309.19,269613.68,PUR-HYD-01,FC-01,Finance Controller,2026-06-23 12:12,,2026-07-19
PO/HBL/26-27/00222,2026-06-23 10:45,V0079,HBL,2134,63.92,136405.28,PUR-HBL-01,FC-01,Finance Controller,2026-06-23 15:24,,2026-07-01
PO/VSP/26-27/00327,2026-06-23 13:21,V0461,VSP,363,196.85,71456.55,PUR-VSP-01,DM-VSP,Depot Manager,2026-06-24 10:05,,2026-07-18
PO/VJA/26-27/00462,2026-06-23 15:24,V0311,VJA,15,1402.25,21033.75,PUR-VJA-01,DM-VJA,Depot Manager,2026-06-25 10:16,,2026-07-22
PO/HYD/26-27/00922,2026-06-23 15:44,V0387,HYD,36012,9.75,351117.00,PUR-HYD-02,FC-01,Finance Controller,2026-06-26 10:26,,2026-07-17
PO/VSP/26-27/00328,2026-06-23 15:45,V0210,VSP,28,1172.98,32843.44,PUR-VSP-03,DM-VSP,Depot Manager,2026-06-24 10:43,,2026-07-06
PO/HYD/26-27/00923,2026-06-24 10:00,V0496,HYD,17,1625.32,27630.44,PUR-HYD-03,DM-HYD,Depot Manager,2026-06-26 10:22,,2026-07-15
PO/BLR/26-27/00511,2026-06-24 10:01,V0129,BLR,2460,153.26,377019.60,PUR-BLR-03,FC-01,Finance Controller,2026-06-26 10:37,,2026-07-10
PO/HYD/26-27/00924,2026-06-24 10:08,V0081,HYD,1817,108.37,196908.29,PUR-HYD-03,FC-01,Finance Controller,2026-06-24 12:55,,2026-07-20
PO/HYD/26-27/00925,2026-06-24 10:09,V0145,HYD,82,798.64,65488.48,PUR-HYD-02,DM-HYD,Depot Manager,2026-06-29 10:05,,2026-07-09
PO/HYD/26-27/00926,2026-06-24 10:11,V0085,HYD,1574,21.24,33431.76,PUR-HYD-03,DM-HYD,Depot Manager,2026-06-25 10:50,,2026-07-09
PO/BLR/26-27/00512,2026-06-24 10:19,V0456,BLR,8353,39.57,330528.21,PUR-BLR-01,FC-01,Finance Controller,2026-06-25 10:28,,2026-07-23
PO/BLR/26-27/00513,2026-06-24 10:24,V0021,BLR,2060,99.99,205979.40,PUR-BLR-02,FC-01,Finance Controller,2026-06-26 18:21,,2026-07-20
PO/VSP/26-27/00329,2026-06-24 10:32,V0065,VSP,3435,70.28,241411.80,PUR-VSP-03,FC-01,Finance Controller,2026-06-25 10:40,,2026-07-06
PO/HBL/26-27/00223,2026-06-24 10:35,V0019,HBL,1144,222.72,254791.68,PUR-HBL-02,FC-01,Finance Controller,2026-06-26 10:33,,2026-07-20
PO/HBL/26-27/00224,2026-06-24 10:36,V0211,HBL,119,498.55,59327.45,PUR-HBL-03,DM-HBL,Depot Manager,2026-06-25 10:35,,2026-07-08
PO/HYD/26-27/00927,2026-06-24 10:41,V0299,HYD,41,790.78,32421.98,PUR-HYD-02,DM-HYD,Depot Manager,2026-06-26 10:24,,2026-07-12
PO/WGL/26-27/00274,2026-06-24 10:44,V0244,WGL,1049,186.48,195617.52,PUR-WGL-02,FC-01,Finance Controller,2026-06-26 10:17,,2026-07-16
PO/HBL/26-27/00225,2026-06-24 10:44,V0286,HBL,1976,11.57,22862.32,PUR-HBL-01,DM-HBL,Depot Manager,2026-06-29 10:09,,2026-07-01
PO/HYD/26-27/00928,2026-06-24 10:48,V0004,HYD,434,244.72,106208.48,PUR-HYD-02,FC-01,Finance Controller,2026-06-24 11:31,,2026-07-19
PO/HYD/26-27/00929,2026-06-24 10:50,V0328,HYD,469,96.42,45220.98,PUR-HYD-01,DM-HYD,Depot Manager,2026-06-26 10:19,,2026-07-22
PO/HYD/26-27/00930,2026-06-24 14:54,V0393,HYD,21567,9.07,195612.69,PUR-HYD-03,FC-01,Finance Controller,2026-06-25 12:05,,2026-07-20
PO/BLR/26-27/00514,2026-06-25 09:52,V0019,BLR,290,806.30,233827.00,PUR-BLR-01,FC-01,Finance Controller,2026-06-27 10:47,,2026-07-13
PO/BLR/26-27/00515,2026-06-25 10:48,V0320,BLR,3674,17.80,65397.20,PUR-BLR-01,DM-BLR,Depot Manager,2026-06-25 11:48,,2026-07-14
PO/BLR/26-27/00516,2026-06-25 10:55,V0148,BLR,223,215.85,48134.55,PUR-BLR-03,DM-BLR,Depot Manager,2026-06-27 10:13,,2026-07-16
PO/BLR/26-27/00517,2026-06-25 12:16,V0069,BLR,164,1599.55,262326.20,PUR-BLR-03,FC-01,Finance Controller,2026-06-26 13:32,,2026-07-05
PO/HYD/26-27/00931,2026-06-25 13:50,V0079,HYD,3406,110.68,376976.08,PUR-HYD-03,FC-01,Finance Controller,2026-06-26 10:21,,2026-07-18
PO/HYD/26-27/00932,2026-06-25 14:45,V0075,HYD,623,53.36,33243.28,PUR-HYD-02,DM-HYD,Depot Manager,2026-06-27 10:27,,2026-07-17
PO/BLR/26-27/00518,2026-06-25 17:38,V0084,BLR,385,685.53,263929.05,PUR-BLR-03,FC-01,Finance Controller,2026-06-27 10:24,,2026-07-14
PO/VJA/26-27/00463,2026-06-26 10:00,V0019,VJA,144,514.44,74079.36,PUR-VJA-01,DM-VJA,Depot Manager,2026-06-29 10:23,,2026-07-03
PO/HBL/26-27/00226,2026-06-26 10:01,V0333,HBL,261,63.27,16513.47,PUR-HBL-01,DM-HBL,Depot Manager,2026-06-27 10:07,,2026-07-09
PO/VSP/26-27/00330,2026-06-26 10:20,V0057,VSP,1897,27.89,52907.33,PUR-VSP-02,DM-VSP,Depot Manager,2026-06-29 10:23,,2026-07-16
PO/BLR/26-27/00519,2026-06-26 10:20,V0382,BLR,818,429.42,351265.56,PUR-BLR-01,FC-01,Finance Controller,2026-06-29 10:41,,2026-07-26
PO/HYD/26-27/00933,2026-06-26 10:26,V0046,HYD,1912,29.23,55887.76,PUR-HYD-01,DM-HYD,Depot Manager,2026-06-29 10:15,,2026-07-17
PO/VSP/26-27/00331,2026-06-26 10:32,V0118,VSP,24398,8.43,205675.14,PUR-VSP-03,FC-01,Finance Controller,2026-06-27 10:19,,2026-07-18
PO/WGL/26-27/00275,2026-06-26 10:32,V0100,WGL,24467,16.73,409332.91,PUR-WGL-02,FC-01,Finance Controller,2026-06-26 17:38,,2026-07-21
PO/WGL/26-27/00276,2026-06-26 10:34,V0346,WGL,2612,25.85,67520.20,PUR-WGL-03,DM-WGL,Depot Manager,2026-06-29 10:07,,2026-07-06
PO/VSP/26-27/00332,2026-06-26 10:38,V0085,VSP,961,41.16,39554.76,PUR-VSP-02,DM-VSP,Depot Manager,2026-06-29 10:45,,2026-07-24
PO/HYD/26-27/00934,2026-06-26 10:46,V0193,HYD,1913,23.31,44592.03,PUR-HYD-02,DM-HYD,Depot Manager,2026-06-27 10:16,,2026-07-20
PO/VSP/26-27/00333,2026-06-26 11:56,V0029,VSP,276,240.03,66248.28,PUR-VSP-02,DM-VSP,Depot Manager,2026-06-27 10:46,,2026-07-05
PO/HYD/26-27/00935,2026-06-26 17:47,V0033,HYD,2057,14.25,29312.25,PUR-HYD-02,DM-HYD,Depot Manager,2026-06-27 10:15,,2026-07-13
PO/HYD/26-27/00936,2026-06-27 10:00,V0421,HYD,533,119.53,63709.49,PUR-HYD-03,DM-HYD,Depot Manager,2026-06-29 10:46,,2026-07-11
PO/WGL/26-27/00277,2026-06-27 10:03,V0262,WGL,210,407.17,85505.70,PUR-WGL-02,DM-WGL,Depot Manager,2026-06-29 10:50,,2026-07-10
PO/HYD/26-27/00937,2026-06-27 10:04,V0489,HYD,2993,93.15,278797.95,PUR-HYD-02,FC-01,Finance Controller,2026-06-27 11:44,,2026-07-22
PO/HYD/26-27/00938,2026-06-27 10:19,V0483,HYD,447,851.26,380513.22,PUR-HYD-01,FC-01,Finance Controller,2026-06-29 10:47,,
PO/HYD/26-27/00939,2026-06-27 10:33,V0345,HYD,805,32.95,26524.75,PUR-HYD-02,DM-HYD,Depot Manager,2026-06-27 10:49,,2026-07-07
PO/HYD/26-27/00940,2026-06-27 10:38,V0106,HYD,699,464.02,324349.98,PUR-HYD-02,FC-01,Finance Controller,2026-06-27 11:13,,2026-07-10
PO/HYD/26-27/00941,2026-06-27 10:40,V0154,HYD,368,169.54,62390.72,PUR-HYD-03,DM-HYD,Depot Manager,2026-06-29 10:36,,2026-07-18
PO/HYD/26-27/00942,2026-06-27 10:41,V0306,HYD,11683,10.54,123138.82,PUR-HYD-03,FC-01,Finance Controller,2026-06-29 10:32,,2026-07-07
PO/VSP/26-27/00334,2026-06-27 15:09,V0266,VSP,1365,45.82,62544.30,PUR-VSP-02,DM-VSP,Depot Manager,2026-06-27 17:58,,2026-07-21
PO/HYD/26-27/00943,2026-06-27 18:46,V0361,HYD,1278,13.33,17035.74,PUR-HYD-03,DM-HYD,Depot Manager,2026-06-29 10:22,,2026-07-21
PO/HBL/26-27/00227,2026-06-29 10:02,V0058,HBL,4194,15.39,64545.66,PUR-HBL-01,DM-HBL,Depot Manager,2026-06-29 10:06,,2026-07-18
PO/VJA/26-27/00464,2026-06-29 10:12,V0261,VJA,220,323.51,71172.20,PUR-VJA-03,DM-VJA,Depot Manager,2026-06-29 10:48,,2026-07-24
PO/VJA/26-27/00465,2026-06-29 10:13,V0134,VJA,14539,23.43,340648.77,PUR-VJA-03,FC-01,Finance Controller,2026-06-29 11:27,,2026-07-26
PO/HYD/26-27/00944,2026-06-29 10:13,V0036,HYD,13803,19.11,263775.33,PUR-HYD-03,FC-01,Finance Controller,2026-06-29 17:59,,2026-07-07
PO/BLR/26-27/00520,2026-06-29 10:21,V0269,BLR,2018,121.07,244319.26,PUR-BLR-03,FC-01,Finance Controller,2026-06-29 10:39,,2026-07-25
PO/VJA/26-27/00466,2026-06-29 10:24,V0255,VJA,407,851.94,346739.58,PUR-VJA-01,FC-01,Finance Controller,2026-07-01 10:50,,2026-07-29
PO/VJA/26-27/00467,2026-06-29 10:26,V0043,VJA,1026,72.09,73964.34,PUR-VJA-01,DM-VJA,Depot Manager,2026-06-30 10:08,,2026-07-20
PO/HYD/26-27/00945,2026-06-29 10:28,V0455,HYD,1367,280.25,383101.75,PUR-HYD-03,FC-01,Finance Controller,2026-06-29 11:23,,2026-07-13
PO/BLR/26-27/00521,2026-06-29 10:31,V0091,BLR,80,1678.24,134259.20,PUR-BLR-03,FC-01,Finance Controller,2026-06-30 10:07,,2026-07-14
PO/HYD/26-27/00946,2026-06-29 10:38,V0266,HYD,415,72.53,30099.95,PUR-HYD-03,DM-HYD,Depot Manager,2026-07-02 10:08,,2026-07-20
PO/HYD/26-27/00947,2026-06-29 10:40,V0023,HYD,2591,13.47,34900.77,PUR-HYD-02,DM-HYD,Depot Manager,2026-06-29 11:05,,2026-07-19
PO/BLR/26-27/00522,2026-06-29 10:42,V0124,BLR,104,449.95,46794.80,PUR-BLR-02,DM-BLR,Depot Manager,2026-06-30 10:43,,2026-07-07
PO/HBL/26-27/00228,2026-06-29 10:46,V0452,HBL,193,97.21,18761.53,PUR-HBL-02,DM-HBL,Depot Manager,2026-06-29 12:29,,2026-07-20
PO/HYD/26-27/00948,2026-06-29 10:46,V0396,HYD,2219,49.66,110195.54,PUR-HYD-03,FC-01,Finance Controller,2026-06-30 10:40,,2026-07-24
PO/HYD/26-27/00949,2026-06-29 10:49,V0372,HYD,357,96.31,34382.67,PUR-HYD-02,DM-HYD,Depot Manager,2026-06-30 11:33,,2026-07-16
PO/HYD/26-27/00950,2026-06-29 17:19,V0433,HYD,147,545.27,80154.69,PUR-HYD-01,DM-HYD,Depot Manager,2026-07-04 12:35,,2026-07-10
PO/HYD/26-27/00951,2026-06-29 17:43,V0482,HYD,883,292.06,257888.98,PUR-HYD-03,FC-01,Finance Controller,2026-06-30 10:23,,2026-07-08
PO/HBL/26-27/00229,2026-06-30 10:21,V0367,HBL,184,1280.04,235527.36,PUR-HBL-03,FC-01,Finance Controller,2026-07-02 17:56,,2026-07-07
PO/VJA/26-27/00468,2026-06-30 10:31,V0438,VJA,2297,141.79,325691.63,PUR-VJA-02,FC-01,Finance Controller,2026-07-01 14:12,,2026-07-24
PO/VSP/26-27/00335,2026-07-01 10:31,V0443,VSP,130,577.13,75026.90,PUR-VSP-02,DM-VSP,Depot Manager,2026-07-02 16:58,,2026-07-29
PO/HYD/26-27/00952,2026-07-01 10:37,V0065,HYD,105,180.55,18957.75,PUR-HYD-03,DM-HYD,Depot Manager,2026-07-03 10:31,,2026-07-27
PO/HBL/26-27/00230,2026-07-01 16:11,V0336,HBL,1440,274.06,394646.40,PUR-HBL-02,FC-01,Finance Controller,2026-07-03 10:11,,2026-07-20
PO/VJA/26-27/00469,2026-07-01 16:34,V0212,VJA,32,1545.66,49461.12,PUR-VJA-03,DM-VJA,Depot Manager,2026-07-06 10:03,,2026-07-20
PO/VSP/26-27/00336,2026-07-02 10:20,V0400,VSP,792,33.78,26753.76,PUR-VSP-01,DM-VSP,Depot Manager,2026-07-03 11:00,,2026-07-17
PO/HYD/26-27/00953,2026-07-04 09:58,V0310,HYD,1537,161.39,248056.43,PUR-HYD-02,FC-01,Finance Controller,2026-07-10 10:41,,2026-07-17
